project	n_samples	n_experiments	n_runs	runs_per_sample_max	strict_1to1	n_assay_triples	distinct_wells	well_coverage	looks_plate	plate_format	plates_est	assay_triples	found_by
PRJNA1234645	11805	11805	11805	1	True	3	0	0.0	False			Hi-C|GENOMIC|size fractionation;RNA-Seq|TRANSCRIPTOMIC SINGLE CELL|size fractionation;RNA-Seq|TRANSCRIPTOMIC|size fractionation	bulk RNA-seq
PRJNA486542	7584	7584	7584	1	True	1	96	1.0	True	96	79.0	RNA-Seq|TRANSCRIPTOMIC|cDNA	bulk RNA-seq
PRJNA637317	6003	6003	6003	1	True	1	0	0.0	False			RNA-Seq|TRANSCRIPTOMIC|cDNA	bulk RNA-seq
PRJEB39472	4608	4608	4608	1	True	1	0	0.0	False			RNA-Seq|TRANSCRIPTOMIC SINGLE CELL|PolyA	single nucleus RNA-seq
PRJNA862252	4514	4514	4514	1	True	1	9	0.523	False		501.56	RNA-Seq|TRANSCRIPTOMIC|cDNA	single nucleus RNA-seq
PRJNA755316	4343	4343	4343	1	True	1	1	1.0	False		4343.0	RNA-Seq|TRANSCRIPTOMIC|cDNA	single nucleus RNA-seq
PRJNA545730	3986	3986	3986	1	True	1	96	0.972	True	96	41.52	RNA-Seq|TRANSCRIPTOMIC|cDNA	Drop-seq;sci-RNA-seq
PRJEB24615	3934	3934	3934	1	True	2	0	0.0	False			MNase-Seq|GENOMIC|MNase;RNA-Seq|TRANSCRIPTOMIC|RANDOM PCR	bulk RNA-seq
PRJNA646410	2661	2661	3819	8	False	1	6	0.675	False		443.5	RNA-Seq|TRANSCRIPTOMIC|cDNA	bulk RNA-seq
PRJEB105229	2608	2608	2608	1	True	1	0	0.0	False			RNA-Seq|TRANSCRIPTOMIC|cDNA	Drop-seq
PRJEB22075	2553	2553	2553	1	True	1	0	0.0	False			RNA-Seq|TRANSCRIPTOMIC SINGLE CELL|other	bulk RNA-seq
PRJNA830897	2500	2500	2500	1	True	3	0	0.0	False			ATAC-seq|GENOMIC|other;OTHER|TRANSCRIPTOMIC|other;RNA-Seq|TRANSCRIPTOMIC SINGLE CELL|cDNA	sci-RNA-seq
PRJEB23303	2212	2212	2212	1	True	2	2	0.347	False		1106.0	ATAC-seq|GENOMIC|other;RNA-Seq|TRANSCRIPTOMIC|Oligo-dT	bulk RNA-seq
PRJNA683884	2207	2207	2207	1	True	1	381	1.0	True	384	5.79	RNA-Seq|TRANSCRIPTOMIC|cDNA	single nucleus RNA-seq
PRJNA656719	2200	2200	2200	1	True	2	5	0.261	False		440.0	OTHER|TRANSCRIPTOMIC|other;RNA-Seq|TRANSCRIPTOMIC|cDNA	bulk RNA-seq
PRJEB22073	2130	2130	2130	1	True	1	0	0.0	False			RNA-Seq|TRANSCRIPTOMIC SINGLE CELL|other	bulk RNA-seq
PRJNA785988	1908	1908	1908	1	True	1	0	0.0	False			RNA-Seq|TRANSCRIPTOMIC|cDNA	sci-RNA-seq
PRJNA305280	1810	1810	1810	1	True	1	2	0.91	False		905.0	RNA-Seq|TRANSCRIPTOMIC|cDNA	bulk RNA-seq
PRJNA750145	1681	1681	1681	1	True	1	0	0.0	False			RNA-Seq|TRANSCRIPTOMIC|cDNA	bulk RNA-seq
PRJNA660263	1664	1664	1664	1	True	1	21	1.0	False		79.24	RNA-Seq|TRANSCRIPTOMIC|cDNA	single nucleus RNA-seq
PRJNA705753	1594	1594	1594	1	True	1	96	0.843	True	96	16.6	RNA-Seq|TRANSCRIPTOMIC|cDNA	bulk RNA-seq
PRJNA1198671	1556	1556	1556	1	True	1	0	0.0	False			RNA-Seq|TRANSCRIPTOMIC|Oligo-dT	bulk RNA-seq
PRJNA891054	1392	1392	1392	1	True	1	0	0.0	False			RNA-Seq|TRANSCRIPTOMIC|cDNA	bulk RNA-seq
PRJNA720137	1293	1293	1293	1	True	1	5	0.958	False		258.6	RNA-Seq|TRANSCRIPTOMIC|cDNA	10x Genomics Chromium
PRJEB22024	1180	1180	1180	1	True	1	96	1.0	True	96	12.29	RNA-Seq|TRANSCRIPTOMIC SINGLE CELL|PolyA	bulk RNA-seq
PRJNA1208984	1168	1168	1168	1	True	1	2	0.74	False		584.0	RNA-Seq|TRANSCRIPTOMIC|cDNA	bulk RNA-seq
PRJNA474503	1163	1163	1163	1	True	1	0	0.0	False			RNA-Seq|TRANSCRIPTOMIC|cDNA	10x Genomics Chromium;bulk RNA-seq
PRJNA734943	1117	1117	1117	1	True	1	2	0.891	False		558.5	RNA-Seq|TRANSCRIPTOMIC|cDNA	single nucleus RNA-seq
PRJNA420939	1029	1029	1712	2	False	1	96	0.996	True	96	10.72	RNA-Seq|TRANSCRIPTOMIC|cDNA	bulk RNA-seq
PRJNA704410	969	969	969	1	True	1	369	1.0	True	384	2.63	RNA-Seq|TRANSCRIPTOMIC|cDNA	bulk RNA-seq
PRJNA727100	949	949	949	1	True	1	0	0.0	False			RNA-Seq|TRANSCRIPTOMIC|cDNA	single nucleus RNA-seq;bulk RNA-seq
PRJNA339169	924	924	924	1	True	1	7	0.81	False		132.0	RNA-Seq|TRANSCRIPTOMIC|cDNA	single nucleus RNA-seq
PRJNA385870	912	912	912	1	True	1	0	0.0	False			RNA-Seq|TRANSCRIPTOMIC|cDNA	single nucleus RNA-seq
PRJNA1000743	893	893	893	1	True	1	0	0.0	False			RNA-Seq|TRANSCRIPTOMIC|cDNA	bulk RNA-seq
PRJNA486209	882	882	882	1	True	1	9	0.994	False		98.0	RNA-Seq|TRANSCRIPTOMIC|cDNA	10x Genomics Chromium
PRJNA156877	866	866	866	1	True	1	0	0.0	False			RNA-Seq|TRANSCRIPTOMIC|other	polyA selected RNA-seq
PRJNA156879	866	866	866	1	True	1	0	0.0	False			RNA-Seq|TRANSCRIPTOMIC|other	polyA selected RNA-seq
PRJNA1151000	857	857	2531	4	False	1	0	0.0	False			RNA-Seq|TRANSCRIPTOMIC SINGLE CELL|cDNA	bulk RNA-seq
PRJNA420368	840	840	1053	3	False	2	0	0.0	False			OTHER|TRANSCRIPTOMIC|other;RNA-Seq|TRANSCRIPTOMIC|cDNA	bulk RNA-seq
PRJNA1183317	787	787	789	2	False	3	0	0.0	False			OTHER|TRANSCRIPTOMIC|other;RNA-Seq|TRANSCRIPTOMIC SINGLE CELL|cDNA;RNA-Seq|TRANSCRIPTOMIC|cDNA	bulk RNA-seq
PRJNA284255	786	786	804	2	False	1	0	0.0	False			RNA-Seq|TRANSCRIPTOMIC|cDNA	bulk RNA-seq
PRJNA683801	784	784	1072	4	False	1	103	1.0	True	384	7.61	OTHER|TRANSCRIPTOMIC|other	single nucleus RNA-seq
PRJNA772275	760	760	760	1	True	1	0	0.0	False			RNA-Seq|TRANSCRIPTOMIC|cDNA	single nucleus RNA-seq
PRJNA390180	730	730	730	1	True	1	95	0.97	True	96	7.68	RNA-Seq|TRANSCRIPTOMIC|cDNA	bulk RNA-seq
PRJNA818705	606	606	1209	2	False	1	96	1.0	True	96	6.31	OTHER|TRANSCRIPTOMIC|other	single nucleus RNA-seq
PRJNA305381	583	583	743	2	False	1	95	0.386	False		6.14	RNA-Seq|TRANSCRIPTOMIC|cDNA	Drop-seq
PRJNA1211053	542	542	567	2	False	1	48	0.18	False		11.29	RNA-Seq|TRANSCRIPTOMIC|cDNA	bulk RNA-seq
PRJNA1314122	529	529	529	1	True	1	8	0.045	False		66.12	RNA-Seq|TRANSCRIPTOMIC|cDNA	bulk RNA-seq
PRJNA904305	508	508	508	1	True	1	0	0.0	False			RNA-Seq|TRANSCRIPTOMIC|cDNA	bulk RNA-seq
PRJNA1135223	479	479	479	1	True	1	0	0.0	False			RNA-Seq|TRANSCRIPTOMIC|cDNA	bulk RNA-seq
PRJNA783609	472	472	472	1	True	4	4	0.144	False		118.0	ATAC-seq|GENOMIC|other;ChIP-Seq|GENOMIC|ChIP;OTHER|GENOMIC|other;RNA-Seq|TRANSCRIPTOMIC|cDNA	bulk RNA-seq
PRJNA772276	465	465	465	1	True	1	2	1.0	False		232.5	RNA-Seq|TRANSCRIPTOMIC|cDNA	single nucleus RNA-seq
PRJNA975850	449	449	898	2	False	2	0	0.0	False			RNA-Seq|OTHER|cDNA;RNA-Seq|TRANSCRIPTOMIC|cDNA	bulk RNA-seq
PRJNA417291	446	446	446	1	True	1	0	0.0	False			RNA-Seq|TRANSCRIPTOMIC|cDNA	Drop-seq
PRJNA704434	441	441	441	1	True	3	0	0.0	False			ATAC-seq|GENOMIC|other;OTHER|GENOMIC|other;RNA-Seq|TRANSCRIPTOMIC|cDNA	bulk RNA-seq
PRJNA527986	422	422	422	1	True	1	0	0.0	False			RNA-Seq|TRANSCRIPTOMIC|cDNA	polyA selected RNA-seq
PRJNA1015634	419	419	419	1	True	1	0	0.0	False			RNA-Seq|TRANSCRIPTOMIC|PCR	bulk RNA-seq
PRJNA1237226	414	414	414	1	True	1	0	0.0	False			RNA-Seq|TRANSCRIPTOMIC|cDNA	bulk RNA-seq
PRJNA1106086	409	409	409	1	True	1	0	0.0	False			RNA-Seq|TRANSCRIPTOMIC|Inverse rRNA	bulk RNA-seq
PRJNA1106087	409	409	409	1	True	1	0	0.0	False			RNA-Seq|TRANSCRIPTOMIC|Inverse rRNA	bulk RNA-seq
PRJNA884847	401	401	401	1	True	1	0	0.0	False			RNA-Seq|TRANSCRIPTOMIC SINGLE CELL|cDNA	single nucleus RNA-seq
PRJNA330734	398	759	759	25	False	4	9	0.017	False		44.22	AMPLICON|GENOMIC|PCR;RNA-Seq|TRANSCRIPTOMIC|Oligo-dT;RNA-Seq|TRANSCRIPTOMIC|PolyA;RNA-Seq|TRANSCRIPTOMIC|RT-PCR	TruSeq Stranded mRNA
PRJNA600755	397	397	397	1	True	1	96	0.798	True	96	4.14	RNA-Seq|TRANSCRIPTOMIC|cDNA	single nucleus RNA-seq
PRJNA689882	393	421	421	8	False	3	0	0.0	False			ATAC-seq|OTHER|other;RNA-Seq|TRANSCRIPTOMIC|cDNA;WXS|GENOMIC|Hybrid Selection	bulk RNA-seq
PRJNA689883	393	421	421	8	False	3	0	0.0	False			ATAC-seq|OTHER|other;RNA-Seq|TRANSCRIPTOMIC|cDNA;WXS|GENOMIC|Hybrid Selection	bulk RNA-seq
PRJNA437966	387	387	387	1	True	1	0	0.0	False			RNA-Seq|TRANSCRIPTOMIC|cDNA	bulk RNA-seq
PRJNA1001016	384	384	384	1	True	1	0	0.0	False			RNA-Seq|TRANSCRIPTOMIC|cDNA	bulk RNA-seq
PRJNA980895	379	379	379	1	True	1	0	0.0	False			RNA-Seq|TRANSCRIPTOMIC|cDNA	bulk RNA-seq
PRJNA811136	361	361	361	1	True	1	11	0.994	False		32.82	RNA-Seq|TRANSCRIPTOMIC|cDNA	bulk RNA-seq
PRJNA558793	360	494	494	6	False	6	0	0.0	False			OTHER|GENOMIC|RANDOM;OTHER|TRANSCRIPTOMIC|PCR;RNA-Seq|TRANSCRIPTOMIC|PCR;RNA-Seq|TRANSCRIPTOMIC|PolyA;RNA-Seq|TRANSCRIPTOMIC|RANDOM;WGS|GENOMIC|RANDOM	TruSeq Stranded mRNA
PRJNA1304012	344	344	344	1	True	2	0	0.0	False			RNA-Seq|TRANSCRIPTOMIC|PolyA;WGS|TRANSCRIPTOMIC|PolyA	bulk RNA-seq
PRJNA415945	338	338	338	1	True	1	0	0.0	False			RNA-Seq|TRANSCRIPTOMIC|cDNA	bulk RNA-seq
PRJNA701476	334	334	334	1	True	1	0	0.0	False			RNA-Seq|TRANSCRIPTOMIC|cDNA	bulk RNA-seq
PRJNA776254	334	334	334	1	True	1	0	0.0	False			RNA-Seq|TRANSCRIPTOMIC|cDNA	sci-RNA-seq
PRJNA338827	331	1180	1754	23	False	7	2	0.489	False		165.5	ATAC-seq|GENOMIC|PolyA;ATAC-seq|GENOMIC|RANDOM;Bisulfite-Seq|GENOMIC|unspecified;RNA-Seq|TRANSCRIPTOMIC|PolyA;RNA-Seq|TRANSCRIPTOMIC|cDNA;WGS|GENOMIC|unspecified	bulk RNA-seq
PRJNA396086	331	1180	1754	23	False	7	2	0.489	False		165.5	ATAC-seq|GENOMIC|PolyA;ATAC-seq|GENOMIC|RANDOM;Bisulfite-Seq|GENOMIC|unspecified;RNA-Seq|TRANSCRIPTOMIC|PolyA;RNA-Seq|TRANSCRIPTOMIC|cDNA;WGS|GENOMIC|unspecified	bulk RNA-seq
PRJNA1143901	320	320	320	1	True	1	3	0.188	False		106.67	RNA-Seq|TRANSCRIPTOMIC|cDNA	bulk RNA-seq
PRJNA707487	320	320	320	1	True	1	0	0.0	False			WGS|METAGENOMIC|RANDOM	10x Genomics Chromium
PRJNA483799	317	317	329	4	False	1	95	0.751	True	96	3.34	RNA-Seq|TRANSCRIPTOMIC|cDNA	bulk RNA-seq
PRJNA600756	317	317	317	1	True	1	96	1.0	True	96	3.3	RNA-Seq|TRANSCRIPTOMIC|cDNA	single nucleus RNA-seq
PRJNA836753	312	312	312	1	True	1	16	0.974	False		19.5	RNA-Seq|TRANSCRIPTOMIC|cDNA	TruSeq Stranded mRNA
PRJNA1298937	309	309	309	1	True	1	0	0.0	False			RNA-Seq|TRANSCRIPTOMIC|cDNA	bulk RNA-seq;polyA selected RNA-seq
PRJNA947905	305	305	305	1	True	1	1	0.216	False		305.0	RNA-Seq|TRANSCRIPTOMIC|cDNA	bulk RNA-seq
PRJNA923326	300	300	300	1	True	1	0	0.0	False			RNA-Seq|TRANSCRIPTOMIC|cDNA	bulk RNA-seq
PRJNA1026584	298	298	298	1	True	1	0	0.0	False			RNA-Seq|TRANSCRIPTOMIC|cDNA	bulk RNA-seq
PRJNA1225705	294	294	548	3	False	1	0	0.0	False			RNA-Seq|TRANSCRIPTOMIC|cDNA	bulk RNA-seq
PRJNA318366	291	291	291	1	True	1	96	0.99	True	96	3.03	RNA-Seq|TRANSCRIPTOMIC|cDNA	bulk RNA-seq
PRJNA788519	289	289	355	8	False	4	0	0.0	False			ATAC-seq|GENOMIC|other;ChIP-Seq|GENOMIC|ChIP;OTHER|GENOMIC|other;RNA-Seq|TRANSCRIPTOMIC|cDNA	bulk RNA-seq
PRJNA306557	288	288	288	1	True	1	0	0.0	False			RNA-Seq|TRANSCRIPTOMIC|cDNA	bulk RNA-seq
PRJNA641118	288	288	288	1	True	1	0	0.0	False			RNA-Seq|TRANSCRIPTOMIC|cDNA	bulk RNA-seq
PRJNA1059263	279	279	279	1	True	1	0	0.0	False			RNA-Seq|TRANSCRIPTOMIC|cDNA	bulk RNA-seq
PRJNA1305731	271	271	271	1	True	3	0	0.0	False			RNA-Seq|TRANSCRIPTOMIC SINGLE CELL|cDNA;RNA-Seq|TRANSCRIPTOMIC|Hybrid Selection;RNA-Seq|TRANSCRIPTOMIC|PolyA	bulk RNA-seq
PRJNA1415199	270	270	270	1	True	1	0	0.0	False			RNA-Seq|TRANSCRIPTOMIC|cDNA	bulk RNA-seq
PRJNA1424874	269	269	269	1	True	1	0	0.0	False			RNA-Seq|TRANSCRIPTOMIC|cDNA	bulk RNA-seq
PRJNA1237219	259	259	259	1	True	1	0	0.0	False			RNA-Seq|TRANSCRIPTOMIC|cDNA	bulk RNA-seq
PRJNA317461	254	254	254	1	True	1	0	0.0	False			RNA-Seq|TRANSCRIPTOMIC|cDNA	single nucleus RNA-seq
PRJNA957769	254	254	254	1	True	3	0	0.0	False			OTHER|OTHER|RANDOM PCR;RNA-Seq|TRANSCRIPTOMIC|Oligo-dT;WGS|OTHER|RANDOM PCR	bulk RNA-seq
PRJNA393431	246	246	246	1	True	1	101	1.0	True	384	2.44	RNA-Seq|TRANSCRIPTOMIC|cDNA	inDrop
PRJNA955664	246	246	246	1	True	1	0	0.0	False			RNA-Seq|TRANSCRIPTOMIC|cDNA	bulk RNA-seq
PRJNA1183904	243	243	254	4	False	1	0	0.0	False			RNA-Seq|TRANSCRIPTOMIC|cDNA	bulk RNA-seq
PRJNA290888	242	242	242	1	True	1	82	0.934	True	96	2.95	ncRNA-Seq|TRANSCRIPTOMIC|size fractionation	bulk RNA-seq
PRJNA616382	242	242	242	1	True	1	94	1.0	True	96	2.57	RNA-Seq|TRANSCRIPTOMIC|cDNA	bulk RNA-seq
PRJNA680293	241	241	2118	15	False	1	2	0.001	False		120.5	RNA-Seq|TRANSCRIPTOMIC|cDNA	10x Genomics Chromium
PRJEB22698	240	240	240	1	True	1	0	0.0	False			RNA-Seq|TRANSCRIPTOMIC SINGLE CELL|other	bulk RNA-seq
PRJNA719235	240	240	240	1	True	1	3	0.008	False		80.0	RNA-Seq|TRANSCRIPTOMIC|cDNA	bulk RNA-seq
PRJNA1124926	233	233	233	1	True	1	0	0.0	False			RNA-Seq|TRANSCRIPTOMIC|PolyA	bulk RNA-seq
PRJNA1429369	228	228	228	1	True	1	0	0.0	False			RNA-Seq|TRANSCRIPTOMIC|cDNA	bulk RNA-seq
PRJNA454345	224	415	415	20	False	9	0	0.0	False			ATAC-seq|GENOMIC|other;ChIP-Seq|GENOMIC|ChIP;RNA-Seq|TRANSCRIPTOMIC|Inverse rRNA;RNA-Seq|TRANSCRIPTOMIC|PolyA;RNA-Seq|TRANSCRIPTOMIC|cDNA_oligo_dT;RNA-Seq|TRANSCRIPTOMIC|other	bulk RNA-seq
PRJNA454346	224	415	415	20	False	9	0	0.0	False			ATAC-seq|GENOMIC|other;ChIP-Seq|GENOMIC|ChIP;RNA-Seq|TRANSCRIPTOMIC|Inverse rRNA;RNA-Seq|TRANSCRIPTOMIC|PolyA;RNA-Seq|TRANSCRIPTOMIC|cDNA_oligo_dT;RNA-Seq|TRANSCRIPTOMIC|other	bulk RNA-seq
PRJNA544778	221	324	324	36	False	8	8	0.244	False		27.62	Hi-C|GENOMIC|Restriction Digest;RNA-Seq|TRANSCRIPTOMIC SINGLE CELL|RANDOM PCR;RNA-Seq|TRANSCRIPTOMIC SINGLE CELL|size fractionation;RNA-Seq|TRANSCRIPTOMIC|RANDOM PCR;RNA-Seq|TRANSCRIPTOMIC|size fractionation;WGS|GENOMIC|RANDOM PCR	BD Rhapsody
PRJNA1237082	216	216	216	1	True	1	0	0.0	False			RNA-Seq|TRANSCRIPTOMIC|cDNA	bulk RNA-seq
PRJNA1468715	214	214	214	1	True	1	0	0.0	False			RNA-Seq|TRANSCRIPTOMIC|cDNA	bulk RNA-seq
PRJEB49000	210	210	210	1	True	1	0	0.0	False			RNA-Seq|TRANSCRIPTOMIC|Oligo-dT	bulk RNA-seq
PRJNA285793	208	208	208	1	True	2	0	0.0	False			OTHER|GENOMIC|other;RNA-Seq|TRANSCRIPTOMIC|cDNA	bulk RNA-seq
PRJNA952691	205	205	205	1	True	1	1	0.02	False		205.0	RNA-Seq|TRANSCRIPTOMIC|cDNA	bulk RNA-seq
PRJNA1196432	204	418	418	6	False	1	9	0.986	False		22.67	RNA-Seq|TRANSCRIPTOMIC|PolyA	single nucleus RNA-seq
PRJNA800072	204	204	205	2	False	1	0	0.0	False			RNA-Seq|TRANSCRIPTOMIC|cDNA	bulk RNA-seq
PRJNA821727	203	203	203	1	True	1	0	0.0	False			RNA-Seq|TRANSCRIPTOMIC|cDNA	TruSeq Stranded mRNA
PRJNA753082	202	202	202	1	True	1	20	0.886	False		10.1	RNA-Seq|TRANSCRIPTOMIC|cDNA	bulk RNA-seq
PRJNA1445297	200	200	200	1	True	1	0	0.0	False			RNA-Seq|TRANSCRIPTOMIC|cDNA	bulk RNA-seq
PRJEB27250	197	197	197	1	True	1	0	0.0	False			RNA-Seq|TRANSCRIPTOMIC|RANDOM	bulk RNA-seq
PRJEB106134	194	194	194	1	True	2	47	0.284	False		4.13	AMPLICON|TRANSCRIPTOMIC SINGLE CELL|PCR;AMPLICON|TRANSCRIPTOMIC|RACE	10x Genomics Chromium
PRJNA760795	194	194	194	1	True	4	8	0.227	False		24.25	MeDIP-Seq|GENOMIC|5-methylcytidine antibody;RNA-Seq|TRANSCRIPTOMIC SINGLE CELL|cDNA;RNA-Seq|TRANSCRIPTOMIC|cDNA;miRNA-Seq|TRANSCRIPTOMIC|cDNA	bulk RNA-seq
PRJNA1367552	193	193	772	4	False	1	0	0.0	False			RNA-Seq|TRANSCRIPTOMIC|cDNA	bulk RNA-seq
PRJNA1139100	192	192	192	1	True	1	1	0.042	False		192.0	RNA-Seq|TRANSCRIPTOMIC|PolyA	bulk RNA-seq
PRJNA1370972	192	192	192	1	True	1	0	0.0	False			RNA-Seq|TRANSCRIPTOMIC|cDNA	bulk RNA-seq
PRJNA706199	192	192	192	1	True	1	0	0.0	False			RNA-Seq|TRANSCRIPTOMIC|cDNA	bulk RNA-seq
PRJNA1027331	191	191	191	1	True	1	1	0.314	False		191.0	RNA-Seq|TRANSCRIPTOMIC|cDNA	bulk RNA-seq
PRJNA1237611	190	190	190	1	True	1	0	0.0	False			RNA-Seq|TRANSCRIPTOMIC|cDNA	bulk RNA-seq
PRJNA338797	190	190	190	1	True	1	0	0.0	False			RNA-Seq|TRANSCRIPTOMIC|cDNA	bulk RNA-seq
PRJEB68188	189	189	189	1	True	1	0	0.0	False			RNA-Seq|TRANSCRIPTOMIC|Oligo-dT	Drop-seq
PRJNA1322299	189	189	189	1	True	1	0	0.0	False			RNA-Seq|TRANSCRIPTOMIC|cDNA	bulk RNA-seq
PRJNA1092365	187	187	187	1	True	3	18	0.096	False		10.39	AMPLICON|METAGENOMIC|PCR;RNA-Seq|TRANSCRIPTOMIC|cDNA;WGS|METAGENOMIC|PCR	bulk RNA-seq
PRJNA723325	187	187	187	1	True	1	10	0.567	False		18.7	RNA-Seq|TRANSCRIPTOMIC|cDNA	TruSeq Stranded mRNA
PRJNA975472	185	185	185	1	True	2	0	0.0	False			OTHER|TRANSCRIPTOMIC|other;RNA-Seq|TRANSCRIPTOMIC SINGLE CELL|cDNA	single nucleus RNA-seq
PRJNA718494	184	184	184	1	True	6	10	0.505	False		18.4	ATAC-seq|GENOMIC|other;Bisulfite-Seq|GENOMIC|Reduced Representation;ChIP-Seq|GENOMIC|ChIP;OTHER|GENOMIC|other;RNA-Seq|TRANSCRIPTOMIC SINGLE CELL|cDNA;RNA-Seq|TRANSCRIPTOMIC|cDNA	bulk RNA-seq
PRJNA936831	182	182	252	3	False	1	0	0.0	False			RNA-Seq|TRANSCRIPTOMIC|cDNA	bulk RNA-seq
PRJNA1134707	181	181	181	1	True	1	0	0.0	False			RNA-Seq|TRANSCRIPTOMIC|cDNA	bulk RNA-seq
PRJNA1186815	181	181	181	1	True	2	0	0.0	False			Bisulfite-Seq|GENOMIC|Reduced Representation;RNA-Seq|TRANSCRIPTOMIC|cDNA	bulk RNA-seq
PRJNA1106443	180	180	180	1	True	1	0	0.0	False			RNA-Seq|TRANSCRIPTOMIC|cDNA	bulk RNA-seq
PRJNA1277574	180	180	204	2	False	2	0	0.0	False			RNA-Seq|TRANSCRIPTOMIC SINGLE CELL|cDNA;RNA-Seq|TRANSCRIPTOMIC|cDNA	single nucleus RNA-seq;bulk RNA-seq
PRJNA692475	180	180	180	1	True	4	0	0.0	False			ATAC-seq|GENOMIC|other;ChIP-Seq|GENOMIC|ChIP;RNA-Seq|GENOMIC|cDNA;RNA-Seq|TRANSCRIPTOMIC|cDNA	bulk RNA-seq
PRJNA1276067	178	178	178	1	True	1	4	1.0	False		44.5	RNA-Seq|TRANSCRIPTOMIC|cDNA	bulk RNA-seq
PRJNA1249091	176	176	176	1	True	1	0	0.0	False			RNA-Seq|TRANSCRIPTOMIC|cDNA	bulk RNA-seq
PRJNA1424955	176	176	176	1	True	1	0	0.0	False			RNA-Seq|TRANSCRIPTOMIC|cDNA	bulk RNA-seq
PRJNA1311349	175	175	175	1	True	1	2	0.543	False		87.5	RNA-Seq|TRANSCRIPTOMIC|cDNA	TruSeq Stranded mRNA
PRJEB82799	174	174	174	1	True	1	0	0.0	False			RNA-Seq|TRANSCRIPTOMIC|cDNA	bulk RNA-seq
PRJNA1166181	174	174	190	2	False	2	0	0.0	False			RNA-Seq|OTHER|cDNA;RNA-Seq|TRANSCRIPTOMIC|cDNA	bulk RNA-seq
PRJNA1214537	172	172	172	1	True	2	0	0.0	False			AMPLICON|METAGENOMIC|PCR;RNA-Seq|TRANSCRIPTOMIC|PolyA	bulk RNA-seq
PRJNA753892	172	176	176	2	False	2	0	0.0	False			Bisulfite-Seq|GENOMIC|Hybrid Selection;RNA-Seq|TRANSCRIPTOMIC|PolyA	bulk RNA-seq
PRJNA753893	172	176	176	2	False	2	0	0.0	False			Bisulfite-Seq|GENOMIC|Hybrid Selection;RNA-Seq|TRANSCRIPTOMIC|PolyA	bulk RNA-seq
PRJNA795807	171	171	171	1	True	1	0	0.0	False			RNA-Seq|TRANSCRIPTOMIC|cDNA	bulk RNA-seq
PRJNA802024	171	171	684	4	False	1	0	0.0	False			RNA-Seq|TRANSCRIPTOMIC|cDNA	bulk RNA-seq
PRJNA1226667	170	170	183	6	False	1	4	0.066	False		42.5	RNA-Seq|TRANSCRIPTOMIC|RANDOM	single nucleus RNA-seq
PRJNA1226668	170	170	183	6	False	1	4	0.066	False		42.5	RNA-Seq|TRANSCRIPTOMIC|RANDOM	single nucleus RNA-seq
PRJNA924765	170	170	170	1	True	1	0	0.0	False			RNA-Seq|TRANSCRIPTOMIC|cDNA	bulk RNA-seq
PRJEB27791	168	168	168	1	True	1	0	0.0	False			RNA-Seq|TRANSCRIPTOMIC|PolyA	bulk RNA-seq
PRJNA1158811	168	168	168	1	True	1	0	0.0	False			RNA-Seq|TRANSCRIPTOMIC|cDNA	bulk RNA-seq;TruSeq Stranded mRNA
PRJNA1414535	168	168	168	1	True	2	0	0.0	False			OTHER|OTHER|other;OTHER|TRANSCRIPTOMIC|other	10x Genomics Chromium
PRJEB87277	167	167	167	1	True	1	0	0.0	False			RNA-Seq|TRANSCRIPTOMIC|other	bulk RNA-seq
PRJNA1037470	167	167	167	1	True	1	0	0.0	False			RNA-Seq|TRANSCRIPTOMIC|cDNA	TruSeq Stranded mRNA
PRJNA1246632	167	167	668	4	False	1	0	0.0	False			RNA-Seq|TRANSCRIPTOMIC|cDNA	bulk RNA-seq
PRJNA1156550	165	646	646	4	False	4	0	0.0	False			ATAC-seq|GENOMIC|other;OTHER|OTHER|other;RNA-Seq|TRANSCRIPTOMIC SINGLE CELL|cDNA_oligo_dT;RNA-Seq|TRANSCRIPTOMIC|cDNA_oligo_dT	single nucleus RNA-seq
PRJDB12700	164	164	164	1	True	2	0	0.0	False			RNA-Seq|TRANSCRIPTOMIC|Oligo-dT;RNA-Seq|TRANSCRIPTOMIC|cDNA_oligo_dT	polyA selected RNA-seq
PRJNA1009445	164	164	164	1	True	1	0	0.0	False			RNA-Seq|TRANSCRIPTOMIC|unspecified	bulk RNA-seq
PRJNA517651	163	163	163	1	True	1	0	0.0	False			RNA-Seq|TRANSCRIPTOMIC|cDNA	bulk RNA-seq
PRJNA1077986	162	162	162	1	True	1	0	0.0	False			RNA-Seq|TRANSCRIPTOMIC|cDNA	bulk RNA-seq
PRJNA1178161	162	162	162	1	True	1	0	0.0	False			RNA-Seq|TRANSCRIPTOMIC|cDNA	bulk RNA-seq
PRJNA613594	162	162	162	1	True	1	6	0.099	False		27.0	RNA-Seq|TRANSCRIPTOMIC|cDNA	TruSeq Stranded mRNA
PRJNA663924	161	161	161	1	True	2	2	0.888	False		80.5	ATAC-seq|GENOMIC|other;RNA-Seq|TRANSCRIPTOMIC|cDNA	bulk RNA-seq
PRJNA1083420	160	160	160	1	True	1	0	0.0	False			RNA-Seq|TRANSCRIPTOMIC|cDNA	TruSeq Stranded mRNA
PRJNA551750	160	160	160	1	True	1	0	0.0	False			RNA-Seq|TRANSCRIPTOMIC|cDNA	single nucleus RNA-seq
PRJNA893631	160	160	480	3	False	1	0	0.0	False			RNA-Seq|TRANSCRIPTOMIC|cDNA	bulk RNA-seq
PRJNA727854	157	157	157	1	True	1	2	1.0	False		78.5	RNA-Seq|TRANSCRIPTOMIC|cDNA	bulk RNA-seq
PRJNA777796	155	155	155	1	True	3	4	0.2	False		38.75	OTHER|GENOMIC|other;RNA-Seq|TRANSCRIPTOMIC|cDNA;miRNA-Seq|TRANSCRIPTOMIC|size fractionation	bulk RNA-seq
PRJNA1322350	153	153	306	2	False	1	96	1.0	True	96	1.59	RNA-Seq|TRANSCRIPTOMIC|cDNA	bulk RNA-seq
PRJNA471501	152	152	152	1	True	1	0	0.0	False			RNA-Seq|TRANSCRIPTOMIC|cDNA	bulk RNA-seq
PRJNA492821	152	152	152	1	True	4	0	0.0	False			RNA-Seq|TRANSCRIPTOMIC|RANDOM;RNA-Seq|TRANSCRIPTOMIC|other;Targeted-Capture|TRANSCRIPTOMIC|padlock probes capture method;miRNA-Seq|TRANSCRIPTOMIC|other	bulk RNA-seq
PRJNA727597	152	152	152	1	True	1	1	0.013	False		152.0	RNA-Seq|TRANSCRIPTOMIC|cDNA	10x Genomics Chromium
PRJNA1262995	151	151	151	1	True	3	0	0.0	False			AMPLICON|METAGENOMIC|RANDOM;RNA-Seq|METATRANSCRIPTOMIC|RANDOM;RNA-Seq|TRANSCRIPTOMIC SINGLE CELL|RANDOM	single nucleus RNA-seq
PRJNA1451900	150	150	297	2	False	1	0	0.0	False			RNA-Seq|TRANSCRIPTOMIC|cDNA	bulk RNA-seq
PRJEB106614	149	149	149	1	True	1	0	0.0	False			RNA-Seq|TRANSCRIPTOMIC|PolyA	bulk RNA-seq
PRJNA1369610	148	148	148	1	True	1	0	0.0	False			RNA-Seq|TRANSCRIPTOMIC|cDNA	bulk RNA-seq
PRJNA732700	147	147	147	1	True	2	6	0.204	False		24.5	ATAC-seq|GENOMIC|other;RNA-Seq|TRANSCRIPTOMIC|cDNA	bulk RNA-seq
PRJNA558770	145	145	145	1	True	2	0	0.0	False			ATAC-seq|GENOMIC|other;RNA-Seq|TRANSCRIPTOMIC|cDNA	bulk RNA-seq
PRJEB45429	144	144	144	1	True	2	0	0.0	False			WGS|GENOMIC|other;WGS|GENOMIC|size fractionation	10x Genomics Chromium
PRJNA1086933	144	144	144	1	True	1	1	0.25	False		144.0	RNA-Seq|TRANSCRIPTOMIC|cDNA	bulk RNA-seq
PRJNA1174673	144	144	288	2	False	1	0	0.0	False			RNA-Seq|TRANSCRIPTOMIC|cDNA	bulk RNA-seq
PRJNA1313101	144	302	302	5	False	1	3	0.311	False		48.0	RNA-Seq|TRANSCRIPTOMIC|cDNA	10x Genomics Chromium
PRJNA644589	144	144	144	1	True	1	0	0.0	False			RNA-Seq|TRANSCRIPTOMIC|cDNA	bulk RNA-seq
PRJNA648159	144	144	216	3	False	1	0	0.0	False			RNA-Seq|TRANSCRIPTOMIC|cDNA	TruSeq Stranded mRNA
PRJNA754794	144	144	172	8	False	3	0	0.0	False			ATAC-seq|GENOMIC|other;OTHER|GENOMIC|other;RNA-Seq|TRANSCRIPTOMIC|cDNA	bulk RNA-seq
PRJNA1141568	143	143	143	1	True	1	0	0.0	False			RNA-Seq|TRANSCRIPTOMIC|cDNA	bulk RNA-seq
PRJNA1321547	143	143	143	1	True	2	0	0.0	False			RNA-Seq|TRANSCRIPTOMIC|Oligo-dT;RNA-Seq|TRANSCRIPTOMIC|cDNA_randomPriming	TruSeq Stranded mRNA
PRJNA1026636	141	141	285	4	False	1	2	0.477	False		70.5	RNA-Seq|TRANSCRIPTOMIC|cDNA	bulk RNA-seq
PRJNA1186176	140	140	140	1	True	1	0	0.0	False			RNA-Seq|TRANSCRIPTOMIC|cDNA	TruSeq Stranded mRNA
PRJNA533623	140	140	245	4	False	1	0	0.0	False			RNA-Seq|TRANSCRIPTOMIC|cDNA	bulk RNA-seq
PRJNA551747	140	140	140	1	True	1	0	0.0	False			RNA-Seq|TRANSCRIPTOMIC|cDNA	single nucleus RNA-seq
PRJNA1068549	139	139	139	1	True	1	24	0.173	False		5.79	AMPLICON|METAGENOMIC|PCR	bulk RNA-seq
PRJNA1123271	138	138	213	2	False	1	0	0.0	False			RNA-Seq|TRANSCRIPTOMIC|cDNA	TruSeq Stranded mRNA
PRJNA348767	138	138	138	1	True	1	1	0.109	False		138.0	RNA-Seq|TRANSCRIPTOMIC|cDNA	TruSeq Stranded mRNA
PRJNA1458781	137	137	137	1	True	1	0	0.0	False			RNA-Seq|TRANSCRIPTOMIC|cDNA	bulk RNA-seq
PRJNA1048371	136	136	136	1	True	1	1	0.059	False		136.0	RNA-Seq|TRANSCRIPTOMIC|cDNA	bulk RNA-seq
PRJNA485016	135	135	135	1	True	1	0	0.0	False			RNA-Seq|TRANSCRIPTOMIC|cDNA	bulk RNA-seq
PRJNA889038	135	135	257	8	False	5	5	0.327	False		27.0	ATAC-seq|GENOMIC|other;ChIP-Seq|GENOMIC|ChIP;Hi-C|GENOMIC|other;RNA-Seq|TRANSCRIPTOMIC SINGLE CELL|cDNA;RNA-Seq|TRANSCRIPTOMIC|cDNA	bulk RNA-seq
PRJNA438495	133	133	133	1	True	1	0	0.0	False			RNA-Seq|TRANSCRIPTOMIC|cDNA	bulk RNA-seq
PRJNA1235794	132	132	132	1	True	1	0	0.0	False			RNA-Seq|TRANSCRIPTOMIC|cDNA	bulk RNA-seq
PRJNA471883	132	132	132	1	True	2	2	0.023	False		66.0	ChIP-Seq|GENOMIC|ChIP;RNA-Seq|TRANSCRIPTOMIC|cDNA	bulk RNA-seq
PRJNA627454	132	132	132	1	True	1	2	0.061	False		66.0	RNA-Seq|TRANSCRIPTOMIC|cDNA	bulk RNA-seq
PRJNA1059145	130	130	130	1	True	1	0	0.0	False			RNA-Seq|TRANSCRIPTOMIC|cDNA	bulk RNA-seq
PRJNA961765	130	130	136	2	False	3	1	0.022	False		130.0	OTHER|OTHER|other;OTHER|TRANSCRIPTOMIC|other;RNA-Seq|TRANSCRIPTOMIC SINGLE CELL|cDNA	10x Genomics Chromium
PRJNA1171333	129	129	184	2	False	2	0	0.0	False			RNA-Seq|GENOMIC|cDNA;RNA-Seq|TRANSCRIPTOMIC|cDNA	bulk RNA-seq
PRJNA1213715	128	128	128	1	True	1	0	0.0	False			RNA-Seq|TRANSCRIPTOMIC|cDNA	bulk RNA-seq
PRJNA420091	128	128	136	2	False	2	0	0.0	False			ATAC-seq|GENOMIC|other;RNA-Seq|TRANSCRIPTOMIC|cDNA	10x Genomics Chromium;Drop-seq;bulk RNA-seq
PRJNA936435	128	128	128	1	True	1	0	0.0	False			RNA-Seq|TRANSCRIPTOMIC|cDNA	bulk RNA-seq
PRJNA1222436	127	127	127	1	True	2	2	1.0	False		63.5	RNA-Seq|TRANSCRIPTOMIC SINGLE CELL|cDNA;RNA-Seq|TRANSCRIPTOMIC|cDNA	bulk RNA-seq
PRJNA1282974	127	127	127	1	True	1	0	0.0	False			RNA-Seq|TRANSCRIPTOMIC|cDNA	bulk RNA-seq
PRJNA391709	127	127	127	1	True	1	0	0.0	False			RNA-Seq|TRANSCRIPTOMIC|cDNA	bulk RNA-seq
PRJNA830520	126	126	126	1	True	5	1	0.063	False		126.0	ATAC-seq|GENOMIC|other;ChIP-Seq|GENOMIC|ChIP;OTHER|GENOMIC|other;RNA-Seq|TRANSCRIPTOMIC SINGLE CELL|cDNA;RNA-Seq|TRANSCRIPTOMIC|cDNA	bulk RNA-seq
PRJNA1454893	125	125	504	8	False	1	0	0.0	False			RNA-Seq|TRANSCRIPTOMIC|cDNA	bulk RNA-seq
PRJNA430336	121	121	121	1	True	1	2	0.099	False		60.5	RNA-Seq|TRANSCRIPTOMIC|cDNA	bulk RNA-seq
PRJNA1095992	120	120	163	2	False	1	0	0.0	False			RNA-Seq|TRANSCRIPTOMIC|cDNA	bulk RNA-seq
PRJNA1152577	120	120	120	1	True	1	5	0.75	False		24.0	RNA-Seq|TRANSCRIPTOMIC|cDNA	bulk RNA-seq
PRJNA1465828	120	120	120	1	True	1	0	0.0	False			RNA-Seq|TRANSCRIPTOMIC|cDNA	bulk RNA-seq
PRJNA1481701	120	120	120	1	True	1	0	0.0	False			RNA-Seq|TRANSCRIPTOMIC|cDNA	bulk RNA-seq
PRJNA1186177	119	119	119	1	True	1	0	0.0	False			RNA-Seq|TRANSCRIPTOMIC|cDNA	TruSeq Stranded mRNA
PRJNA1221948	119	119	119	1	True	1	1	0.672	False		119.0	RNA-Seq|TRANSCRIPTOMIC|cDNA	bulk RNA-seq
PRJNA1314990	118	118	118	1	True	1	0	0.0	False			RNA-Seq|TRANSCRIPTOMIC SINGLE CELL|cDNA	bulk RNA-seq
PRJNA324109	118	118	118	1	True	2	9	0.076	False		13.11	ChIP-Seq|GENOMIC|ChIP;RNA-Seq|TRANSCRIPTOMIC|cDNA	bulk RNA-seq
PRJNA529717	118	118	118	1	True	2	4	0.034	False		29.5	ATAC-seq|GENOMIC|other;RNA-Seq|TRANSCRIPTOMIC|cDNA	bulk RNA-seq
PRJNA666920	118	118	119	2	False	4	0	0.0	False			ChIP-Seq|GENOMIC|ChIP;Hi-C|GENOMIC|other;OTHER|GENOMIC|other;RNA-Seq|TRANSCRIPTOMIC|cDNA	10x Genomics Chromium
PRJNA729654	118	118	118	1	True	1	16	0.653	False		7.38	RNA-Seq|TRANSCRIPTOMIC|cDNA	bulk RNA-seq
PRJEB105330	116	116	116	1	True	1	0	0.0	False			RNA-Seq|TRANSCRIPTOMIC|cDNA	Drop-seq
PRJEB91046	116	116	116	1	True	1	0	0.0	False			RNA-Seq|TRANSCRIPTOMIC|PolyA	bulk RNA-seq
PRJNA1467709	116	116	171	3	False	1	0	0.0	False			RNA-Seq|TRANSCRIPTOMIC|cDNA	bulk RNA-seq
PRJNA717271	116	116	116	1	True	2	2	0.448	False		58.0	ChIP-Seq|GENOMIC|ChIP;RNA-Seq|TRANSCRIPTOMIC|cDNA	bulk RNA-seq
PRJNA702999	115	115	115	1	True	1	0	0.0	False			RNA-Seq|TRANSCRIPTOMIC|cDNA	bulk RNA-seq
PRJNA926141	115	115	115	1	True	1	0	0.0	False			RNA-Seq|TRANSCRIPTOMIC|Oligo-dT	bulk RNA-seq
PRJNA948350	115	115	115	1	True	1	0	0.0	False			RNA-Seq|TRANSCRIPTOMIC|cDNA	bulk RNA-seq
PRJNA1046130	114	114	114	1	True	4	0	0.0	False			ATAC-seq|GENOMIC SINGLE CELL|other;ChIP-Seq|GENOMIC|ChIP;RNA-Seq|TRANSCRIPTOMIC SINGLE CELL|cDNA;RNA-Seq|TRANSCRIPTOMIC|cDNA	bulk RNA-seq
PRJNA1209517	114	114	114	1	True	2	1	0.026	False		114.0	ATAC-seq|GENOMIC|PCR;RNA-Seq|TRANSCRIPTOMIC|RT-PCR	bulk RNA-seq
PRJNA907951	114	114	228	2	False	1	20	1.0	False		5.7	RNA-Seq|TRANSCRIPTOMIC|cDNA	bulk RNA-seq
PRJNA909411	114	114	150	2	False	1	0	0.0	False			RNA-Seq|TRANSCRIPTOMIC|cDNA	bulk RNA-seq
PRJNA1086804	113	113	113	1	True	2	0	0.0	False			RNA-Seq|TRANSCRIPTOMIC|Inverse rRNA;RNA-Seq|TRANSCRIPTOMIC|PolyA	bulk RNA-seq
PRJNA1209081	113	113	113	1	True	1	0	0.0	False			RNA-Seq|TRANSCRIPTOMIC|cDNA	bulk RNA-seq
PRJNA764264	113	113	113	1	True	2	0	0.0	False			AMPLICON|GENOMIC|PCR;RNA-Seq|TRANSCRIPTOMIC|RANDOM	TruSeq Stranded mRNA
PRJNA797427	112	112	112	1	True	2	1	0.089	False		112.0	OTHER|GENOMIC|other;RNA-Seq|TRANSCRIPTOMIC|cDNA	bulk RNA-seq
PRJNA834810	112	112	133	2	False	2	0	0.0	False			RNA-Seq|TRANSCRIPTOMIC SINGLE CELL|cDNA;RNA-Seq|TRANSCRIPTOMIC|cDNA	bulk RNA-seq
PRJNA637106	111	111	444	68	False	1	2	0.005	False		55.5	RNA-Seq|TRANSCRIPTOMIC|cDNA	Drop-seq
PRJNA732203	111	111	111	1	True	1	0	0.0	False			RNA-Seq|TRANSCRIPTOMIC|cDNA	bulk RNA-seq
PRJNA1171838	110	110	110	1	True	1	0	0.0	False			RNA-Seq|TRANSCRIPTOMIC|cDNA	bulk RNA-seq
PRJNA1365042	110	110	110	1	True	1	0	0.0	False			RNA-Seq|TRANSCRIPTOMIC|cDNA	bulk RNA-seq
PRJNA720538	110	110	124	3	False	1	0	0.0	False			RNA-Seq|TRANSCRIPTOMIC|cDNA	bulk RNA-seq
PRJNA864788	110	110	110	1	True	1	4	1.0	False		27.5	RNA-Seq|TRANSCRIPTOMIC|cDNA	bulk RNA-seq
PRJNA905668	110	110	110	1	True	1	0	0.0	False			RNA-Seq|TRANSCRIPTOMIC|cDNA	bulk RNA-seq
PRJNA1367083	109	109	109	1	True	1	0	0.0	False			RNA-Seq|TRANSCRIPTOMIC|cDNA	bulk RNA-seq
PRJDB20004	108	108	108	1	True	1	0	0.0	False			RNA-Seq|TRANSCRIPTOMIC|cDNA	bulk RNA-seq
PRJEB38995	108	108	108	1	True	1	0	0.0	False			RNA-Seq|TRANSCRIPTOMIC|PolyA	bulk RNA-seq
PRJNA1067732	108	108	108	1	True	1	0	0.0	False			RNA-Seq|TRANSCRIPTOMIC|cDNA	bulk RNA-seq
PRJNA1393143	108	108	108	1	True	1	0	0.0	False			RNA-Seq|TRANSCRIPTOMIC|cDNA	bulk RNA-seq
PRJNA1462736	108	108	108	1	True	1	0	0.0	False			RNA-Seq|TRANSCRIPTOMIC|cDNA	bulk RNA-seq
PRJNA362835	108	330	330	5	False	2	0	0.0	False			RNA-Seq|TRANSCRIPTOMIC|Hybrid Selection;RNA-Seq|TRANSCRIPTOMIC|cDNA	TruSeq Stranded mRNA
PRJNA596197	108	108	108	1	True	1	0	0.0	False			RNA-Seq|TRANSCRIPTOMIC|cDNA	bulk RNA-seq
PRJNA602627	108	108	108	1	True	1	5	0.667	False		21.6	RNA-Seq|TRANSCRIPTOMIC|cDNA	bulk RNA-seq
PRJNA679931	108	108	108	1	True	2	0	0.0	False			RNA-Seq|TRANSCRIPTOMIC|unspecified;miRNA-Seq|TRANSCRIPTOMIC|unspecified	bulk RNA-seq
PRJNA811225	108	108	128	5	False	1	0	0.0	False			RNA-Seq|TRANSCRIPTOMIC|cDNA	bulk RNA-seq
PRJNA794169	106	106	106	1	True	1	0	0.0	False			ChIP-Seq|GENOMIC|ChIP	bulk RNA-seq
PRJDB38512	105	105	105	1	True	1	0	0.0	False			RNA-Seq|TRANSCRIPTOMIC|PCR	TruSeq Stranded mRNA
PRJNA1035097	105	105	105	1	True	1	0	0.0	False			RNA-Seq|TRANSCRIPTOMIC|cDNA	bulk RNA-seq
PRJNA208729	105	105	473	8	False	1	0	0.0	False			RNA-Seq|TRANSCRIPTOMIC|cDNA	polyA selected RNA-seq
PRJNA576211	105	105	105	1	True	2	75	0.714	True	96	1.4	RNA-Seq|TRANSCRIPTOMIC SINGLE CELL|RANDOM;RNA-Seq|TRANSCRIPTOMIC|RANDOM	bulk RNA-seq
PRJNA928406	105	105	182	3	False	1	0	0.0	False			RNA-Seq|TRANSCRIPTOMIC|cDNA	bulk RNA-seq
PRJEB67312	104	104	104	1	True	1	0	0.0	False			RNA-Seq|TRANSCRIPTOMIC|Oligo-dT	bulk RNA-seq
PRJNA1020573	104	104	104	1	True	1	12	0.298	False		8.67	RNA-Seq|TRANSCRIPTOMIC|cDNA	bulk RNA-seq
PRJNA1271739	104	12457	12457	1017	False	1	7	1.0	False		14.86	RNA-Seq|TRANSCRIPTOMIC SINGLE CELL|RT-PCR	10x Genomics Chromium
PRJNA376803	104	104	168	4	False	3	1	0.095	False		104.0	ChIP-Seq|GENOMIC|ChIP;OTHER|GENOMIC|other;RNA-Seq|TRANSCRIPTOMIC|cDNA	polyA selected RNA-seq
PRJNA478603	104	104	104	1	True	1	0	0.0	False			RNA-Seq|TRANSCRIPTOMIC|cDNA	Drop-seq
PRJNA664460	104	104	131	9	False	2	0	0.0	False			OTHER|GENOMIC|other;RNA-Seq|TRANSCRIPTOMIC|cDNA	bulk RNA-seq
PRJNA835893	103	103	104	2	False	2	0	0.0	False			RNA-Seq|TRANSCRIPTOMIC SINGLE CELL|cDNA;RNA-Seq|TRANSCRIPTOMIC|cDNA	single nucleus RNA-seq;bulk RNA-seq
PRJNA1406756	102	102	102	1	True	1	0	0.0	False			RNA-Seq|TRANSCRIPTOMIC|cDNA	bulk RNA-seq
PRJNA806162	102	102	102	1	True	1	0	0.0	False			RNA-Seq|TRANSCRIPTOMIC|cDNA	bulk RNA-seq
PRJNA1213040	101	101	101	1	True	1	37	0.366	False		2.73	RNA-Seq|TRANSCRIPTOMIC|cDNA	bulk RNA-seq
PRJNA1402893	101	101	101	1	True	1	2	0.198	False		50.5	RNA-Seq|TRANSCRIPTOMIC|cDNA	bulk RNA-seq
PRJNA817233	101	101	202	2	False	1	0	0.0	False			RNA-Seq|TRANSCRIPTOMIC|cDNA	bulk RNA-seq
PRJNA880258	101	101	101	1	True	1	0	0.0	False			RNA-Seq|TRANSCRIPTOMIC|cDNA	bulk RNA-seq
PRJNA1100970	100	100	100	1	True	1	0	0.0	False			RNA-Seq|TRANSCRIPTOMIC|cDNA	bulk RNA-seq
PRJNA1284943	100	100	100	1	True	3	0	0.0	False			OTHER|TRANSCRIPTOMIC|other;RIP-Seq|TRANSCRIPTOMIC|other;RNA-Seq|TRANSCRIPTOMIC|cDNA	bulk RNA-seq
PRJNA358686	100	100	100	1	True	2	0	0.0	False			OTHER|TRANSCRIPTOMIC|other;RNA-Seq|TRANSCRIPTOMIC|cDNA	Drop-seq
PRJNA1261015	99	99	99	1	True	1	0	0.0	False			RNA-Seq|TRANSCRIPTOMIC|cDNA	bulk RNA-seq
PRJNA1395132	99	99	99	1	True	1	0	0.0	False			RNA-Seq|TRANSCRIPTOMIC|cDNA	bulk RNA-seq
PRJNA1471173	98	98	98	1	True	7	0	0.0	False			ATAC-seq|GENOMIC|other;ChIP-Seq|GENOMIC|ChIP;OTHER|GENOMIC|other;OTHER|TRANSCRIPTOMIC|other;RNA-Seq|TRANSCRIPTOMIC SINGLE CELL|cDNA;RNA-Seq|TRANSCRIPTOMIC|RACE	bulk RNA-seq
PRJNA548496	97	127	127	16	False	1	0	0.0	False			WGA|GENOMIC|RANDOM	10x Genomics Chromium
PRJEB39130	96	96	96	1	True	1	0	0.0	False			RNA-Seq|TRANSCRIPTOMIC|RANDOM	TruSeq Stranded mRNA;polyA selected RNA-seq
PRJEB43412	96	96	288	3	False	1	0	0.0	False			RNA-Seq|TRANSCRIPTOMIC|Oligo-dT	bulk RNA-seq
PRJEB64504	96	96	96	1	True	1	0	0.0	False			RNA-Seq|TRANSCRIPTOMIC SINGLE CELL|PolyA	10x Genomics Chromium
PRJEB73633	96	96	96	1	True	1	0	0.0	False			RNA-Seq|TRANSCRIPTOMIC|RT-PCR	bulk RNA-seq
PRJNA1008736	96	96	96	1	True	1	0	0.0	False			RNA-Seq|TRANSCRIPTOMIC SINGLE CELL|cDNA	sci-RNA-seq
PRJNA1142902	96	96	192	2	False	1	0	0.0	False			OTHER|OTHER|other	TruSeq Stranded mRNA
PRJNA1279170	96	123	123	2	False	2	0	0.0	False			ATAC-seq|GENOMIC SINGLE CELL|other;RNA-Seq|TRANSCRIPTOMIC SINGLE CELL|PolyA	single nucleus RNA-seq
PRJNA1292870	96	96	96	1	True	1	0	0.0	False			RNA-Seq|TRANSCRIPTOMIC|cDNA	bulk RNA-seq
PRJNA1463352	96	96	96	1	True	1	0	0.0	False			RNA-Seq|TRANSCRIPTOMIC|cDNA	bulk RNA-seq
PRJNA1475359	96	96	96	1	True	1	96	1.0	True	96	1.0	RNA-Seq|TRANSCRIPTOMIC|cDNA	Drop-seq
PRJNA389727	96	96	96	1	True	1	96	1.0	True	96	1.0	RNA-Seq|TRANSCRIPTOMIC|cDNA	single nucleus RNA-seq
PRJNA445959	96	96	96	1	True	1	0	0.0	False			RNA-Seq|TRANSCRIPTOMIC|cDNA	polyA selected RNA-seq
PRJNA510577	96	96	96	1	True	1	0	0.0	False			RNA-Seq|TRANSCRIPTOMIC|cDNA	TruSeq Stranded mRNA
PRJNA813446	96	96	384	4	False	1	0	0.0	False			OTHER|TRANSCRIPTOMIC|other	bulk RNA-seq
PRJNA1219235	95	95	95	1	True	1	1	1.0	False		95.0	OTHER|TRANSCRIPTOMIC|other	sci-RNA-seq;bulk RNA-seq
PRJNA832794	95	95	95	1	True	1	1	0.242	False		95.0	RNA-Seq|TRANSCRIPTOMIC|cDNA	bulk RNA-seq
PRJNA974014	95	95	95	1	True	1	0	0.0	False			RNA-Seq|TRANSCRIPTOMIC|cDNA	bulk RNA-seq
PRJNA1013415	94	63568	63568	1414	False	2	67	0.671	True	384	1.4	WGS|GENOMIC|RANDOM PCR;WXS|GENOMIC|RANDOM PCR	single nucleus RNA-seq
PRJNA1057856	94	94	94	1	True	1	0	0.0	False			RNA-Seq|TRANSCRIPTOMIC|cDNA	bulk RNA-seq
PRJNA1496755	94	94	94	1	True	1	0	0.0	False			RNA-Seq|TRANSCRIPTOMIC|cDNA	bulk RNA-seq
PRJNA555083	94	94	123	4	False	2	0	0.0	False			ATAC-seq|GENOMIC|other;RNA-Seq|TRANSCRIPTOMIC|cDNA	10x Genomics Chromium;Drop-seq;bulk RNA-seq
PRJNA950375	94	94	94	1	True	4	0	0.0	False			OTHER|OTHER|other;RNA-Seq|OTHER|cDNA;RNA-Seq|TRANSCRIPTOMIC SINGLE CELL|cDNA;RNA-Seq|TRANSCRIPTOMIC|cDNA	BD Rhapsody;bulk RNA-seq
PRJNA1001501	93	93	93	1	True	1	0	0.0	False			RNA-Seq|TRANSCRIPTOMIC|cDNA	bulk RNA-seq
PRJNA703726	93	93	93	1	True	1	0	0.0	False			RNA-Seq|TRANSCRIPTOMIC|cDNA	bulk RNA-seq
PRJNA949615	93	93	93	1	True	1	0	0.0	False			RNA-Seq|TRANSCRIPTOMIC|cDNA	bulk RNA-seq
PRJEB76412	92	92	92	1	True	1	0	0.0	False			RNA-Seq|TRANSCRIPTOMIC|PolyA	bulk RNA-seq
PRJNA1073893	92	92	92	1	True	1	0	0.0	False			RNA-Seq|TRANSCRIPTOMIC|cDNA	polyA selected RNA-seq
PRJNA1143431	92	92	92	1	True	1	0	0.0	False			RNA-Seq|TRANSCRIPTOMIC|cDNA	bulk RNA-seq
PRJNA1227128	92	92	92	1	True	1	0	0.0	False			RNA-Seq|TRANSCRIPTOMIC|cDNA	bulk RNA-seq
PRJNA1307877	92	92	92	1	True	1	0	0.0	False			RNA-Seq|TRANSCRIPTOMIC|cDNA	bulk RNA-seq
PRJNA1011956	91	91	136	4	False	1	0	0.0	False			RNA-Seq|TRANSCRIPTOMIC|cDNA	bulk RNA-seq
PRJNA1082362	91	91	91	1	True	1	0	0.0	False			RNA-Seq|TRANSCRIPTOMIC|cDNA	bulk RNA-seq
PRJEB33938	90	90	90	1	True	1	0	0.0	False			RNA-Seq|TRANSCRIPTOMIC|Oligo-dT	single nucleus RNA-seq;bulk RNA-seq
PRJEB83081	90	90	90	1	True	1	0	0.0	False			RNA-Seq|TRANSCRIPTOMIC|cDNA	bulk RNA-seq
PRJNA1078320	90	90	288	4	False	1	0	0.0	False			RNA-Seq|TRANSCRIPTOMIC SINGLE CELL|cDNA	10x Genomics Chromium
PRJNA1227589	90	90	90	1	True	3	0	0.0	False			ATAC-seq|GENOMIC SINGLE CELL|other;RNA-Seq|GENOMIC SINGLE CELL|cDNA;RNA-Seq|TRANSCRIPTOMIC SINGLE CELL|cDNA	Drop-seq
PRJNA1298364	90	90	90	1	True	1	0	0.0	False			RNA-Seq|TRANSCRIPTOMIC|cDNA	bulk RNA-seq
PRJNA1304961	90	90	468	7	False	4	0	0.0	False			OTHER|OTHER|other;OTHER|TRANSCRIPTOMIC|other;RNA-Seq|OTHER|cDNA;RNA-Seq|TRANSCRIPTOMIC SINGLE CELL|cDNA	10x Genomics Chromium
PRJNA497842	90	90	90	1	True	2	0	0.0	False			ATAC-seq|GENOMIC|other;RNA-Seq|TRANSCRIPTOMIC|cDNA	bulk RNA-seq
PRJNA554452	90	90	192	4	False	1	0	0.0	False			RNA-Seq|TRANSCRIPTOMIC|cDNA	inDrop
PRJNA751925	90	90	90	1	True	2	0	0.0	False			RIP-Seq|TRANSCRIPTOMIC|other;RNA-Seq|TRANSCRIPTOMIC|cDNA	single nucleus RNA-seq
PRJNA817231	90	90	450	5	False	1	0	0.0	False			RNA-Seq|TRANSCRIPTOMIC|cDNA	bulk RNA-seq
PRJNA1086179	89	89	89	1	True	1	0	0.0	False			RNA-Seq|TRANSCRIPTOMIC|cDNA	bulk RNA-seq
PRJNA1093448	89	89	89	1	True	1	60	0.674	True	384	1.48	RNA-Seq|TRANSCRIPTOMIC|cDNA	bulk RNA-seq
PRJNA495138	89	89	89	1	True	2	0	0.0	False			ChIP-Seq|GENOMIC|ChIP;RNA-Seq|TRANSCRIPTOMIC|cDNA	bulk RNA-seq
PRJNA1155638	88	88	88	1	True	1	2	0.261	False		44.0	RNA-Seq|TRANSCRIPTOMIC|cDNA	bulk RNA-seq
PRJNA1223415	88	88	88	1	True	1	0	0.0	False			RNA-Seq|TRANSCRIPTOMIC|cDNA	bulk RNA-seq
PRJNA1294881	88	88	175	4	False	4	0	0.0	False			OTHER|GENOMIC|other;OTHER|TRANSCRIPTOMIC|other;RNA-Seq|TRANSCRIPTOMIC SINGLE CELL|cDNA;RNA-Seq|TRANSCRIPTOMIC|cDNA	bulk RNA-seq
PRJNA1372124	88	88	88	1	True	1	0	0.0	False			RNA-Seq|TRANSCRIPTOMIC|cDNA	bulk RNA-seq
PRJNA1373339	88	88	88	1	True	1	0	0.0	False			RNA-Seq|TRANSCRIPTOMIC|cDNA	bulk RNA-seq
PRJNA392876	88	88	88	1	True	1	9	0.523	False		9.78	RNA-Seq|TRANSCRIPTOMIC|cDNA	bulk RNA-seq
PRJNA646712	88	88	110	2	False	1	4	0.582	False		22.0	RNA-Seq|TRANSCRIPTOMIC|cDNA	bulk RNA-seq
PRJNA1332649	87	87	87	1	True	2	4	0.138	False		21.75	OTHER|OTHER|other;RNA-Seq|TRANSCRIPTOMIC SINGLE CELL|cDNA	10x Genomics Chromium
PRJNA902386	87	87	87	1	True	2	0	0.0	False			RNA-Seq|TRANSCRIPTOMIC SINGLE CELL|cDNA;RNA-Seq|TRANSCRIPTOMIC|cDNA	single nucleus RNA-seq
PRJNA949955	87	87	87	1	True	1	0	0.0	False			RNA-Seq|TRANSCRIPTOMIC|cDNA	bulk RNA-seq
PRJDB11328	86	86	86	1	True	1	0	0.0	False			RNA-Seq|TRANSCRIPTOMIC|cDNA	bulk RNA-seq
PRJNA1476603	86	86	86	1	True	1	1	0.186	False		86.0	RNA-Seq|TRANSCRIPTOMIC|cDNA	bulk RNA-seq
PRJNA849922	86	86	516	6	False	2	0	0.0	False			OTHER|OTHER|other;OTHER|TRANSCRIPTOMIC|other	10x Genomics Chromium
PRJNA1033600	84	84	84	1	True	1	4	0.714	False		21.0	ChIP-Seq|GENOMIC|ChIP	bulk RNA-seq
PRJNA1045985	84	84	84	1	True	1	0	0.0	False			RNA-Seq|TRANSCRIPTOMIC|cDNA	TruSeq Stranded mRNA
PRJNA486447	84	84	84	1	True	1	3	1.0	False		28.0	OTHER|TRANSCRIPTOMIC|other	bulk RNA-seq
PRJNA938501	84	84	295	4	False	2	0	0.0	False			OTHER|TRANSCRIPTOMIC|other;RNA-Seq|TRANSCRIPTOMIC SINGLE CELL|cDNA	single nucleus RNA-seq
PRJNA941323	84	84	84	1	True	1	0	0.0	False			RNA-Seq|TRANSCRIPTOMIC|cDNA	bulk RNA-seq
PRJEB82699	82	82	82	1	True	1	0	0.0	False			RNA-Seq|TRANSCRIPTOMIC|cDNA	bulk RNA-seq
PRJNA1301423	82	82	100	2	False	1	0	0.0	False			RNA-Seq|TRANSCRIPTOMIC|cDNA	bulk RNA-seq
PRJNA1309835	82	191	191	4	False	1	0	0.0	False			RNA-Seq|TRANSCRIPTOMIC|cDNA	10x Genomics Chromium
PRJNA509461	82	82	82	1	True	1	0	0.0	False			RNA-Seq|TRANSCRIPTOMIC|cDNA	TruSeq Stranded mRNA
PRJNA900217	82	97	97	4	False	2	41	0.546	False		2.0	RNA-Seq|TRANSCRIPTOMIC|PolyA;WGS|GENOMIC|RANDOM	bulk RNA-seq
PRJNA994152	82	82	108	4	False	5	1	0.102	False		82.0	ATAC-seq|GENOMIC SINGLE CELL|other;OTHER|GENOMIC|other;OTHER|TRANSCRIPTOMIC|other;RNA-Seq|TRANSCRIPTOMIC SINGLE CELL|cDNA;RNA-Seq|TRANSCRIPTOMIC|cDNA	bulk RNA-seq
PRJNA1293950	81	81	81	1	True	1	0	0.0	False			RNA-Seq|TRANSCRIPTOMIC|cDNA	Drop-seq
PRJNA453777	81	81	81	1	True	1	0	0.0	False			RNA-Seq|TRANSCRIPTOMIC|cDNA	TruSeq Stranded mRNA
PRJNA606695	81	81	81	1	True	3	0	0.0	False			ATAC-seq|GENOMIC|other;ChIP-Seq|GENOMIC|ChIP;RNA-Seq|TRANSCRIPTOMIC|cDNA	bulk RNA-seq
PRJNA863886	81	81	103	3	False	1	0	0.0	False			RNA-Seq|TRANSCRIPTOMIC|cDNA	bulk RNA-seq
PRJDB18244	80	80	80	1	True	1	0	0.0	False			RNA-Seq|TRANSCRIPTOMIC|PolyA	TruSeq Stranded mRNA
PRJNA1037171	80	80	80	1	True	1	1	0.1	False		80.0	RNA-Seq|TRANSCRIPTOMIC|cDNA	bulk RNA-seq
PRJNA1235793	80	80	80	1	True	1	0	0.0	False			RNA-Seq|TRANSCRIPTOMIC|cDNA	bulk RNA-seq
PRJNA421164	80	80	140	2	False	1	1	0.936	False		80.0	RNA-Seq|TRANSCRIPTOMIC|cDNA	bulk RNA-seq
PRJNA597654	80	80	80	1	True	3	2	0.325	False		40.0	RNA-Seq|TRANSCRIPTOMIC|Oligo-dT;RNA-Seq|TRANSCRIPTOMIC|RANDOM;WXS|GENOMIC|PCR	bulk RNA-seq
PRJNA688513	80	80	160	2	False	1	5	1.0	False		16.0	OTHER|TRANSCRIPTOMIC|other	single nucleus RNA-seq
PRJNA768272	80	80	80	1	True	1	0	0.0	False			RNA-Seq|TRANSCRIPTOMIC|cDNA	bulk RNA-seq
PRJNA817242	80	80	80	1	True	1	0	0.0	False			RNA-Seq|TRANSCRIPTOMIC|cDNA	bulk RNA-seq
PRJNA928102	80	80	80	1	True	1	1	1.0	False		80.0	RNA-Seq|TRANSCRIPTOMIC|cDNA	bulk RNA-seq
PRJNA949617	80	80	320	4	False	1	1	0.062	False		80.0	RNA-Seq|TRANSCRIPTOMIC|cDNA	bulk RNA-seq
PRJEB22019	79	79	79	1	True	1	0	0.0	False			RNA-Seq|TRANSCRIPTOMIC|PolyA	bulk RNA-seq
PRJNA360989	79	79	79	1	True	3	0	0.0	False			ATAC-seq|GENOMIC|other;ChIP-Seq|GENOMIC|ChIP;RNA-Seq|TRANSCRIPTOMIC|cDNA	bulk RNA-seq
PRJNA727596	79	79	79	1	True	2	0	0.0	False			RNA-Seq|TRANSCRIPTOMIC SINGLE CELL|cDNA;RNA-Seq|TRANSCRIPTOMIC|cDNA	Drop-seq
PRJNA1116142	78	78	156	2	False	1	0	0.0	False			RNA-Seq|TRANSCRIPTOMIC|cDNA	bulk RNA-seq
PRJNA470431	78	78	78	1	True	1	0	0.0	False			RNA-Seq|TRANSCRIPTOMIC|cDNA	polyA selected RNA-seq
PRJEB38461	77	77	77	1	True	1	0	0.0	False			ssRNA-seq|TRANSCRIPTOMIC SINGLE CELL|PolyA	bulk RNA-seq
PRJNA1231557	77	77	77	1	True	1	0	0.0	False			RNA-Seq|TRANSCRIPTOMIC|cDNA	bulk RNA-seq
PRJNA1400485	77	77	79	2	False	1	0	0.0	False			RNA-Seq|TRANSCRIPTOMIC|cDNA	bulk RNA-seq
PRJNA640339	77	77	77	1	True	2	0	0.0	False			ATAC-seq|GENOMIC|other;RNA-Seq|TRANSCRIPTOMIC|cDNA	bulk RNA-seq
PRJNA982886	77	77	520	8	False	2	0	0.0	False			OTHER|TRANSCRIPTOMIC|other;RNA-Seq|TRANSCRIPTOMIC SINGLE CELL|cDNA	10x Genomics Chromium
PRJNA1292104	76	76	76	1	True	1	0	0.0	False			RNA-Seq|TRANSCRIPTOMIC|cDNA	bulk RNA-seq
PRJNA1313482	76	76	76	1	True	2	0	0.0	False			RNA-Seq|TRANSCRIPTOMIC|PolyA;WGS|METAGENOMIC|RANDOM	bulk RNA-seq
PRJNA742199	76	82	82	2	False	4	5	0.463	False		15.2	ATAC-seq|GENOMIC|RANDOM;ChIP-Seq|GENOMIC|ChIP;RNA-Seq|TRANSCRIPTOMIC SINGLE CELL|RANDOM;RNA-Seq|TRANSCRIPTOMIC|RANDOM	bulk RNA-seq
PRJNA984701	76	76	76	1	True	1	0	0.0	False			RNA-Seq|TRANSCRIPTOMIC|cDNA	bulk RNA-seq
PRJNA1002222	75	75	75	1	True	2	0	0.0	False			RNA-Seq|TRANSCRIPTOMIC SINGLE CELL|cDNA;RNA-Seq|TRANSCRIPTOMIC|cDNA	bulk RNA-seq
PRJNA1139320	75	75	75	1	True	1	0	0.0	False			RNA-Seq|TRANSCRIPTOMIC|cDNA	bulk RNA-seq
PRJNA1310405	75	75	75	1	True	1	45	0.6	True	96	1.67	RNA-Seq|TRANSCRIPTOMIC|cDNA	bulk RNA-seq
PRJNA330864	75	75	75	1	True	1	1	0.027	False		75.0	RNA-Seq|TRANSCRIPTOMIC|cDNA	bulk RNA-seq
PRJNA573850	75	75	81	4	False	4	0	0.0	False			ATAC-seq|GENOMIC|other;ATAC-seq|TRANSCRIPTOMIC|other;ChIP-Seq|GENOMIC|ChIP;RNA-Seq|TRANSCRIPTOMIC|cDNA	single nucleus RNA-seq
PRJNA792824	75	75	75	1	True	1	0	0.0	False			RNA-Seq|TRANSCRIPTOMIC|cDNA	bulk RNA-seq
PRJNA1161712	74	74	74	1	True	6	0	0.0	False			ATAC-seq|GENOMIC|other;ChIP-Seq|GENOMIC|ChIP;Hi-C|GENOMIC|other;OTHER|GENOMIC|other;RNA-Seq|TRANSCRIPTOMIC SINGLE CELL|cDNA;RNA-Seq|TRANSCRIPTOMIC|cDNA	bulk RNA-seq
PRJNA1298755	74	74	74	1	True	1	1	0.014	False		74.0	RNA-Seq|TRANSCRIPTOMIC SINGLE CELL|cDNA	single nucleus RNA-seq
PRJNA411890	74	74	74	1	True	1	0	0.0	False			RNA-Seq|TRANSCRIPTOMIC|cDNA	TruSeq Stranded mRNA
PRJNA511441	74	74	74	1	True	1	0	0.0	False			RNA-Seq|TRANSCRIPTOMIC|cDNA	bulk RNA-seq
PRJNA685544	74	74	74	1	True	1	0	0.0	False			RNA-Seq|TRANSCRIPTOMIC|cDNA	bulk RNA-seq
PRJNA730892	74	74	74	1	True	1	0	0.0	False			RNA-Seq|TRANSCRIPTOMIC|cDNA	bulk RNA-seq
PRJNA834096	74	74	74	1	True	1	0	0.0	False			RNA-Seq|TRANSCRIPTOMIC SINGLE CELL|cDNA	single nucleus RNA-seq
PRJNA891736	74	74	74	1	True	1	0	0.0	False			RNA-Seq|TRANSCRIPTOMIC|cDNA	bulk RNA-seq
PRJNA937236	74	74	74	1	True	1	0	0.0	False			RNA-Seq|TRANSCRIPTOMIC|cDNA	bulk RNA-seq
PRJNA1082675	73	73	73	1	True	1	0	0.0	False			RNA-Seq|TRANSCRIPTOMIC|cDNA	bulk RNA-seq
PRJNA1136833	73	73	73	1	True	1	0	0.0	False			RNA-Seq|TRANSCRIPTOMIC|cDNA	bulk RNA-seq
PRJNA548198	73	73	73	1	True	1	0	0.0	False			RNA-Seq|TRANSCRIPTOMIC|cDNA	TruSeq Stranded mRNA
PRJNA768254	73	73	106	6	False	2	1	0.255	False		73.0	ChIP-Seq|GENOMIC|ChIP;RNA-Seq|TRANSCRIPTOMIC|cDNA	bulk RNA-seq
PRJEB34093	72	200	200	4	False	1	0	0.0	False			RNA-Seq|TRANSCRIPTOMIC|RANDOM	polyA selected RNA-seq
PRJNA1001505	72	72	72	1	True	2	0	0.0	False			ATAC-seq|GENOMIC|Restriction Digest;RNA-Seq|TRANSCRIPTOMIC SINGLE CELL|Restriction Digest	bulk RNA-seq
PRJNA1075112	72	72	72	1	True	1	0	0.0	False			RNA-Seq|TRANSCRIPTOMIC|cDNA	polyA selected RNA-seq
PRJNA1127050	72	72	72	1	True	2	0	0.0	False			ATAC-seq|GENOMIC SINGLE CELL|other;RNA-Seq|TRANSCRIPTOMIC|cDNA_randomPriming	bulk RNA-seq
PRJNA1160252	72	72	144	2	False	1	0	0.0	False			RNA-Seq|TRANSCRIPTOMIC|cDNA	bulk RNA-seq
PRJNA1276604	72	72	72	1	True	1	0	0.0	False			RNA-Seq|TRANSCRIPTOMIC|cDNA	bulk RNA-seq
PRJNA1363194	72	72	72	1	True	1	0	0.0	False			RNA-Seq|TRANSCRIPTOMIC|cDNA	bulk RNA-seq
PRJNA492171	72	72	72	1	True	1	0	0.0	False			RNA-Seq|TRANSCRIPTOMIC|cDNA	bulk RNA-seq
PRJNA503340	72	72	72	1	True	1	0	0.0	False			RNA-Seq|TRANSCRIPTOMIC|cDNA	bulk RNA-seq
PRJNA506053	72	72	72	1	True	2	56	0.861	True	384	1.29	ATAC-seq|GENOMIC|other;RNA-Seq|TRANSCRIPTOMIC|cDNA	bulk RNA-seq
PRJNA600521	72	72	72	1	True	1	0	0.0	False			RNA-Seq|TRANSCRIPTOMIC|cDNA	single nucleus RNA-seq
PRJNA605552	72	72	297	16	False	1	0	0.0	False			RNA-Seq|TRANSCRIPTOMIC|cDNA	10x Genomics Chromium
PRJNA763924	72	72	72	1	True	1	0	0.0	False			RNA-Seq|TRANSCRIPTOMIC|cDNA	bulk RNA-seq
PRJNA803508	72	72	72	1	True	1	0	0.0	False			RNA-Seq|TRANSCRIPTOMIC|cDNA	bulk RNA-seq
PRJNA941825	72	72	72	1	True	1	0	0.0	False			RNA-Seq|TRANSCRIPTOMIC SINGLE CELL|cDNA	single nucleus RNA-seq
PRJNA999642	72	72	72	1	True	1	0	0.0	False			RNA-Seq|TRANSCRIPTOMIC|cDNA	bulk RNA-seq
PRJEB53713	71	71	71	1	True	2	0	0.0	False			RNA-Seq|TRANSCRIPTOMIC|Oligo-dT;WGS|GENOMIC|other	TruSeq Stranded mRNA
PRJNA1032110	71	71	71	1	True	1	0	0.0	False			RNA-Seq|TRANSCRIPTOMIC|cDNA	bulk RNA-seq
PRJNA1037479	71	71	99	8	False	2	2	0.283	False		35.5	RNA-Seq|OTHER|cDNA;RNA-Seq|TRANSCRIPTOMIC|cDNA	bulk RNA-seq
PRJNA1068629	71	111	111	6	False	2	0	0.0	False			RNA-Seq|TRANSCRIPTOMIC SINGLE CELL|cDNA;RNA-Seq|TRANSCRIPTOMIC|PolyA	bulk RNA-seq
PRJNA837900	71	71	71	1	True	1	0	0.0	False			RNA-Seq|TRANSCRIPTOMIC|cDNA	bulk RNA-seq
PRJNA849921	71	71	89	2	False	1	0	0.0	False			RNA-Seq|TRANSCRIPTOMIC|cDNA	bulk RNA-seq
PRJNA1014390	70	70	70	1	True	1	0	0.0	False			RNA-Seq|TRANSCRIPTOMIC|cDNA	bulk RNA-seq
PRJNA1220122	70	70	70	1	True	1	10	1.0	False		7.0	RNA-Seq|TRANSCRIPTOMIC|cDNA	bulk RNA-seq
PRJNA556047	70	70	70	1	True	1	0	0.0	False			RNA-Seq|TRANSCRIPTOMIC|cDNA	bulk RNA-seq
PRJNA715715	70	70	350	16	False	1	0	0.0	False			RNA-Seq|TRANSCRIPTOMIC|cDNA	10x Genomics Chromium
PRJNA757785	70	70	70	1	True	1	2	0.571	False		35.0	RNA-Seq|TRANSCRIPTOMIC|cDNA	bulk RNA-seq
PRJNA780538	70	70	140	2	False	1	0	0.0	False			RNA-Seq|TRANSCRIPTOMIC|cDNA	bulk RNA-seq
PRJNA812380	70	70	70	1	True	1	0	0.0	False			RNA-Seq|TRANSCRIPTOMIC|other	10x Genomics Chromium
PRJEB33492	69	69	138	2	False	1	3	0.101	False		23.0	RNA-Seq|TRANSCRIPTOMIC|PolyA	bulk RNA-seq
PRJNA1079745	69	69	69	1	True	1	33	0.826	True	96	2.09	RNA-Seq|TRANSCRIPTOMIC|cDNA	bulk RNA-seq
PRJNA1214407	69	69	69	1	True	1	0	0.0	False			RNA-Seq|TRANSCRIPTOMIC|RANDOM	bulk RNA-seq
PRJNA660753	69	69	69	1	True	1	0	0.0	False			RNA-Seq|TRANSCRIPTOMIC|cDNA	bulk RNA-seq
PRJNA664019	69	288	288	8	False	2	0	0.0	False			RNA-Seq|TRANSCRIPTOMIC|cDNA;RNA-Seq|TRANSCRIPTOMIC|unspecified	TruSeq Stranded mRNA
PRJNA666419	69	69	69	1	True	1	0	0.0	False			RNA-Seq|TRANSCRIPTOMIC|cDNA	bulk RNA-seq
PRJNA878650	69	69	69	1	True	2	0	0.0	False			RNA-Seq|TRANSCRIPTOMIC|RANDOM PCR;RNA-Seq|TRANSCRIPTOMIC|cDNA	bulk RNA-seq
PRJNA889041	69	69	69	1	True	1	5	0.725	False		13.8	ChIP-Seq|GENOMIC|ChIP	bulk RNA-seq
PRJNA890623	69	69	109	2	False	1	0	0.0	False			RNA-Seq|TRANSCRIPTOMIC|cDNA	bulk RNA-seq
PRJNA917714	69	69	69	1	True	1	0	0.0	False			RNA-Seq|TRANSCRIPTOMIC|cDNA	bulk RNA-seq
PRJNA932227	69	69	85	2	False	1	1	0.024	False		69.0	RNA-Seq|TRANSCRIPTOMIC|cDNA	bulk RNA-seq
PRJEB108691	68	68	68	1	True	1	0	0.0	False			RNA-Seq|TRANSCRIPTOMIC|cDNA	TruSeq Stranded mRNA
PRJEB74907	68	68	68	1	True	1	0	0.0	False			RNA-Seq|TRANSCRIPTOMIC|cDNA	TruSeq Stranded mRNA
PRJEB87271	68	68	68	1	True	1	0	0.0	False			RNA-Seq|TRANSCRIPTOMIC|other	bulk RNA-seq
PRJNA1164661	68	68	68	1	True	1	0	0.0	False			RNA-Seq|TRANSCRIPTOMIC|cDNA	bulk RNA-seq
PRJNA1226939	68	68	68	1	True	1	0	0.0	False			RNA-Seq|TRANSCRIPTOMIC|cDNA	bulk RNA-seq
PRJNA1304493	68	68	68	1	True	1	0	0.0	False			RNA-Seq|TRANSCRIPTOMIC|cDNA	bulk RNA-seq
PRJNA1371977	68	68	68	1	True	1	0	0.0	False			RNA-Seq|TRANSCRIPTOMIC|cDNA	bulk RNA-seq
PRJNA630954	68	68	68	1	True	1	0	0.0	False			RNA-Seq|TRANSCRIPTOMIC|cDNA	bulk RNA-seq
PRJNA785253	68	68	68	1	True	2	1	0.265	False		68.0	ChIP-Seq|GENOMIC|ChIP;RNA-Seq|TRANSCRIPTOMIC|cDNA	bulk RNA-seq
PRJNA973875	68	68	68	1	True	3	0	0.0	False			RNA-Seq|TRANSCRIPTOMIC SINGLE CELL|Oligo-dT;RNA-Seq|TRANSCRIPTOMIC|cDNA;RNA-Seq|TRANSCRIPTOMIC|cDNA_oligo_dT	single nucleus RNA-seq
PRJNA1034122	67	67	80	2	False	5	0	0.0	False			ATAC-seq|GENOMIC|other;ChIP-Seq|GENOMIC|ChIP;OTHER|GENOMIC|other;RNA-Seq|TRANSCRIPTOMIC SINGLE CELL|cDNA;RNA-Seq|TRANSCRIPTOMIC|cDNA	single nucleus RNA-seq;bulk RNA-seq
PRJNA1186813	67	67	185	3	False	1	0	0.0	False			RNA-Seq|TRANSCRIPTOMIC|cDNA	bulk RNA-seq
PRJNA693444	67	67	67	1	True	1	0	0.0	False			RNA-Seq|TRANSCRIPTOMIC|cDNA	bulk RNA-seq
PRJNA799774	67	67	67	1	True	1	0	0.0	False			RNA-Seq|TRANSCRIPTOMIC|cDNA	bulk RNA-seq
PRJEB115110	66	66	66	1	True	1	0	0.0	False			RNA-Seq|TRANSCRIPTOMIC|PolyA	bulk RNA-seq
PRJEB43427	66	66	66	1	True	1	0	0.0	False			RNA-Seq|TRANSCRIPTOMIC|Oligo-dT	bulk RNA-seq
PRJNA1001283	66	66	66	1	True	1	17	0.47	False		3.88	RNA-Seq|TRANSCRIPTOMIC|Oligo-dT	bulk RNA-seq
PRJNA507751	66	66	66	1	True	1	0	0.0	False			RNA-Seq|TRANSCRIPTOMIC|cDNA	TruSeq Stranded mRNA
PRJNA729486	66	66	132	2	False	1	64	1.0	True	96	1.03	RNA-Seq|TRANSCRIPTOMIC|cDNA	single nucleus RNA-seq
PRJNA750801	66	66	66	1	True	1	0	0.0	False			RNA-Seq|TRANSCRIPTOMIC|cDNA	bulk RNA-seq
PRJNA773804	66	66	264	4	False	1	0	0.0	False			RNA-Seq|TRANSCRIPTOMIC|cDNA	bulk RNA-seq
PRJNA811522	66	66	66	1	True	1	0	0.0	False			RNA-Seq|TRANSCRIPTOMIC|cDNA	bulk RNA-seq
PRJNA935770	66	66	66	1	True	1	4	0.136	False		16.5	RNA-Seq|TRANSCRIPTOMIC|cDNA	TruSeq Stranded mRNA
PRJNA950389	66	66	66	1	True	2	0	0.0	False			RNA-Seq|TRANSCRIPTOMIC SINGLE CELL|cDNA;RNA-Seq|TRANSCRIPTOMIC|cDNA	bulk RNA-seq
PRJNA1028113	65	65	195	3	False	1	0	0.0	False			RNA-Seq|TRANSCRIPTOMIC|cDNA	bulk RNA-seq
PRJNA608970	65	65	65	1	True	1	0	0.0	False			RNA-Seq|TRANSCRIPTOMIC|cDNA	TruSeq Stranded mRNA
PRJNA917214	65	65	65	1	True	1	8	0.123	False		8.12	RNA-Seq|TRANSCRIPTOMIC|Oligo-dT	TruSeq Stranded mRNA
PRJNA927045	65	65	65	1	True	1	0	0.0	False			RNA-Seq|TRANSCRIPTOMIC|cDNA	bulk RNA-seq
PRJNA1265749	64	64	64	1	True	1	0	0.0	False			RNA-Seq|TRANSCRIPTOMIC|cDNA	bulk RNA-seq
PRJNA308954	64	64	64	1	True	1	1	1.0	False		64.0	RNA-Seq|TRANSCRIPTOMIC|cDNA	TruSeq Stranded mRNA
PRJNA328473	64	64	64	1	True	1	0	0.0	False			RNA-Seq|TRANSCRIPTOMIC|cDNA	TruSeq Stranded mRNA
PRJNA328872	64	64	64	1	True	1	3	1.0	False		21.33	RNA-Seq|TRANSCRIPTOMIC|cDNA	TruSeq Stranded mRNA
PRJNA673148	64	64	64	1	True	1	24	0.375	False		2.67	RNA-Seq|TRANSCRIPTOMIC|cDNA	TruSeq Stranded mRNA
PRJNA715235	64	64	84	4	False	2	0	0.0	False			OTHER|GENOMIC|other;RNA-Seq|TRANSCRIPTOMIC|cDNA	bulk RNA-seq
PRJNA729647	64	64	177	16	False	3	4	0.147	False		16.0	ATAC-seq|GENOMIC|other;OTHER|TRANSCRIPTOMIC|other;RNA-Seq|TRANSCRIPTOMIC|cDNA	single nucleus RNA-seq
PRJNA790787	64	64	64	1	True	1	0	0.0	False			RNA-Seq|TRANSCRIPTOMIC|cDNA	bulk RNA-seq
PRJNA859785	64	64	64	1	True	1	0	0.0	False			RNA-Seq|TRANSCRIPTOMIC|cDNA	bulk RNA-seq
PRJNA860940	64	64	64	1	True	6	0	0.0	False			ATAC-seq|GENOMIC SINGLE CELL|other;ChIP-Seq|GENOMIC|ChIP;OTHER|GENOMIC|other;RNA-Seq|GENOMIC SINGLE CELL|cDNA;RNA-Seq|TRANSCRIPTOMIC SINGLE CELL|cDNA;RNA-Seq|TRANSCRIPTOMIC|cDNA	bulk RNA-seq
PRJEB70595	63	181	181	9	False	3	0	0.0	False			RNA-Seq|TRANSCRIPTOMIC|Oligo-dT;RNA-Seq|TRANSCRIPTOMIC|PolyA;WGS|GENOMIC|RANDOM	TruSeq Stranded mRNA
PRJEB74906	63	63	63	1	True	1	0	0.0	False			RNA-Seq|TRANSCRIPTOMIC|cDNA	TruSeq Stranded mRNA
PRJNA1295412	63	63	63	1	True	1	2	1.0	False		31.5	RNA-Seq|TRANSCRIPTOMIC|cDNA	bulk RNA-seq
PRJNA338796	63	63	63	1	True	1	0	0.0	False			RNA-Seq|TRANSCRIPTOMIC|cDNA	bulk RNA-seq
PRJNA556229	63	63	63	1	True	1	0	0.0	False			RNA-Seq|TRANSCRIPTOMIC|cDNA	bulk RNA-seq
PRJNA705172	63	63	63	1	True	1	0	0.0	False			RNA-Seq|TRANSCRIPTOMIC|cDNA	bulk RNA-seq
PRJNA962184	63	63	63	1	True	2	13	0.476	False		4.85	RNA-Seq|GENOMIC|cDNA;RNA-Seq|TRANSCRIPTOMIC|cDNA	bulk RNA-seq
PRJNA1003043	62	62	63	2	False	1	0	0.0	False			RNA-Seq|TRANSCRIPTOMIC|cDNA	bulk RNA-seq
PRJNA1134217	62	62	62	1	True	1	0	0.0	False			RNA-Seq|TRANSCRIPTOMIC|cDNA	bulk RNA-seq
PRJNA1136821	62	62	62	1	True	1	0	0.0	False			RNA-Seq|TRANSCRIPTOMIC|cDNA	bulk RNA-seq
PRJNA1150144	62	62	62	1	True	1	1	0.048	False		62.0	RNA-Seq|TRANSCRIPTOMIC|cDNA	TruSeq Stranded mRNA
PRJNA1268513	62	62	62	1	True	1	1	0.032	False		62.0	RNA-Seq|TRANSCRIPTOMIC|cDNA	bulk RNA-seq
PRJNA1458120	62	62	62	1	True	1	0	0.0	False			RNA-Seq|TRANSCRIPTOMIC SINGLE CELL|cDNA	BD Rhapsody
PRJNA208732	62	62	422	8	False	1	0	0.0	False			RNA-Seq|TRANSCRIPTOMIC|cDNA	polyA selected RNA-seq
PRJNA528302	62	62	62	1	True	1	0	0.0	False			RNA-Seq|TRANSCRIPTOMIC|cDNA	bulk RNA-seq
PRJNA624338	62	62	62	1	True	1	22	1.0	False		2.82	RNA-Seq|TRANSCRIPTOMIC|cDNA	TruSeq Stranded mRNA
PRJNA705197	62	62	92	7	False	2	0	0.0	False			RIP-Seq|TRANSCRIPTOMIC|other;RNA-Seq|TRANSCRIPTOMIC|cDNA	BD Rhapsody
PRJNA863848	62	62	62	1	True	1	4	0.065	False		15.5	RNA-Seq|TRANSCRIPTOMIC|cDNA	bulk RNA-seq
PRJNA893687	62	62	62	1	True	1	2	0.71	False		31.0	RNA-Seq|TRANSCRIPTOMIC|cDNA	bulk RNA-seq
PRJNA990731	62	62	62	1	True	1	0	0.0	False			RNA-Seq|TRANSCRIPTOMIC|cDNA	bulk RNA-seq
PRJEB30404	61	61	61	1	True	1	0	0.0	False			ssRNA-seq|TRANSCRIPTOMIC|Oligo-dT	bulk RNA-seq
PRJNA1047645	61	61	61	1	True	1	0	0.0	False			RNA-Seq|TRANSCRIPTOMIC|Inverse rRNA	bulk RNA-seq
PRJNA1173557	61	61	61	1	True	1	0	0.0	False			RNA-Seq|TRANSCRIPTOMIC|cDNA	bulk RNA-seq
PRJNA1247487	61	61	61	1	True	1	0	0.0	False			RNA-Seq|TRANSCRIPTOMIC|cDNA	bulk RNA-seq
PRJNA304283	61	61	61	1	True	1	0	0.0	False			RNA-Seq|TRANSCRIPTOMIC|cDNA	polyA selected RNA-seq
PRJNA609077	61	61	61	1	True	1	0	0.0	False			RNA-Seq|TRANSCRIPTOMIC|cDNA	bulk RNA-seq
PRJNA742004	61	61	61	1	True	1	7	0.525	False		8.71	RNA-Seq|TRANSCRIPTOMIC|cDNA	bulk RNA-seq
PRJNA757699	61	61	61	1	True	1	0	0.0	False			RNA-Seq|TRANSCRIPTOMIC|cDNA	bulk RNA-seq
PRJNA764857	61	61	75	4	False	1	0	0.0	False			RNA-Seq|TRANSCRIPTOMIC|cDNA	Drop-seq;bulk RNA-seq
PRJNA898284	61	61	61	1	True	2	8	0.131	False		7.62	RNA-Seq|TRANSCRIPTOMIC SINGLE CELL|PCR;RNA-Seq|TRANSCRIPTOMIC|PCR	bulk RNA-seq
PRJNA1021192	60	60	60	1	True	1	0	0.0	False			RNA-Seq|TRANSCRIPTOMIC|cDNA	bulk RNA-seq
PRJNA1037699	60	60	62	2	False	3	0	0.0	False			ATAC-seq|GENOMIC|other;RNA-Seq|TRANSCRIPTOMIC SINGLE CELL|cDNA;RNA-Seq|TRANSCRIPTOMIC|cDNA	bulk RNA-seq
PRJNA1079216	60	60	60	1	True	1	0	0.0	False			RNA-Seq|TRANSCRIPTOMIC|cDNA	TruSeq Stranded mRNA
PRJNA1080000	60	60	60	1	True	1	4	0.267	False		15.0	RNA-Seq|TRANSCRIPTOMIC|cDNA	bulk RNA-seq
PRJNA1149499	60	60	60	1	True	1	0	0.0	False			Bisulfite-Seq|GENOMIC|RANDOM	Parse Biosciences
PRJNA1170191	60	60	120	2	False	1	0	0.0	False			RNA-Seq|TRANSCRIPTOMIC|cDNA	bulk RNA-seq
PRJNA1233776	60	60	60	1	True	2	0	0.0	False			OTHER|TRANSCRIPTOMIC|other;RNA-Seq|TRANSCRIPTOMIC|cDNA	bulk RNA-seq
PRJNA1250496	60	60	60	1	True	1	6	1.0	False		10.0	RNA-Seq|TRANSCRIPTOMIC|cDNA	bulk RNA-seq
PRJNA1336193	60	60	60	1	True	1	4	1.0	False		15.0	ssRNA-seq|TRANSCRIPTOMIC|cDNA	bulk RNA-seq
PRJNA1425507	60	236	236	4	False	1	0	0.0	False			RNA-Seq|TRANSCRIPTOMIC|PCR	bulk RNA-seq
PRJNA1452827	60	60	60	1	True	1	0	0.0	False			RNA-Seq|TRANSCRIPTOMIC|cDNA	bulk RNA-seq
PRJNA1454540	60	60	60	1	True	1	0	0.0	False			RNA-Seq|TRANSCRIPTOMIC|cDNA	bulk RNA-seq
PRJNA1502900	60	230	230	4	False	1	0	0.0	False			RNA-Seq|TRANSCRIPTOMIC|PCR	bulk RNA-seq
PRJNA434174	60	60	60	1	True	1	0	0.0	False			RNA-Seq|TRANSCRIPTOMIC|cDNA	polyA selected RNA-seq
PRJNA564299	60	60	60	1	True	1	0	0.0	False			RNA-Seq|TRANSCRIPTOMIC|cDNA	polyA selected RNA-seq
PRJNA592973	60	60	60	1	True	1	0	0.0	False			RNA-Seq|TRANSCRIPTOMIC|cDNA	Drop-seq
PRJNA678282	60	60	68	2	False	2	8	0.471	False		7.5	OTHER|GENOMIC|other;RNA-Seq|TRANSCRIPTOMIC|cDNA	bulk RNA-seq
PRJNA701030	60	60	60	1	True	1	10	0.5	False		6.0	RNA-Seq|TRANSCRIPTOMIC|cDNA	bulk RNA-seq
PRJNA746353	60	60	178	8	False	3	0	0.0	False			OTHER|TRANSCRIPTOMIC|other;RNA-Seq|TRANSCRIPTOMIC SINGLE CELL|cDNA;RNA-Seq|TRANSCRIPTOMIC|cDNA	bulk RNA-seq
PRJNA847447	60	60	60	1	True	1	0	0.0	False			RNA-Seq|TRANSCRIPTOMIC|cDNA	bulk RNA-seq
PRJNA915071	60	60	60	1	True	1	0	0.0	False			RNA-Seq|TRANSCRIPTOMIC|cDNA	bulk RNA-seq
PRJEB11097	59	59	59	1	True	1	1	0.068	False		59.0	RNA-Seq|TRANSCRIPTOMIC|RANDOM	TruSeq Stranded mRNA
PRJEB71681	59	59	59	1	True	1	0	0.0	False			WGS|GENOMIC|PCR	bulk RNA-seq
PRJNA1053506	59	59	59	1	True	1	0	0.0	False			WGS|GENOMIC|PCR	bulk RNA-seq
PRJNA1176489	59	59	59	1	True	1	0	0.0	False			RNA-Seq|TRANSCRIPTOMIC|cDNA	bulk RNA-seq
PRJNA1208436	59	59	59	1	True	5	0	0.0	False			ATAC-seq|GENOMIC|other;OTHER|GENOMIC|other;RNA-Seq|OTHER|cDNA;RNA-Seq|TRANSCRIPTOMIC SINGLE CELL|cDNA;RNA-Seq|TRANSCRIPTOMIC|cDNA	10x Genomics Chromium;bulk RNA-seq
PRJNA1295762	59	59	136	6	False	1	2	1.0	False		29.5	RNA-Seq|TRANSCRIPTOMIC SINGLE CELL|cDNA	10x Genomics Chromium
PRJNA1427694	59	59	118	2	False	1	10	1.0	False		5.9	RNA-Seq|TRANSCRIPTOMIC|cDNA	bulk RNA-seq
PRJNA1445938	59	59	59	1	True	2	0	0.0	False			OTHER|OTHER|other;OTHER|TRANSCRIPTOMIC|other	10x Genomics Chromium
PRJNA777446	59	59	75	2	False	4	0	0.0	False			ATAC-seq|GENOMIC|other;OTHER|GENOMIC|other;OTHER|TRANSCRIPTOMIC|other;RNA-Seq|TRANSCRIPTOMIC|cDNA	single nucleus RNA-seq
PRJNA785455	59	59	64	2	False	1	2	0.828	False		29.5	RNA-Seq|TRANSCRIPTOMIC|cDNA	bulk RNA-seq
PRJNA820007	59	59	59	1	True	1	0	0.0	False			RNA-Seq|TRANSCRIPTOMIC|cDNA	bulk RNA-seq
PRJNA831281	59	59	115	2	False	1	0	0.0	False			RNA-Seq|TRANSCRIPTOMIC|cDNA	bulk RNA-seq
PRJEB102524	58	58	58	1	True	1	0	0.0	False			RNA-Seq|TRANSCRIPTOMIC|RANDOM	bulk RNA-seq
PRJEB108698	58	58	58	1	True	1	0	0.0	False			RNA-Seq|TRANSCRIPTOMIC|cDNA	TruSeq Stranded mRNA
PRJEB108700	58	58	58	1	True	1	0	0.0	False			RNA-Seq|TRANSCRIPTOMIC|cDNA	TruSeq Stranded mRNA
PRJNA1141559	58	58	58	1	True	1	58	1.0	True	384	1.0	RNA-Seq|TRANSCRIPTOMIC|cDNA	bulk RNA-seq
PRJNA1153596	58	58	141	6	False	4	0	0.0	False			OTHER|OTHER|other;OTHER|TRANSCRIPTOMIC|other;RNA-Seq|OTHER|cDNA;RNA-Seq|TRANSCRIPTOMIC SINGLE CELL|cDNA	10x Genomics Chromium
PRJNA1278974	58	58	58	1	True	1	0	0.0	False			RNA-Seq|TRANSCRIPTOMIC|cDNA_oligo_dT	bulk RNA-seq
PRJNA1315040	58	58	58	1	True	1	0	0.0	False			RNA-Seq|TRANSCRIPTOMIC SINGLE CELL|cDNA	10x Genomics Chromium
PRJNA1331567	58	58	58	1	True	1	1	0.103	False		58.0	OTHER|GENOMIC|other	bulk RNA-seq
PRJNA510947	58	58	61	2	False	1	1	0.443	False		58.0	RNA-Seq|TRANSCRIPTOMIC|cDNA	bulk RNA-seq
PRJNA687217	58	58	271	16	False	2	0	0.0	False			ATAC-seq|GENOMIC|other;OTHER|GENOMIC|other	10x Genomics Chromium
PRJNA793840	58	58	112	4	False	1	7	0.152	False		8.29	RNA-Seq|TRANSCRIPTOMIC|cDNA	bulk RNA-seq
PRJNA813410	58	58	58	1	True	1	0	0.0	False			RNA-Seq|TRANSCRIPTOMIC|cDNA	bulk RNA-seq
PRJNA910513	58	58	66	4	False	2	0	0.0	False			RNA-Seq|TRANSCRIPTOMIC SINGLE CELL|cDNA;RNA-Seq|TRANSCRIPTOMIC|cDNA	bulk RNA-seq
PRJNA1035063	57	57	57	1	True	1	0	0.0	False			RNA-Seq|TRANSCRIPTOMIC|cDNA	bulk RNA-seq
PRJNA1099133	57	57	57	1	True	1	0	0.0	False			RNA-Seq|TRANSCRIPTOMIC|cDNA	bulk RNA-seq
PRJNA1124161	57	57	57	1	True	1	3	0.825	False		19.0	RNA-Seq|TRANSCRIPTOMIC|cDNA	bulk RNA-seq
PRJNA1259521	57	57	57	1	True	1	0	0.0	False			RNA-Seq|TRANSCRIPTOMIC|cDNA	bulk RNA-seq
PRJNA1293800	57	57	57	1	True	1	0	0.0	False			RNA-Seq|TRANSCRIPTOMIC SINGLE CELL|PolyA	BD Rhapsody
PRJNA403842	57	57	336	12	False	1	0	0.0	False			RNA-Seq|TRANSCRIPTOMIC|cDNA	bulk RNA-seq
PRJNA433624	57	57	57	1	True	1	0	0.0	False			RNA-Seq|TRANSCRIPTOMIC|cDNA	polyA selected RNA-seq
PRJNA559151	57	57	57	1	True	1	0	0.0	False			RNA-Seq|TRANSCRIPTOMIC|cDNA	bulk RNA-seq
PRJNA885131	57	57	57	1	True	1	0	0.0	False			RNA-Seq|TRANSCRIPTOMIC|cDNA	bulk RNA-seq
PRJEB31242	56	56	56	1	True	1	2	0.536	False		28.0	RNA-Seq|TRANSCRIPTOMIC|PolyA	bulk RNA-seq
PRJNA1148666	56	56	56	1	True	1	0	0.0	False			RNA-Seq|TRANSCRIPTOMIC|PolyA	bulk RNA-seq
PRJNA1188591	56	56	56	1	True	1	0	0.0	False			RNA-Seq|TRANSCRIPTOMIC|cDNA	bulk RNA-seq
PRJNA1279173	56	56	56	1	True	1	1	1.0	False		56.0	RNA-Seq|TRANSCRIPTOMIC|cDNA	bulk RNA-seq
PRJNA1372767	56	56	56	1	True	1	1	0.018	False		56.0	RNA-Seq|GENOMIC|cDNA	bulk RNA-seq
PRJNA1414428	56	56	56	1	True	2	4	0.071	False		14.0	RNA-Seq|TRANSCRIPTOMIC SINGLE CELL|cDNA;RNA-Seq|TRANSCRIPTOMIC|cDNA	bulk RNA-seq
PRJNA472383	56	56	173	8	False	1	0	0.0	False			RNA-Seq|TRANSCRIPTOMIC|cDNA	inDrop
PRJNA524805	56	56	56	1	True	1	31	0.643	False		1.81	RNA-Seq|TRANSCRIPTOMIC|cDNA	bulk RNA-seq
PRJNA541541	56	56	56	1	True	1	0	0.0	False			RNA-Seq|TRANSCRIPTOMIC|cDNA	bulk RNA-seq
PRJNA548570	56	56	99	3	False	1	0	0.0	False			RNA-Seq|TRANSCRIPTOMIC|cDNA	TruSeq Stranded mRNA
PRJNA705083	56	56	56	1	True	2	9	0.643	False		6.22	RNA-Seq|TRANSCRIPTOMIC|PolyA;miRNA-Seq|TRANSCRIPTOMIC|other	TruSeq Stranded mRNA
PRJNA783288	56	56	76	8	False	3	0	0.0	False			OTHER|GENOMIC|other;OTHER|TRANSCRIPTOMIC|other;RNA-Seq|TRANSCRIPTOMIC|cDNA	bulk RNA-seq
PRJNA828536	56	56	56	1	True	1	0	0.0	False			RNA-Seq|TRANSCRIPTOMIC|cDNA	bulk RNA-seq
PRJNA896569	56	56	112	2	False	1	18	0.5	False		3.11	RNA-Seq|TRANSCRIPTOMIC|cDNA	bulk RNA-seq
PRJNA985602	56	56	56	1	True	1	0	0.0	False			RNA-Seq|TRANSCRIPTOMIC|cDNA	TruSeq Stranded mRNA
PRJEB37689	55	55	55	1	True	1	0	0.0	False			RNA-Seq|TRANSCRIPTOMIC SINGLE CELL|Oligo-dT	10x Genomics Chromium
PRJNA1191847	55	55	143	4	False	1	0	0.0	False			RNA-Seq|TRANSCRIPTOMIC|cDNA	bulk RNA-seq
PRJNA587485	55	55	55	1	True	1	0	0.0	False			RNA-Seq|TRANSCRIPTOMIC|cDNA	bulk RNA-seq
PRJNA975835	55	55	55	1	True	1	0	0.0	False			RNA-Seq|TRANSCRIPTOMIC SINGLE CELL|cDNA	10x Genomics Chromium
PRJNA996915	55	55	55	1	True	1	0	0.0	False			RNA-Seq|TRANSCRIPTOMIC|cDNA	bulk RNA-seq
PRJDB17167	54	54	54	1	True	1	0	0.0	False			RNA-Seq|TRANSCRIPTOMIC|cDNA	bulk RNA-seq
PRJEB76388	54	54	54	1	True	1	1	0.5	False		54.0	RNA-Seq|TRANSCRIPTOMIC|PolyA	bulk RNA-seq
PRJNA1022096	54	54	270	5	False	1	2	0.667	False		27.0	RNA-Seq|TRANSCRIPTOMIC|cDNA	bulk RNA-seq
PRJNA1039754	54	54	54	1	True	2	0	0.0	False			RNA-Seq|TRANSCRIPTOMIC SINGLE CELL|cDNA;RNA-Seq|TRANSCRIPTOMIC|cDNA	bulk RNA-seq
PRJNA1048494	54	54	54	1	True	1	0	0.0	False			RNA-Seq|TRANSCRIPTOMIC|cDNA	bulk RNA-seq
PRJNA1067370	54	54	54	1	True	1	0	0.0	False			RNA-Seq|TRANSCRIPTOMIC|cDNA	bulk RNA-seq
PRJNA1130014	54	54	54	1	True	1	0	0.0	False			RNA-Seq|TRANSCRIPTOMIC|cDNA	bulk RNA-seq
PRJNA1178449	54	54	54	1	True	1	3	0.667	False		18.0	RNA-Seq|TRANSCRIPTOMIC|PolyA	TruSeq Stranded mRNA
PRJNA1183876	54	54	54	1	True	1	9	1.0	False		6.0	RNA-Seq|TRANSCRIPTOMIC|cDNA	bulk RNA-seq
PRJNA1263646	54	54	54	1	True	1	0	0.0	False			RNA-Seq|TRANSCRIPTOMIC|cDNA_oligo_dT	bulk RNA-seq
PRJNA1302561	54	54	54	1	True	1	0	0.0	False			RNA-Seq|TRANSCRIPTOMIC|PolyA	TruSeq Stranded mRNA
PRJNA1321496	54	54	54	1	True	1	0	0.0	False			RNA-Seq|TRANSCRIPTOMIC|cDNA	bulk RNA-seq
PRJNA1420656	54	54	54	1	True	1	0	0.0	False			RNA-Seq|TRANSCRIPTOMIC|cDNA	bulk RNA-seq
PRJNA1467655	54	54	54	1	True	1	0	0.0	False			RNA-Seq|TRANSCRIPTOMIC|cDNA	bulk RNA-seq
PRJNA495373	54	54	54	1	True	3	0	0.0	False			ChIP-Seq|GENOMIC|ChIP;OTHER|TRANSCRIPTOMIC|other;RNA-Seq|TRANSCRIPTOMIC|cDNA	polyA selected RNA-seq
PRJNA507854	54	54	54	1	True	1	56	1.0	True	384	0.96	RNA-Seq|TRANSCRIPTOMIC|cDNA	bulk RNA-seq
PRJNA592158	54	54	336	8	False	1	0	0.0	False			RNA-Seq|TRANSCRIPTOMIC|cDNA	single nucleus RNA-seq
PRJNA687763	54	54	54	1	True	1	46	1.0	False		1.17	RNA-Seq|TRANSCRIPTOMIC|cDNA	bulk RNA-seq
PRJNA691505	54	54	72	2	False	1	0	0.0	False			RNA-Seq|TRANSCRIPTOMIC|cDNA	bulk RNA-seq
PRJNA789576	54	54	60	2	False	1	0	0.0	False			RNA-Seq|TRANSCRIPTOMIC|cDNA	bulk RNA-seq
PRJNA809006	54	54	78	4	False	1	0	0.0	False			RNA-Seq|TRANSCRIPTOMIC|cDNA	10x Genomics Chromium
PRJNA847080	54	54	54	1	True	3	0	0.0	False			ATAC-seq|GENOMIC|other;OTHER|GENOMIC|other;RNA-Seq|TRANSCRIPTOMIC|cDNA	bulk RNA-seq
PRJNA867186	54	54	54	1	True	1	3	0.889	False		18.0	RNA-Seq|TRANSCRIPTOMIC|cDNA	bulk RNA-seq
PRJNA872388	54	54	54	1	True	1	0	0.0	False			RNA-Seq|TRANSCRIPTOMIC|cDNA	bulk RNA-seq
PRJNA877006	54	54	60	4	False	4	0	0.0	False			ATAC-seq|GENOMIC|other;ChIP-Seq|GENOMIC|ChIP;RNA-Seq|TRANSCRIPTOMIC SINGLE CELL|cDNA;RNA-Seq|TRANSCRIPTOMIC|cDNA	bulk RNA-seq
PRJNA884749	54	54	54	1	True	1	0	0.0	False			RNA-Seq|TRANSCRIPTOMIC|cDNA	bulk RNA-seq
PRJNA923360	54	54	54	1	True	1	0	0.0	False			RNA-Seq|TRANSCRIPTOMIC|cDNA	bulk RNA-seq
PRJNA945846	54	54	65	2	False	1	0	0.0	False			RNA-Seq|TRANSCRIPTOMIC|cDNA	bulk RNA-seq
PRJNA981458	54	54	54	1	True	1	0	0.0	False			RNA-Seq|TRANSCRIPTOMIC|cDNA	bulk RNA-seq
PRJEB108696	53	54	54	2	False	1	0	0.0	False			RNA-Seq|TRANSCRIPTOMIC|cDNA	TruSeq Stranded mRNA
PRJEB108697	53	54	54	2	False	1	0	0.0	False			RNA-Seq|TRANSCRIPTOMIC|cDNA	TruSeq Stranded mRNA
PRJEB67877	53	53	106	2	False	1	0	0.0	False			RNA-Seq|TRANSCRIPTOMIC|PolyA	bulk RNA-seq
PRJEB91182	53	53	53	1	True	1	0	0.0	False			RNA-Seq|TRANSCRIPTOMIC|cDNA	bulk RNA-seq
PRJNA1057100	53	53	53	1	True	1	9	1.0	False		5.89	RNA-Seq|TRANSCRIPTOMIC|cDNA	bulk RNA-seq
PRJNA1092581	53	53	53	1	True	1	0	0.0	False			RNA-Seq|TRANSCRIPTOMIC|cDNA	bulk RNA-seq
PRJNA1139819	53	53	53	1	True	1	0	0.0	False			RNA-Seq|TRANSCRIPTOMIC|cDNA	bulk RNA-seq
PRJNA1436482	53	53	265	5	False	1	0	0.0	False			RNA-Seq|TRANSCRIPTOMIC|cDNA	bulk RNA-seq
PRJNA1465349	53	53	117	3	False	1	0	0.0	False			RNA-Seq|TRANSCRIPTOMIC SINGLE CELL|cDNA	single nucleus RNA-seq
PRJNA1465771	53	53	93	16	False	4	0	0.0	False			ATAC-seq|GENOMIC|other;OTHER|GENOMIC|other;RNA-Seq|TRANSCRIPTOMIC SINGLE CELL|cDNA;RNA-Seq|TRANSCRIPTOMIC|cDNA	Parse Biosciences;bulk RNA-seq
PRJNA547634	53	53	70	5	False	1	0	0.0	False			RNA-Seq|TRANSCRIPTOMIC|cDNA	10x Genomics Chromium
PRJNA669824	53	53	128	4	False	1	0	0.0	False			RNA-Seq|TRANSCRIPTOMIC|cDNA	single nucleus RNA-seq
PRJNA679245	53	53	53	1	True	1	0	0.0	False			RNA-Seq|TRANSCRIPTOMIC|cDNA	bulk RNA-seq
PRJNA991956	53	53	53	1	True	1	47	0.887	False		1.13	RNA-Seq|TRANSCRIPTOMIC|cDNA	bulk RNA-seq
PRJEB108695	52	53	53	2	False	1	0	0.0	False			RNA-Seq|TRANSCRIPTOMIC|cDNA	TruSeq Stranded mRNA
PRJEB108699	52	53	53	2	False	1	0	0.0	False			RNA-Seq|TRANSCRIPTOMIC|cDNA	TruSeq Stranded mRNA
PRJEB111683	52	52	52	1	True	1	1	0.442	False		52.0	RNA-Seq|TRANSCRIPTOMIC|cDNA	TruSeq Stranded mRNA
PRJEB22016	52	52	52	1	True	1	0	0.0	False			ChIP-Seq|GENOMIC|RT-PCR	bulk RNA-seq
PRJEB52612	52	52	208	4	False	1	0	0.0	False			RNA-Seq|TRANSCRIPTOMIC|Oligo-dT	bulk RNA-seq
PRJEB52941	52	52	52	1	True	1	1	1.0	False		52.0	RNA-Seq|TRANSCRIPTOMIC|PolyA	TruSeq Stranded mRNA
PRJNA1168418	52	52	52	1	True	1	0	0.0	False			RNA-Seq|TRANSCRIPTOMIC|cDNA	polyA selected RNA-seq
PRJNA1215263	52	52	52	1	True	1	1	0.077	False		52.0	RNA-Seq|TRANSCRIPTOMIC|cDNA	bulk RNA-seq
PRJNA1262379	52	52	52	1	True	2	0	0.0	False			ATAC-seq|GENOMIC|other;RNA-Seq|TRANSCRIPTOMIC|cDNA	bulk RNA-seq
PRJNA480306	52	52	52	1	True	2	0	0.0	False			ChIP-Seq|GENOMIC|ChIP;RNA-Seq|TRANSCRIPTOMIC|cDNA	bulk RNA-seq
PRJNA613090	52	52	416	8	False	1	0	0.0	False			RNA-Seq|TRANSCRIPTOMIC|cDNA	bulk RNA-seq
PRJNA623597	52	52	52	1	True	2	8	0.308	False		6.5	ChIP-Seq|GENOMIC|ChIP;RNA-Seq|TRANSCRIPTOMIC|cDNA	bulk RNA-seq
PRJNA962565	52	52	81	2	False	1	0	0.0	False			RNA-Seq|TRANSCRIPTOMIC|cDNA	bulk RNA-seq
PRJNA998732	52	52	52	1	True	1	4	0.231	False		13.0	RNA-Seq|TRANSCRIPTOMIC|cDNA	bulk RNA-seq
PRJEB108701	51	51	51	1	True	1	0	0.0	False			RNA-Seq|TRANSCRIPTOMIC|cDNA	TruSeq Stranded mRNA
PRJNA1039860	51	51	51	1	True	1	0	0.0	False			RNA-Seq|TRANSCRIPTOMIC|cDNA	bulk RNA-seq
PRJNA1067159	51	51	95	2	False	1	1	0.074	False		51.0	RNA-Seq|TRANSCRIPTOMIC|cDNA	bulk RNA-seq
PRJNA1085279	51	51	111	4	False	2	2	0.018	False		25.5	ATAC-seq|GENOMIC|other;RNA-Seq|TRANSCRIPTOMIC|cDNA	bulk RNA-seq
PRJNA1176580	51	51	51	1	True	1	0	0.0	False			RNA-Seq|TRANSCRIPTOMIC|cDNA	bulk RNA-seq
PRJNA1436552	51	51	51	1	True	1	0	0.0	False			RNA-Seq|TRANSCRIPTOMIC|cDNA	bulk RNA-seq
PRJNA1457545	51	51	51	1	True	1	18	0.686	False		2.83	RNA-Seq|TRANSCRIPTOMIC|cDNA	bulk RNA-seq
PRJNA382843	51	51	65	4	False	2	1	0.108	False		51.0	ChIP-Seq|GENOMIC|ChIP;RNA-Seq|TRANSCRIPTOMIC|cDNA	polyA selected RNA-seq
PRJNA530509	51	51	51	1	True	1	3	0.294	False		17.0	RNA-Seq|TRANSCRIPTOMIC|cDNA	bulk RNA-seq
PRJNA782568	51	51	57	2	False	1	0	0.0	False			RNA-Seq|TRANSCRIPTOMIC|cDNA	bulk RNA-seq
PRJNA839709	51	51	51	1	True	1	1	0.647	False		51.0	RNA-Seq|TRANSCRIPTOMIC|cDNA	bulk RNA-seq
PRJNA868732	51	51	51	1	True	1	0	0.0	False			RNA-Seq|TRANSCRIPTOMIC|cDNA	bulk RNA-seq
PRJEB32534	50	50	50	1	True	1	0	0.0	False			ssRNA-seq|TRANSCRIPTOMIC|Inverse rRNA	bulk RNA-seq
PRJEB61959	50	50	50	1	True	1	0	0.0	False			RNA-Seq|TRANSCRIPTOMIC|cDNA	TruSeq Stranded mRNA
PRJEB75795	50	50	100	2	False	1	0	0.0	False			RNA-Seq|TRANSCRIPTOMIC|Oligo-dT	bulk RNA-seq
PRJNA1072682	50	50	50	1	True	1	0	0.0	False			RNA-Seq|TRANSCRIPTOMIC|cDNA	bulk RNA-seq
PRJNA1112436	50	50	100	2	False	1	0	0.0	False			RNA-Seq|TRANSCRIPTOMIC|cDNA	bulk RNA-seq
PRJNA1154688	50	50	50	1	True	1	2	0.4	False		25.0	ATAC-seq|GENOMIC|other	bulk RNA-seq
PRJNA1284340	50	50	50	1	True	2	0	0.0	False			RNA-Seq|TRANSCRIPTOMIC SINGLE CELL|size fractionation;RNA-Seq|TRANSCRIPTOMIC|cDNA	single nucleus RNA-seq
PRJNA1444760	50	50	50	1	True	1	0	0.0	False			RNA-Seq|TRANSCRIPTOMIC|RANDOM	TruSeq Stranded mRNA
PRJNA612277	50	50	56	4	False	1	1	0.107	False		50.0	RNA-Seq|TRANSCRIPTOMIC|cDNA	bulk RNA-seq
PRJNA687495	50	50	50	1	True	1	0	0.0	False			RNA-Seq|TRANSCRIPTOMIC|cDNA	polyA selected RNA-seq
PRJNA704106	50	50	50	1	True	1	20	0.4	False		2.5	RNA-Seq|TRANSCRIPTOMIC|cDNA	TruSeq Stranded mRNA
PRJNA865273	50	50	50	1	True	1	0	0.0	False			RNA-Seq|TRANSCRIPTOMIC|cDNA	bulk RNA-seq
PRJEB47039	49	49	98	2	False	1	0	0.0	False			RNA-Seq|TRANSCRIPTOMIC|PolyA	bulk RNA-seq
PRJEB94055	49	49	49	1	True	1	0	0.0	False			RNA-Seq|TRANSCRIPTOMIC|Oligo-dT	bulk RNA-seq
PRJNA1035108	49	49	52	2	False	3	0	0.0	False			ChIP-Seq|GENOMIC|ChIP;RNA-Seq|TRANSCRIPTOMIC SINGLE CELL|cDNA;RNA-Seq|TRANSCRIPTOMIC|cDNA	10x Genomics Chromium
PRJNA1098218	49	49	49	1	True	1	0	0.0	False			RNA-Seq|TRANSCRIPTOMIC|cDNA	bulk RNA-seq
PRJNA1179447	49	49	49	1	True	1	0	0.0	False			RNA-Seq|TRANSCRIPTOMIC|cDNA	bulk RNA-seq
PRJNA1216272	49	49	49	1	True	1	0	0.0	False			RNA-Seq|TRANSCRIPTOMIC|cDNA	bulk RNA-seq
PRJNA1422780	49	49	49	1	True	3	0	0.0	False			Bisulfite-Seq|GENOMIC|RANDOM;RNA-Seq|TRANSCRIPTOMIC SINGLE CELL|cDNA;RNA-Seq|TRANSCRIPTOMIC|cDNA	bulk RNA-seq
PRJNA1428728	49	49	49	1	True	1	0	0.0	False			RNA-Seq|TRANSCRIPTOMIC|cDNA	bulk RNA-seq
PRJNA532920	49	49	49	1	True	1	0	0.0	False			RNA-Seq|TRANSCRIPTOMIC|cDNA	bulk RNA-seq
PRJNA707311	49	49	49	1	True	2	0	0.0	False			ATAC-seq|GENOMIC|other;RNA-Seq|TRANSCRIPTOMIC|cDNA	single nucleus RNA-seq
PRJNA758699	49	49	49	1	True	6	0	0.0	False			ATAC-seq|GENOMIC|other;ChIP-Seq|GENOMIC|ChIP;Hi-C|GENOMIC|other;OTHER|GENOMIC|other;RNA-Seq|GENOMIC|RACE;RNA-Seq|TRANSCRIPTOMIC|cDNA	bulk RNA-seq
PRJNA838824	49	49	49	1	True	1	0	0.0	False			RNA-Seq|TRANSCRIPTOMIC|cDNA	bulk RNA-seq
PRJDB19544	48	48	48	1	True	1	0	0.0	False			RNA-Seq|TRANSCRIPTOMIC|RANDOM	bulk RNA-seq
PRJEB101178	48	48	48	1	True	1	0	0.0	False			ssRNA-seq|TRANSCRIPTOMIC|Oligo-dT	TruSeq Stranded mRNA
PRJEB63562	48	48	48	1	True	2	24	0.5	False		2.0	RNA-Seq|TRANSCRIPTOMIC SINGLE CELL|Oligo-dT;RNA-Seq|TRANSCRIPTOMIC|Oligo-dT	bulk RNA-seq
PRJEB82526	48	48	48	1	True	1	0	0.0	False			RNA-Seq|TRANSCRIPTOMIC|cDNA	bulk RNA-seq
PRJNA1007654	48	48	48	1	True	1	0	0.0	False			miRNA-Seq|TRANSCRIPTOMIC|size fractionation	TruSeq Stranded mRNA
PRJNA1054201	48	48	48	1	True	1	0	0.0	False			RNA-Seq|TRANSCRIPTOMIC|cDNA	bulk RNA-seq
PRJNA1065886	48	48	48	1	True	1	0	0.0	False			RNA-Seq|TRANSCRIPTOMIC|cDNA	bulk RNA-seq
PRJNA1070307	48	48	48	1	True	1	0	0.0	False			RNA-Seq|TRANSCRIPTOMIC|cDNA	bulk RNA-seq
PRJNA1090473	48	48	64	2	False	3	0	0.0	False			ATAC-seq|GENOMIC|other;OTHER|GENOMIC|other;RNA-Seq|TRANSCRIPTOMIC|cDNA	bulk RNA-seq
PRJNA1111224	48	48	48	1	True	1	0	0.0	False			RNA-Seq|TRANSCRIPTOMIC|cDNA	bulk RNA-seq
PRJNA1126598	48	48	48	1	True	1	0	0.0	False			RNA-Seq|TRANSCRIPTOMIC|cDNA	bulk RNA-seq
PRJNA1128106	48	48	48	1	True	1	0	0.0	False			RNA-Seq|TRANSCRIPTOMIC|cDNA	bulk RNA-seq
PRJNA1139179	48	48	48	1	True	1	0	0.0	False			RNA-Seq|TRANSCRIPTOMIC|cDNA	bulk RNA-seq
PRJNA1140260	48	48	94	2	False	1	0	0.0	False			RNA-Seq|TRANSCRIPTOMIC|cDNA	bulk RNA-seq
PRJNA1179315	48	48	48	1	True	1	0	0.0	False			RNA-Seq|TRANSCRIPTOMIC|cDNA	bulk RNA-seq
PRJNA1190924	48	48	48	1	True	1	0	0.0	False			RNA-Seq|TRANSCRIPTOMIC|cDNA	bulk RNA-seq
PRJNA1221860	48	48	107	4	False	1	0	0.0	False			RNA-Seq|TRANSCRIPTOMIC SINGLE CELL|cDNA	10x Genomics Chromium
PRJNA1249051	48	48	240	5	False	1	0	0.0	False			RNA-Seq|TRANSCRIPTOMIC|cDNA	bulk RNA-seq
PRJNA1249052	48	48	96	2	False	1	5	0.417	False		9.6	RNA-Seq|TRANSCRIPTOMIC|cDNA	bulk RNA-seq
PRJNA1259078	48	48	48	1	True	1	26	1.0	False		1.85	OTHER|OTHER|PCR	bulk RNA-seq
PRJNA1259079	48	48	48	1	True	1	26	1.0	False		1.85	OTHER|OTHER|PCR	bulk RNA-seq
PRJNA1272565	48	48	48	1	True	1	0	0.0	False			RNA-Seq|TRANSCRIPTOMIC|cDNA	bulk RNA-seq
PRJNA1292879	48	48	48	1	True	1	0	0.0	False			RNA-Seq|TRANSCRIPTOMIC|cDNA	bulk RNA-seq
PRJNA1366924	48	48	48	1	True	1	0	0.0	False			RNA-Seq|TRANSCRIPTOMIC|cDNA	TruSeq Stranded mRNA
PRJNA1422161	48	48	48	1	True	1	0	0.0	False			RNA-Seq|TRANSCRIPTOMIC|cDNA	bulk RNA-seq
PRJNA1424988	48	48	48	1	True	1	0	0.0	False			OTHER|TRANSCRIPTOMIC|other	10x Genomics Chromium;bulk RNA-seq
PRJNA1475987	48	48	48	1	True	1	5	0.188	False		9.6	RNA-Seq|TRANSCRIPTOMIC SINGLE CELL|cDNA	10x Genomics Chromium
PRJNA476424	48	48	48	1	True	1	10	0.417	False		4.8	RNA-Seq|TRANSCRIPTOMIC|cDNA	TruSeq Stranded mRNA
PRJNA628980	48	48	48	1	True	1	0	0.0	False			RNA-Seq|TRANSCRIPTOMIC|cDNA	bulk RNA-seq
PRJNA668609	48	48	52	2	False	1	0	0.0	False			RNA-Seq|TRANSCRIPTOMIC|cDNA	10x Genomics Chromium
PRJNA675001	48	48	48	1	True	1	0	0.0	False			ChIP-Seq|GENOMIC|ChIP	bulk RNA-seq
PRJNA706183	48	48	48	1	True	1	0	0.0	False			RNA-Seq|TRANSCRIPTOMIC|cDNA	bulk RNA-seq
PRJNA721444	48	48	48	1	True	1	5	0.792	False		9.6	RNA-Seq|TRANSCRIPTOMIC|cDNA	bulk RNA-seq
PRJNA747013	48	48	48	1	True	1	6	1.0	False		8.0	RNA-Seq|TRANSCRIPTOMIC|cDNA	bulk RNA-seq
PRJNA752125	48	48	48	1	True	1	0	0.0	False			RNA-Seq|TRANSCRIPTOMIC|cDNA	bulk RNA-seq
PRJNA752274	48	48	55	8	False	1	7	0.527	False		6.86	RNA-Seq|TRANSCRIPTOMIC|cDNA	bulk RNA-seq
PRJNA753811	48	48	48	1	True	1	3	0.188	False		16.0	RNA-Seq|TRANSCRIPTOMIC|cDNA	bulk RNA-seq
PRJNA781235	48	48	48	1	True	1	0	0.0	False			RNA-Seq|TRANSCRIPTOMIC|cDNA	bulk RNA-seq
PRJNA785809	48	48	48	1	True	1	0	0.0	False			RNA-Seq|TRANSCRIPTOMIC|cDNA	bulk RNA-seq
PRJNA792562	48	48	49	2	False	1	2	0.041	False		24.0	RNA-Seq|TRANSCRIPTOMIC|cDNA	bulk RNA-seq
PRJNA816191	48	48	48	1	True	1	0	0.0	False			RNA-Seq|TRANSCRIPTOMIC|cDNA	bulk RNA-seq
PRJNA818664	48	48	48	1	True	1	0	0.0	False			RNA-Seq|TRANSCRIPTOMIC|cDNA	bulk RNA-seq
PRJNA855244	48	48	48	1	True	1	0	0.0	False			RNA-Seq|TRANSCRIPTOMIC|cDNA	bulk RNA-seq
PRJNA871265	48	48	48	1	True	1	6	0.438	False		8.0	RNA-Seq|TRANSCRIPTOMIC|cDNA	bulk RNA-seq
PRJNA898633	48	48	48	1	True	1	0	0.0	False			RNA-Seq|TRANSCRIPTOMIC|cDNA	bulk RNA-seq
PRJNA916476	48	48	48	1	True	1	0	0.0	False			RNA-Seq|TRANSCRIPTOMIC|cDNA	TruSeq Stranded mRNA
PRJNA933170	48	48	60	2	False	3	15	1.0	False		3.2	ATAC-seq|GENOMIC SINGLE CELL|other;RNA-Seq|TRANSCRIPTOMIC SINGLE CELL|cDNA;RNA-Seq|TRANSCRIPTOMIC|cDNA	bulk RNA-seq
PRJNA953387	48	48	73	3	False	1	1	0.082	False		48.0	RNA-Seq|TRANSCRIPTOMIC|cDNA	bulk RNA-seq
PRJNA967024	48	48	48	1	True	1	2	0.125	False		24.0	RNA-Seq|TRANSCRIPTOMIC|cDNA	bulk RNA-seq
PRJNA978035	48	48	48	1	True	1	0	0.0	False			RNA-Seq|TRANSCRIPTOMIC|cDNA	bulk RNA-seq
PRJNA995746	48	48	48	1	True	1	0	0.0	False			RNA-Seq|TRANSCRIPTOMIC|cDNA	bulk RNA-seq
PRJEB44076	47	47	47	1	True	1	0	0.0	False			RNA-Seq|TRANSCRIPTOMIC|cDNA_randomPriming	bulk RNA-seq
PRJEB71507	47	47	47	1	True	1	0	0.0	False			RNA-Seq|TRANSCRIPTOMIC|cDNA	bulk RNA-seq
PRJEB7366	47	94	94	2	False	1	0	0.0	False			RNA-Seq|TRANSCRIPTOMIC|cDNA	TruSeq Stranded mRNA
PRJNA1006730	47	47	50	2	False	2	1	0.04	False		47.0	RNA-Seq|TRANSCRIPTOMIC SINGLE CELL|cDNA;RNA-Seq|TRANSCRIPTOMIC|cDNA	bulk RNA-seq
PRJNA1175852	47	47	47	1	True	1	0	0.0	False			RNA-Seq|TRANSCRIPTOMIC|cDNA	bulk RNA-seq
PRJNA1183733	47	47	112	4	False	1	1	0.25	False		47.0	RNA-Seq|TRANSCRIPTOMIC SINGLE CELL|cDNA	single nucleus RNA-seq
PRJNA1213820	47	47	47	1	True	1	0	0.0	False			RNA-Seq|TRANSCRIPTOMIC|cDNA	bulk RNA-seq
PRJNA1230148	47	47	47	1	True	1	0	0.0	False			RNA-Seq|TRANSCRIPTOMIC|cDNA	bulk RNA-seq
PRJNA1301986	47	47	47	1	True	1	0	0.0	False			RNA-Seq|TRANSCRIPTOMIC|cDNA	bulk RNA-seq
PRJNA488637	47	47	47	1	True	2	0	0.0	False			RNA-Seq|GENOMIC|cDNA;RNA-Seq|TRANSCRIPTOMIC|cDNA	bulk RNA-seq
PRJNA498680	47	47	92	2	False	1	0	0.0	False			RNA-Seq|TRANSCRIPTOMIC|cDNA	Drop-seq
PRJNA639273	47	47	47	1	True	1	0	0.0	False			RNA-Seq|TRANSCRIPTOMIC|cDNA	bulk RNA-seq
PRJNA643221	47	47	47	1	True	1	0	0.0	False			RNA-Seq|TRANSCRIPTOMIC|cDNA	bulk RNA-seq
PRJNA729044	47	47	1392	192	False	2	0	0.0	False			OTHER|TRANSCRIPTOMIC|other;RNA-Seq|TRANSCRIPTOMIC|cDNA	single nucleus RNA-seq;bulk RNA-seq
PRJNA779039	47	47	47	1	True	1	0	0.0	False			RNA-Seq|TRANSCRIPTOMIC|cDNA	bulk RNA-seq
PRJNA822779	47	47	47	1	True	1	0	0.0	False			RNA-Seq|TRANSCRIPTOMIC|cDNA	bulk RNA-seq
PRJNA844982	47	47	47	1	True	1	0	0.0	False			RNA-Seq|TRANSCRIPTOMIC|cDNA	bulk RNA-seq
PRJNA874097	47	47	72	2	False	1	0	0.0	False			RNA-Seq|TRANSCRIPTOMIC|cDNA	bulk RNA-seq
PRJNA887743	47	47	47	1	True	1	0	0.0	False			RNA-Seq|TRANSCRIPTOMIC|cDNA	bulk RNA-seq
PRJNA929028	47	47	47	1	True	1	0	0.0	False			RNA-Seq|TRANSCRIPTOMIC|cDNA	bulk RNA-seq
PRJNA945323	47	47	47	1	True	1	0	0.0	False			RNA-Seq|TRANSCRIPTOMIC|cDNA	bulk RNA-seq
PRJNA1031256	46	46	46	1	True	1	0	0.0	False			RNA-Seq|TRANSCRIPTOMIC|cDNA	bulk RNA-seq
PRJNA1044815	46	46	46	1	True	1	0	0.0	False			RNA-Seq|TRANSCRIPTOMIC|cDNA	bulk RNA-seq
PRJNA1076149	46	46	46	1	True	1	0	0.0	False			RNA-Seq|TRANSCRIPTOMIC|cDNA	bulk RNA-seq
PRJNA1168674	46	46	46	1	True	1	0	0.0	False			RNA-Seq|TRANSCRIPTOMIC|PolyA	TruSeq Stranded mRNA
PRJNA1185625	46	46	46	1	True	3	3	0.261	False		15.33	ATAC-seq|TRANSCRIPTOMIC|RANDOM PCR;Bisulfite-Seq|TRANSCRIPTOMIC|RANDOM PCR;RNA-Seq|TRANSCRIPTOMIC|RANDOM PCR	bulk RNA-seq
PRJNA1209116	46	46	46	1	True	1	0	0.0	False			RNA-Seq|TRANSCRIPTOMIC|cDNA	bulk RNA-seq
PRJNA1265093	46	46	63	2	False	1	0	0.0	False			RNA-Seq|TRANSCRIPTOMIC|cDNA	bulk RNA-seq
PRJNA1298845	46	46	49	4	False	2	0	0.0	False			RNA-Seq|TRANSCRIPTOMIC SINGLE CELL|cDNA;RNA-Seq|TRANSCRIPTOMIC|cDNA	10x Genomics Chromium;bulk RNA-seq
PRJNA383372	46	46	87	2	False	1	0	0.0	False			RNA-Seq|TRANSCRIPTOMIC|cDNA	Drop-seq
PRJNA384122	46	46	46	1	True	1	1	0.087	False		46.0	RNA-Seq|TRANSCRIPTOMIC|cDNA	bulk RNA-seq
PRJNA561400	46	46	46	1	True	2	4	0.696	False		11.5	ATAC-seq|GENOMIC|other;RNA-Seq|TRANSCRIPTOMIC|cDNA	bulk RNA-seq
PRJNA776764	46	46	46	1	True	1	1	0.109	False		46.0	RNA-Seq|TRANSCRIPTOMIC|cDNA	bulk RNA-seq
PRJNA802831	46	46	46	1	True	2	0	0.0	False			ATAC-seq|GENOMIC|other;RNA-Seq|TRANSCRIPTOMIC|cDNA	bulk RNA-seq
PRJNA936434	46	46	92	2	False	1	0	0.0	False			RNA-Seq|TRANSCRIPTOMIC|cDNA	bulk RNA-seq
PRJEB34920	45	45	45	1	True	1	0	0.0	False			RNA-Seq|TRANSCRIPTOMIC|PolyA	TruSeq Stranded mRNA
PRJNA1033602	45	45	45	1	True	1	3	0.533	False		15.0	RNA-Seq|TRANSCRIPTOMIC|cDNA	bulk RNA-seq
PRJNA1074761	45	45	540	12	False	1	0	0.0	False			RNA-Seq|TRANSCRIPTOMIC SINGLE CELL|cDNA	single nucleus RNA-seq;bulk RNA-seq
PRJNA1165481	45	45	45	1	True	1	4	0.8	False		11.25	RNA-Seq|TRANSCRIPTOMIC|Oligo-dT	bulk RNA-seq
PRJNA1232984	45	45	45	1	True	1	0	0.0	False			RNA-Seq|TRANSCRIPTOMIC|cDNA	bulk RNA-seq
PRJNA1288458	45	45	45	1	True	1	0	0.0	False			RNA-Seq|TRANSCRIPTOMIC|cDNA	bulk RNA-seq
PRJNA1297768	45	45	45	1	True	2	0	0.0	False			ChIP-Seq|GENOMIC|ChIP;RNA-Seq|TRANSCRIPTOMIC|cDNA	bulk RNA-seq
PRJNA1304490	45	45	45	1	True	1	0	0.0	False			RNA-Seq|TRANSCRIPTOMIC|cDNA	bulk RNA-seq
PRJNA1315240	45	45	78	4	False	1	0	0.0	False			RNA-Seq|TRANSCRIPTOMIC|cDNA	bulk RNA-seq
PRJNA437330	45	45	45	1	True	1	3	1.0	False		15.0	RNA-Seq|TRANSCRIPTOMIC|cDNA	bulk RNA-seq
PRJNA522787	45	45	45	1	True	1	2	0.667	False		22.5	RNA-Seq|TRANSCRIPTOMIC|cDNA	TruSeq Stranded mRNA
PRJNA549848	45	45	45	1	True	1	0	0.0	False			RNA-Seq|TRANSCRIPTOMIC|cDNA	bulk RNA-seq
PRJNA638661	45	45	45	1	True	1	1	0.067	False		45.0	RNA-Seq|TRANSCRIPTOMIC|cDNA	bulk RNA-seq
PRJNA665187	45	45	45	1	True	1	0	0.0	False			RNA-Seq|TRANSCRIPTOMIC|cDNA	TruSeq Stranded mRNA
PRJNA695273	45	45	45	1	True	1	0	0.0	False			RNA-Seq|TRANSCRIPTOMIC|cDNA	bulk RNA-seq
PRJNA714972	45	45	45	1	True	1	5	0.667	False		9.0	RNA-Seq|TRANSCRIPTOMIC|cDNA	bulk RNA-seq
PRJNA753877	45	45	46	2	False	1	0	0.0	False			RNA-Seq|TRANSCRIPTOMIC|cDNA	bulk RNA-seq
PRJNA771123	45	45	45	1	True	1	8	0.533	False		5.62	RNA-Seq|TRANSCRIPTOMIC|cDNA	bulk RNA-seq
PRJNA860299	45	45	45	1	True	1	8	0.467	False		5.62	RNA-Seq|TRANSCRIPTOMIC|cDNA	bulk RNA-seq
PRJEB108587	44	44	44	1	True	1	0	0.0	False			RNA-Seq|TRANSCRIPTOMIC|cDNA	TruSeq Stranded mRNA
PRJNA1038768	44	44	88	2	False	1	0	0.0	False			RNA-Seq|TRANSCRIPTOMIC|cDNA	bulk RNA-seq
PRJNA1232834	44	44	44	1	True	2	0	0.0	False			RNA-Seq|TRANSCRIPTOMIC SINGLE CELL|cDNA;RNA-Seq|TRANSCRIPTOMIC|cDNA	10x Genomics Chromium
PRJNA1247577	44	44	44	1	True	1	2	0.591	False		22.0	RNA-Seq|TRANSCRIPTOMIC|PolyA	bulk RNA-seq
PRJNA1271597	44	44	44	1	True	4	0	0.0	False			ATAC-seq|GENOMIC|PCR;ChIP-Seq|GENOMIC|ChIP;RNA-Seq|TRANSCRIPTOMIC|Oligo-dT;RNA-Seq|TRANSCRIPTOMIC|PolyA	bulk RNA-seq
PRJNA360991	44	44	44	1	True	1	0	0.0	False			RNA-Seq|TRANSCRIPTOMIC|cDNA	TruSeq Stranded mRNA
PRJNA542371	44	44	84	4	False	1	1	0.167	False		44.0	RNA-Seq|TRANSCRIPTOMIC|cDNA	bulk RNA-seq
PRJNA637571	44	44	56	8	False	1	0	0.0	False			RNA-Seq|TRANSCRIPTOMIC|cDNA	bulk RNA-seq
PRJNA749786	44	44	44	1	True	1	0	0.0	False			RNA-Seq|TRANSCRIPTOMIC|cDNA	Drop-seq
PRJNA750491	44	44	44	1	True	1	0	0.0	False			RNA-Seq|TRANSCRIPTOMIC|cDNA	10x Genomics Chromium
PRJNA751096	44	44	44	1	True	2	2	0.091	False		22.0	OTHER|TRANSCRIPTOMIC|other;RNA-Seq|TRANSCRIPTOMIC|cDNA	bulk RNA-seq
PRJEB108593	43	44	44	2	False	1	0	0.0	False			RNA-Seq|TRANSCRIPTOMIC|cDNA	TruSeq Stranded mRNA
PRJEB112515	43	43	43	1	True	1	3	0.209	False		14.33	AMPLICON|TRANSCRIPTOMIC|PolyA	bulk RNA-seq
PRJEB86781	43	43	43	1	True	1	2	1.0	False		21.5	RNA-Seq|TRANSCRIPTOMIC|PolyA	TruSeq Stranded mRNA
PRJNA1005593	43	43	43	1	True	3	0	0.0	False			OTHER|TRANSCRIPTOMIC|other;RNA-Seq|TRANSCRIPTOMIC SINGLE CELL|cDNA;RNA-Seq|TRANSCRIPTOMIC|cDNA	bulk RNA-seq
PRJNA1040793	43	43	43	1	True	1	0	0.0	False			RNA-Seq|TRANSCRIPTOMIC|cDNA	bulk RNA-seq
PRJNA1080520	43	43	120	4	False	1	0	0.0	False			OTHER|GENOMIC|other	bulk RNA-seq
PRJNA1100508	43	43	73	4	False	1	0	0.0	False			RNA-Seq|TRANSCRIPTOMIC SINGLE CELL|cDNA	10x Genomics Chromium
PRJNA1425480	43	43	86	2	False	1	0	0.0	False			RNA-Seq|TRANSCRIPTOMIC|cDNA	bulk RNA-seq
PRJNA1436629	43	43	43	1	True	1	13	0.302	False		3.31	RNA-Seq|TRANSCRIPTOMIC|cDNA_randomPriming	bulk RNA-seq
PRJNA637450	43	43	63	2	False	1	18	0.81	False		2.39	RNA-Seq|TRANSCRIPTOMIC|cDNA	bulk RNA-seq
PRJNA888788	43	43	43	1	True	4	6	0.14	False		7.17	ATAC-seq|GENOMIC|other;OTHER|GENOMIC|other;RNA-Seq|TRANSCRIPTOMIC SINGLE CELL|cDNA;RNA-Seq|TRANSCRIPTOMIC|cDNA	bulk RNA-seq
PRJNA902008	43	43	43	1	True	1	0	0.0	False			RNA-Seq|TRANSCRIPTOMIC|cDNA	TruSeq Stranded mRNA
PRJNA922228	43	43	50	2	False	3	3	0.88	False		14.33	ATAC-seq|GENOMIC|other;RNA-Seq|TRANSCRIPTOMIC SINGLE CELL|cDNA;RNA-Seq|TRANSCRIPTOMIC|cDNA	bulk RNA-seq
PRJEB30012	42	42	43	2	False	1	3	0.372	False		14.0	ssRNA-seq|TRANSCRIPTOMIC|RANDOM	TruSeq Stranded mRNA
PRJEB76583	42	42	42	1	True	1	0	0.0	False			RNA-Seq|TRANSCRIPTOMIC|PolyA	bulk RNA-seq
PRJNA1032938	42	42	42	1	True	1	0	0.0	False			ATAC-seq|GENOMIC|other	10x Genomics Chromium
PRJNA1078704	42	42	78	2	False	2	0	0.0	False			OTHER|GENOMIC|other;RNA-Seq|TRANSCRIPTOMIC|cDNA	bulk RNA-seq
PRJNA1171175	42	42	42	1	True	1	0	0.0	False			RNA-Seq|TRANSCRIPTOMIC|RANDOM	TruSeq Stranded mRNA
PRJNA1179888	42	42	54	2	False	3	1	0.296	False		42.0	OTHER|OTHER|other;OTHER|TRANSCRIPTOMIC|other;RNA-Seq|TRANSCRIPTOMIC SINGLE CELL|cDNA	bulk RNA-seq
PRJNA1195609	42	42	42	1	True	2	0	0.0	False			RNA-Seq|OTHER|cDNA;RNA-Seq|TRANSCRIPTOMIC|cDNA	polyA selected RNA-seq
PRJNA1311518	42	42	42	1	True	1	0	0.0	False			RNA-Seq|TRANSCRIPTOMIC|cDNA	bulk RNA-seq
PRJNA1392172	42	42	42	1	True	2	0	0.0	False			RNA-Seq|METATRANSCRIPTOMIC|PolyA;RNA-Seq|TRANSCRIPTOMIC|PolyA	bulk RNA-seq
PRJNA320286	42	42	42	1	True	1	0	0.0	False			RNA-Seq|TRANSCRIPTOMIC|cDNA	TruSeq Stranded mRNA
PRJNA505874	42	42	42	1	True	1	4	1.0	False		10.5	RNA-Seq|TRANSCRIPTOMIC|cDNA	bulk RNA-seq
PRJNA548108	42	42	42	1	True	1	0	0.0	False			RNA-Seq|TRANSCRIPTOMIC|cDNA	single nucleus RNA-seq
PRJNA553361	42	42	62	6	False	1	0	0.0	False			RNA-Seq|TRANSCRIPTOMIC|cDNA	bulk RNA-seq
PRJNA559153	42	42	42	1	True	1	0	0.0	False			RNA-Seq|TRANSCRIPTOMIC|cDNA	Drop-seq
PRJNA641393	42	42	42	1	True	1	0	0.0	False			RNA-Seq|TRANSCRIPTOMIC|cDNA	bulk RNA-seq
PRJNA694996	42	42	55	2	False	1	0	0.0	False			RNA-Seq|TRANSCRIPTOMIC|cDNA	10x Genomics Chromium
PRJNA724735	42	42	42	1	True	1	0	0.0	False			RNA-Seq|TRANSCRIPTOMIC|cDNA	bulk RNA-seq
PRJNA755760	42	42	42	1	True	1	0	0.0	False			RNA-Seq|TRANSCRIPTOMIC|RT-PCR	bulk RNA-seq
PRJNA755761	42	42	42	1	True	1	0	0.0	False			RNA-Seq|TRANSCRIPTOMIC|RT-PCR	bulk RNA-seq
PRJNA827773	42	42	42	1	True	1	3	1.0	False		14.0	RNA-Seq|TRANSCRIPTOMIC|cDNA	bulk RNA-seq
PRJNA844016	42	42	42	1	True	1	0	0.0	False			RNA-Seq|TRANSCRIPTOMIC|cDNA	bulk RNA-seq
PRJNA928413	42	42	42	1	True	1	0	0.0	False			RNA-Seq|TRANSCRIPTOMIC|cDNA	bulk RNA-seq
PRJNA951766	42	42	42	1	True	1	0	0.0	False			RNA-Seq|TRANSCRIPTOMIC|cDNA	bulk RNA-seq
PRJNA971941	42	42	42	1	True	1	0	0.0	False			RNA-Seq|TRANSCRIPTOMIC|cDNA	bulk RNA-seq
PRJNA1158252	41	41	41	1	True	1	0	0.0	False			RNA-Seq|TRANSCRIPTOMIC|cDNA	bulk RNA-seq
PRJNA1191832	41	41	41	1	True	1	0	0.0	False			RNA-Seq|TRANSCRIPTOMIC|cDNA	bulk RNA-seq
PRJNA1209089	41	41	41	1	True	2	39	0.951	True	96	1.05	OTHER|TRANSCRIPTOMIC|other;RNA-Seq|TRANSCRIPTOMIC SINGLE CELL|cDNA	single nucleus RNA-seq
PRJNA1213147	41	41	41	1	True	1	0	0.0	False			RNA-Seq|TRANSCRIPTOMIC|cDNA	bulk RNA-seq
PRJNA1238266	41	41	41	1	True	2	0	0.0	False			ATAC-seq|GENOMIC|other;RNA-Seq|TRANSCRIPTOMIC|cDNA	bulk RNA-seq
PRJNA1240347	41	41	41	1	True	1	0	0.0	False			RNA-Seq|TRANSCRIPTOMIC|cDNA	bulk RNA-seq
PRJNA1285340	41	41	41	1	True	1	0	0.0	False			RNA-Seq|TRANSCRIPTOMIC|cDNA	bulk RNA-seq
PRJNA1468064	41	41	82	2	False	1	0	0.0	False			RNA-Seq|TRANSCRIPTOMIC|cDNA	bulk RNA-seq
PRJNA477513	41	41	41	1	True	1	0	0.0	False			RNA-Seq|TRANSCRIPTOMIC|cDNA	TruSeq Stranded mRNA
PRJNA514051	41	41	41	1	True	1	0	0.0	False			RNA-Seq|TRANSCRIPTOMIC|cDNA	Drop-seq;bulk RNA-seq
PRJNA707048	41	41	41	1	True	4	0	0.0	False			ATAC-seq|GENOMIC|other;ChIP-Seq|GENOMIC|ChIP;OTHER|GENOMIC|other;RNA-Seq|TRANSCRIPTOMIC|cDNA	bulk RNA-seq
PRJNA841051	41	41	41	1	True	1	6	0.951	False		6.83	RNA-Seq|TRANSCRIPTOMIC|cDNA	bulk RNA-seq
PRJNA907023	41	41	41	1	True	2	0	0.0	False			ATAC-seq|GENOMIC|other;RNA-Seq|TRANSCRIPTOMIC|cDNA	bulk RNA-seq
PRJEB107058	40	40	40	1	True	2	0	0.0	False			RNA-Seq|TRANSCRIPTOMIC|PCR;RNA-Seq|TRANSCRIPTOMIC|cDNA	bulk RNA-seq
PRJEB43429	40	40	40	1	True	1	0	0.0	False			RNA-Seq|TRANSCRIPTOMIC|Oligo-dT	bulk RNA-seq
PRJEB49233	40	40	40	1	True	2	0	0.0	False			OTHER|TRANSCRIPTOMIC|RANDOM;RNA-Seq|TRANSCRIPTOMIC|RANDOM	bulk RNA-seq
PRJNA1001833	40	40	40	1	True	1	0	0.0	False			RNA-Seq|TRANSCRIPTOMIC|cDNA	bulk RNA-seq
PRJNA1006732	40	40	84	16	False	2	0	0.0	False			RNA-Seq|TRANSCRIPTOMIC SINGLE CELL|cDNA;RNA-Seq|TRANSCRIPTOMIC|cDNA	TruSeq Stranded mRNA
PRJNA1036631	40	40	40	1	True	3	0	0.0	False			OTHER|GENOMIC|Hybrid Selection;RNA-Seq|TRANSCRIPTOMIC SINGLE CELL|cDNA;WXS|GENOMIC|PCR	bulk RNA-seq
PRJNA1037105	40	40	40	1	True	1	0	0.0	False			RNA-Seq|TRANSCRIPTOMIC|cDNA	bulk RNA-seq
PRJNA1040816	40	40	42	2	False	1	0	0.0	False			ChIP-Seq|GENOMIC|ChIP	bulk RNA-seq
PRJNA1052657	40	40	40	1	True	1	0	0.0	False			RNA-Seq|TRANSCRIPTOMIC|cDNA	bulk RNA-seq
PRJNA1071577	40	40	40	1	True	1	1	0.2	False		40.0	RNA-Seq|TRANSCRIPTOMIC|cDNA	bulk RNA-seq
PRJNA1075780	40	40	120	3	False	1	0	0.0	False			RNA-Seq|TRANSCRIPTOMIC SINGLE CELL|cDNA	single nucleus RNA-seq
PRJNA1104296	40	40	160	4	False	1	0	0.0	False			RNA-Seq|TRANSCRIPTOMIC|cDNA	bulk RNA-seq
PRJNA1113670	40	40	40	1	True	1	0	0.0	False			RNA-Seq|TRANSCRIPTOMIC|cDNA	bulk RNA-seq
PRJNA1195127	40	40	40	1	True	1	0	0.0	False			RNA-Seq|TRANSCRIPTOMIC|cDNA	bulk RNA-seq
PRJNA1211075	40	40	40	1	True	1	0	0.0	False			RNA-Seq|TRANSCRIPTOMIC|cDNA	bulk RNA-seq
PRJNA1269084	40	40	40	1	True	1	0	0.0	False			RNA-Seq|TRANSCRIPTOMIC|cDNA	bulk RNA-seq
PRJNA1330797	40	40	40	1	True	1	0	0.0	False			RNA-Seq|TRANSCRIPTOMIC|cDNA	bulk RNA-seq
PRJNA417194	40	40	40	1	True	1	0	0.0	False			RNA-Seq|TRANSCRIPTOMIC|cDNA	bulk RNA-seq
PRJNA509361	40	40	80	2	False	1	0	0.0	False			RNA-Seq|TRANSCRIPTOMIC|cDNA	bulk RNA-seq
PRJNA556183	40	40	40	1	True	2	0	0.0	False			RIP-Seq|TRANSCRIPTOMIC|cDNA;RNA-Seq|TRANSCRIPTOMIC|cDNA	TruSeq Stranded mRNA
PRJNA642294	40	40	40	1	True	1	0	0.0	False			RNA-Seq|TRANSCRIPTOMIC|Oligo-dT	bulk RNA-seq
PRJNA716805	40	40	40	1	True	1	0	0.0	False			RNA-Seq|TRANSCRIPTOMIC|Oligo-dT	bulk RNA-seq
PRJNA734178	40	40	40	1	True	1	0	0.0	False			RNA-Seq|TRANSCRIPTOMIC|cDNA	bulk RNA-seq
PRJNA749774	40	40	40	1	True	1	0	0.0	False			RNA-Seq|TRANSCRIPTOMIC|cDNA	bulk RNA-seq
PRJNA766219	40	40	112	3	False	1	0	0.0	False			RNA-Seq|TRANSCRIPTOMIC|cDNA	bulk RNA-seq
PRJNA781908	40	40	46	4	False	1	0	0.0	False			RNA-Seq|TRANSCRIPTOMIC|cDNA	10x Genomics Chromium
PRJNA804193	40	40	40	1	True	1	0	0.0	False			RNA-Seq|TRANSCRIPTOMIC|cDNA	bulk RNA-seq
PRJNA860948	40	40	40	1	True	1	0	0.0	False			RNA-Seq|TRANSCRIPTOMIC SINGLE CELL|cDNA	Drop-seq
PRJNA876269	40	40	80	2	False	1	0	0.0	False			RNA-Seq|TRANSCRIPTOMIC|cDNA	bulk RNA-seq
PRJNA880589	40	40	40	1	True	1	24	0.6	False		1.67	RNA-Seq|TRANSCRIPTOMIC|cDNA	bulk RNA-seq
PRJNA902400	40	40	97	3	False	1	0	0.0	False			RNA-Seq|TRANSCRIPTOMIC|cDNA	bulk RNA-seq
PRJNA917304	40	40	93	4	False	1	0	0.0	False			RNA-Seq|TRANSCRIPTOMIC SINGLE CELL|cDNA	single nucleus RNA-seq
PRJNA976737	40	40	40	1	True	1	0	0.0	False			RNA-Seq|TRANSCRIPTOMIC SINGLE CELL|cDNA	sci-RNA-seq
PRJNA994070	40	40	40	1	True	1	0	0.0	False			RNA-Seq|TRANSCRIPTOMIC|cDNA	bulk RNA-seq
PRJDB19607	39	39	39	1	True	2	0	0.0	False			RNA-Seq|TRANSCRIPTOMIC|PolyA;RNA-Seq|TRANSCRIPTOMIC|other	bulk RNA-seq
PRJEB108694	39	40	40	2	False	1	0	0.0	False			RNA-Seq|TRANSCRIPTOMIC|cDNA	TruSeq Stranded mRNA
PRJEB43425	39	39	39	1	True	1	0	0.0	False			RNA-Seq|TRANSCRIPTOMIC|Oligo-dT	bulk RNA-seq
PRJEB47663	39	39	39	1	True	1	0	0.0	False			RNA-Seq|TRANSCRIPTOMIC|PolyA	bulk RNA-seq
PRJEB75792	39	39	39	1	True	1	0	0.0	False			ssRNA-seq|TRANSCRIPTOMIC|Oligo-dT	bulk RNA-seq
PRJEB91183	39	39	39	1	True	1	0	0.0	False			RNA-Seq|TRANSCRIPTOMIC|cDNA	bulk RNA-seq
PRJNA1039256	39	39	39	1	True	1	0	0.0	False			RNA-Seq|TRANSCRIPTOMIC|cDNA	bulk RNA-seq
PRJNA1071539	39	39	39	1	True	1	3	0.359	False		13.0	RNA-Seq|TRANSCRIPTOMIC|cDNA	bulk RNA-seq
PRJNA1098764	39	39	39	1	True	1	2	0.487	False		19.5	RNA-Seq|TRANSCRIPTOMIC|cDNA	bulk RNA-seq
PRJNA1100457	39	39	39	1	True	1	0	0.0	False			RNA-Seq|TRANSCRIPTOMIC|cDNA	bulk RNA-seq
PRJNA1139096	39	39	39	1	True	1	0	0.0	False			RNA-Seq|TRANSCRIPTOMIC|cDNA	bulk RNA-seq
PRJNA1150229	39	39	71	4	False	1	3	0.338	False		13.0	RNA-Seq|TRANSCRIPTOMIC|cDNA	bulk RNA-seq
PRJNA1216615	39	39	39	1	True	1	0	0.0	False			RNA-Seq|TRANSCRIPTOMIC|cDNA	bulk RNA-seq
PRJNA1242345	39	39	39	1	True	1	0	0.0	False			RNA-Seq|TRANSCRIPTOMIC|cDNA	bulk RNA-seq
PRJNA1259736	39	39	39	1	True	3	18	0.462	False		2.17	ATAC-seq|GENOMIC|PCR;RNA-Seq|TRANSCRIPTOMIC SINGLE CELL|RT-PCR;RNA-Seq|TRANSCRIPTOMIC|RT-PCR	bulk RNA-seq
PRJNA1378076	39	39	39	1	True	1	0	0.0	False			RNA-Seq|TRANSCRIPTOMIC|cDNA	TruSeq Stranded mRNA
PRJNA1392438	39	39	39	1	True	1	0	0.0	False			RNA-Seq|TRANSCRIPTOMIC|cDNA	bulk RNA-seq
PRJNA1461461	39	39	39	1	True	1	1	0.128	False		39.0	RNA-Seq|TRANSCRIPTOMIC|cDNA	bulk RNA-seq
PRJNA540506	39	39	39	1	True	1	0	0.0	False			RNA-Seq|TRANSCRIPTOMIC|cDNA	bulk RNA-seq
PRJNA560563	39	39	39	1	True	1	0	0.0	False			RNA-Seq|TRANSCRIPTOMIC|cDNA	TruSeq Stranded mRNA
PRJNA561772	39	39	39	1	True	1	0	0.0	False			RNA-Seq|TRANSCRIPTOMIC|cDNA	bulk RNA-seq
PRJNA661332	39	39	39	1	True	1	0	0.0	False			RNA-Seq|TRANSCRIPTOMIC|cDNA	bulk RNA-seq
PRJNA747292	39	39	186	8	False	2	0	0.0	False			OTHER|TRANSCRIPTOMIC|other;RNA-Seq|TRANSCRIPTOMIC|cDNA	10x Genomics Chromium
PRJNA750155	39	39	39	1	True	1	26	1.0	False		1.5	RNA-Seq|TRANSCRIPTOMIC|PCR	bulk RNA-seq
PRJNA824311	39	39	39	1	True	1	11	0.744	False		3.55	RNA-Seq|TRANSCRIPTOMIC|cDNA	bulk RNA-seq
PRJNA947161	39	39	39	1	True	1	0	0.0	False			RNA-Seq|TRANSCRIPTOMIC|cDNA	TruSeq Stranded mRNA
PRJNA971186	39	39	39	1	True	1	1	0.538	False		39.0	RNA-Seq|TRANSCRIPTOMIC|cDNA	bulk RNA-seq
PRJNA1026647	38	38	38	1	True	1	0	0.0	False			RNA-Seq|TRANSCRIPTOMIC|cDNA	bulk RNA-seq
PRJNA1033573	38	38	38	1	True	1	0	0.0	False			RNA-Seq|TRANSCRIPTOMIC|cDNA	bulk RNA-seq
PRJNA1039811	38	38	102	4	False	1	0	0.0	False			OTHER|GENOMIC|other	bulk RNA-seq
PRJNA1128169	38	38	38	1	True	1	0	0.0	False			RNA-Seq|TRANSCRIPTOMIC|cDNA	bulk RNA-seq
PRJNA1140852	38	38	38	1	True	1	0	0.0	False			RNA-Seq|TRANSCRIPTOMIC|cDNA	bulk RNA-seq
PRJNA1273986	38	38	38	1	True	2	0	0.0	False			RNA-Seq|TRANSCRIPTOMIC|cDNA;WGS|GENOMIC|other	bulk RNA-seq
PRJNA1450076	38	38	114	3	False	1	0	0.0	False			RNA-Seq|TRANSCRIPTOMIC SINGLE CELL|cDNA	10x Genomics Chromium
PRJNA316219	38	38	38	1	True	1	1	0.026	False		38.0	RNA-Seq|TRANSCRIPTOMIC|cDNA	bulk RNA-seq
PRJNA556201	38	38	38	1	True	1	1	0.079	False		38.0	RNA-Seq|TRANSCRIPTOMIC|cDNA	bulk RNA-seq
PRJNA608522	38	38	38	1	True	1	8	1.0	False		4.75	RNA-Seq|TRANSCRIPTOMIC|cDNA	bulk RNA-seq
PRJNA614911	38	38	38	1	True	1	2	0.053	False		19.0	RNA-Seq|TRANSCRIPTOMIC|cDNA	Drop-seq
PRJNA633155	38	38	38	1	True	2	3	0.553	False		12.67	ATAC-seq|GENOMIC|other;RNA-Seq|TRANSCRIPTOMIC|cDNA	bulk RNA-seq
PRJNA656945	38	38	38	1	True	1	0	0.0	False			RNA-Seq|TRANSCRIPTOMIC|cDNA	bulk RNA-seq
PRJNA708208	38	38	62	3	False	1	0	0.0	False			RNA-Seq|TRANSCRIPTOMIC|cDNA	bulk RNA-seq
PRJNA726572	38	38	44	4	False	2	0	0.0	False			ChIP-Seq|GENOMIC|ChIP;RNA-Seq|TRANSCRIPTOMIC|cDNA	bulk RNA-seq
PRJNA751223	38	38	38	1	True	3	10	0.553	False		3.8	ATAC-seq|GENOMIC|other;ChIP-Seq|GENOMIC|ChIP;RNA-Seq|TRANSCRIPTOMIC|cDNA	10x Genomics Chromium
PRJNA778782	38	38	52	2	False	1	0	0.0	False			RNA-Seq|TRANSCRIPTOMIC|cDNA	bulk RNA-seq
PRJNA806352	38	38	38	1	True	2	1	0.053	False		38.0	ATAC-seq|GENOMIC|other;RNA-Seq|TRANSCRIPTOMIC|cDNA	bulk RNA-seq
PRJNA832122	38	38	38	1	True	1	2	0.789	False		19.0	RNA-Seq|TRANSCRIPTOMIC|cDNA	bulk RNA-seq
PRJNA844023	38	38	38	1	True	1	0	0.0	False			RNA-Seq|TRANSCRIPTOMIC|cDNA	bulk RNA-seq
PRJNA856509	38	38	38	1	True	3	0	0.0	False			OTHER|TRANSCRIPTOMIC|other;RIP-Seq|TRANSCRIPTOMIC|other;RNA-Seq|TRANSCRIPTOMIC|cDNA	bulk RNA-seq
PRJNA883411	38	38	38	1	True	1	24	0.632	False		1.58	RNA-Seq|TRANSCRIPTOMIC SINGLE CELL|cDNA	10x Genomics Chromium;single nucleus RNA-seq
PRJNA916500	38	38	124	4	False	1	0	0.0	False			RNA-Seq|TRANSCRIPTOMIC SINGLE CELL|cDNA	Parse Biosciences
PRJNA978083	38	38	38	1	True	1	0	0.0	False			RNA-Seq|TRANSCRIPTOMIC SINGLE CELL|cDNA	10x Genomics Chromium
PRJEB28586	37	37	2560	96	False	1	0	0.0	False			RNA-Seq|TRANSCRIPTOMIC SINGLE CELL|Oligo-dT	10x Genomics Chromium
PRJNA1008064	37	37	37	1	True	1	0	0.0	False			RNA-Seq|TRANSCRIPTOMIC|cDNA	bulk RNA-seq
PRJNA1154948	37	37	37	1	True	1	0	0.0	False			RNA-Seq|TRANSCRIPTOMIC|cDNA	bulk RNA-seq
PRJNA1179453	37	37	37	1	True	1	0	0.0	False			RNA-Seq|TRANSCRIPTOMIC|cDNA	bulk RNA-seq
PRJNA1193465	37	37	37	1	True	1	1	0.649	False		37.0	RNA-Seq|TRANSCRIPTOMIC|cDNA	bulk RNA-seq
PRJNA556200	37	37	47	2	False	1	0	0.0	False			RNA-Seq|TRANSCRIPTOMIC|cDNA	bulk RNA-seq
PRJNA602299	37	37	86	4	False	1	4	0.465	False		9.25	RNA-Seq|TRANSCRIPTOMIC|cDNA	single nucleus RNA-seq
PRJNA615697	37	37	37	1	True	1	0	0.0	False			RNA-Seq|TRANSCRIPTOMIC|cDNA	bulk RNA-seq
PRJNA668222	37	38	40	4	False	2	0	0.0	False			RNA-Seq|TRANSCRIPTOMIC|RANDOM PCR;RNA-Seq|TRANSCRIPTOMIC|RT-PCR	bulk RNA-seq
PRJNA707538	37	37	37	1	True	2	0	0.0	False			ATAC-seq|GENOMIC|other;RNA-Seq|TRANSCRIPTOMIC|cDNA	bulk RNA-seq
PRJNA715371	37	37	37	1	True	1	0	0.0	False			RNA-Seq|TRANSCRIPTOMIC|cDNA	bulk RNA-seq
PRJNA767550	37	37	37	1	True	1	0	0.0	False			RNA-Seq|TRANSCRIPTOMIC|cDNA	bulk RNA-seq
PRJNA812041	37	37	37	1	True	1	0	0.0	False			RNA-Seq|TRANSCRIPTOMIC|cDNA	bulk RNA-seq
PRJDB14143	36	36	36	1	True	1	0	0.0	False			RNA-Seq|TRANSCRIPTOMIC|Oligo-dT	TruSeq Stranded mRNA
PRJDB40719	36	36	36	1	True	1	0	0.0	False			RNA-Seq|TRANSCRIPTOMIC|cDNA_oligo_dT	bulk RNA-seq
PRJDB6361	36	36	36	1	True	1	0	0.0	False			RNA-Seq|TRANSCRIPTOMIC|size fractionation	TruSeq Stranded mRNA
PRJEB29950	36	36	36	1	True	1	0	0.0	False			RNA-Seq|TRANSCRIPTOMIC|PolyA	TruSeq Stranded mRNA
PRJEB82069	36	36	36	1	True	1	0	0.0	False			RNA-Seq|TRANSCRIPTOMIC|Oligo-dT	bulk RNA-seq
PRJEB83325	36	36	36	1	True	1	0	0.0	False			RNA-Seq|TRANSCRIPTOMIC|cDNA	bulk RNA-seq
PRJEB86852	36	36	36	1	True	1	0	0.0	False			RNA-Seq|TRANSCRIPTOMIC|PolyA	bulk RNA-seq
PRJNA1005684	36	36	72	2	False	1	1	0.333	False		36.0	RNA-Seq|TRANSCRIPTOMIC|cDNA	bulk RNA-seq
PRJNA1009858	36	36	36	1	True	1	0	0.0	False			RNA-Seq|TRANSCRIPTOMIC|cDNA	bulk RNA-seq
PRJNA1014918	36	36	36	1	True	1	1	0.5	False		36.0	RNA-Seq|TRANSCRIPTOMIC|cDNA	bulk RNA-seq
PRJNA1040329	36	36	36	1	True	1	0	0.0	False			RNA-Seq|TRANSCRIPTOMIC|cDNA	bulk RNA-seq
PRJNA1065311	36	36	36	1	True	1	2	0.167	False		18.0	RNA-Seq|TRANSCRIPTOMIC|cDNA	TruSeq Stranded mRNA
PRJNA1121326	36	36	36	1	True	1	0	0.0	False			RNA-Seq|TRANSCRIPTOMIC|PCR	10x Genomics Chromium;bulk RNA-seq
PRJNA1121327	36	36	36	1	True	1	0	0.0	False			ATAC-seq|GENOMIC|PCR	10x Genomics Chromium
PRJNA1132900	36	36	36	1	True	1	0	0.0	False			RNA-Seq|TRANSCRIPTOMIC|cDNA	TruSeq Stranded mRNA
PRJNA1140223	36	36	36	1	True	1	4	1.0	False		9.0	RNA-Seq|TRANSCRIPTOMIC|cDNA	bulk RNA-seq
PRJNA1141139	36	36	36	1	True	1	2	0.667	False		18.0	RNA-Seq|TRANSCRIPTOMIC|cDNA	bulk RNA-seq
PRJNA1149846	36	36	36	1	True	2	0	0.0	False			RNA-Seq|TRANSCRIPTOMIC|other;ssRNA-seq|TRANSCRIPTOMIC|other	10x Genomics Chromium
PRJNA1149847	36	36	36	1	True	2	0	0.0	False			RNA-Seq|TRANSCRIPTOMIC|other;ssRNA-seq|TRANSCRIPTOMIC|other	10x Genomics Chromium
PRJNA1151128	36	36	36	1	True	1	27	0.75	False		1.33	RNA-Seq|TRANSCRIPTOMIC|cDNA	bulk RNA-seq
PRJNA1167732	36	36	36	1	True	1	0	0.0	False			RNA-Seq|TRANSCRIPTOMIC|cDNA	TruSeq Stranded mRNA
PRJNA1189564	36	36	36	1	True	1	0	0.0	False			RNA-Seq|TRANSCRIPTOMIC|cDNA	bulk RNA-seq
PRJNA1192236	36	36	36	1	True	1	0	0.0	False			RNA-Seq|TRANSCRIPTOMIC|cDNA	bulk RNA-seq
PRJNA1208583	36	36	36	1	True	1	0	0.0	False			RNA-Seq|TRANSCRIPTOMIC|cDNA	bulk RNA-seq
PRJNA1246651	36	36	36	1	True	1	0	0.0	False			RNA-Seq|TRANSCRIPTOMIC|cDNA	bulk RNA-seq
PRJNA1247885	36	36	36	1	True	1	0	0.0	False			RNA-Seq|TRANSCRIPTOMIC|cDNA	bulk RNA-seq
PRJNA1255484	36	36	54	2	False	1	0	0.0	False			RNA-Seq|TRANSCRIPTOMIC|cDNA	bulk RNA-seq
PRJNA1263603	36	36	36	1	True	1	0	0.0	False			RNA-Seq|TRANSCRIPTOMIC|cDNA	bulk RNA-seq
PRJNA1278993	36	36	36	1	True	1	0	0.0	False			RNA-Seq|TRANSCRIPTOMIC|cDNA	bulk RNA-seq
PRJNA1298584	36	36	36	1	True	2	0	0.0	False			OTHER|OTHER|other;OTHER|TRANSCRIPTOMIC|other	10x Genomics Chromium
PRJNA1304476	36	36	36	1	True	1	0	0.0	False			RNA-Seq|TRANSCRIPTOMIC|cDNA	bulk RNA-seq
PRJNA1365264	36	36	46	2	False	1	0	0.0	False			RNA-Seq|TRANSCRIPTOMIC|cDNA	bulk RNA-seq
PRJNA1365650	36	36	36	1	True	1	0	0.0	False			RNA-Seq|TRANSCRIPTOMIC|cDNA	bulk RNA-seq
PRJNA1373016	36	36	36	1	True	1	12	1.0	False		3.0	RNA-Seq|TRANSCRIPTOMIC|cDNA	bulk RNA-seq
PRJNA1380434	36	36	36	1	True	1	0	0.0	False			RNA-Seq|TRANSCRIPTOMIC|cDNA	bulk RNA-seq
PRJNA1394342	36	36	36	1	True	1	0	0.0	False			RNA-Seq|TRANSCRIPTOMIC|cDNA	bulk RNA-seq
PRJNA1397167	36	36	38	2	False	3	0	0.0	False			OTHER|GENOMIC|other;OTHER|OTHER|other;RNA-Seq|TRANSCRIPTOMIC SINGLE CELL|cDNA	Drop-seq
PRJNA1425071	36	36	36	1	True	1	0	0.0	False			RNA-Seq|TRANSCRIPTOMIC|cDNA	TruSeq Stranded mRNA
PRJNA1461218	36	36	36	1	True	2	0	0.0	False			RNA-Seq|TRANSCRIPTOMIC|PolyA;WGS|METAGENOMIC|RANDOM	bulk RNA-seq
PRJNA1478075	36	36	36	1	True	2	3	0.833	False		12.0	RNA-Seq|TRANSCRIPTOMIC SINGLE CELL|cDNA_oligo_dT;RNA-Seq|TRANSCRIPTOMIC|PCR	bulk RNA-seq
PRJNA1482653	36	36	36	1	True	1	0	0.0	False			RNA-Seq|TRANSCRIPTOMIC|cDNA	bulk RNA-seq
PRJNA1490476	36	36	36	1	True	1	0	0.0	False			RNA-Seq|TRANSCRIPTOMIC|cDNA	bulk RNA-seq
PRJNA288826	36	36	36	1	True	1	0	0.0	False			RNA-Seq|TRANSCRIPTOMIC|cDNA	TruSeq Stranded mRNA
PRJNA309678	36	36	36	1	True	1	0	0.0	False			RNA-Seq|TRANSCRIPTOMIC|cDNA	polyA selected RNA-seq
PRJNA342113	36	36	36	1	True	1	3	1.0	False		12.0	RNA-Seq|TRANSCRIPTOMIC|cDNA	polyA selected RNA-seq
PRJNA404081	36	36	36	1	True	1	0	0.0	False			RNA-Seq|TRANSCRIPTOMIC|cDNA	TruSeq Stranded mRNA
PRJNA415380	36	36	36	1	True	1	0	0.0	False			RNA-Seq|TRANSCRIPTOMIC|cDNA	TruSeq Stranded mRNA
PRJNA445555	36	36	36	1	True	1	0	0.0	False			RNA-Seq|TRANSCRIPTOMIC|cDNA	TruSeq Stranded mRNA
PRJNA489076	36	36	36	1	True	1	0	0.0	False			RNA-Seq|TRANSCRIPTOMIC|cDNA	TruSeq Stranded mRNA
PRJNA511997	36	36	36	1	True	1	0	0.0	False			RNA-Seq|TRANSCRIPTOMIC|cDNA	Drop-seq
PRJNA541905	36	36	36	1	True	1	0	0.0	False			RNA-Seq|TRANSCRIPTOMIC|cDNA	bulk RNA-seq
PRJNA556274	36	36	180	5	False	1	0	0.0	False			RNA-Seq|TRANSCRIPTOMIC|cDNA	bulk RNA-seq
PRJNA560063	36	36	36	1	True	1	0	0.0	False			RNA-Seq|TRANSCRIPTOMIC|cDNA	bulk RNA-seq
PRJNA674506	36	36	92	3	False	1	0	0.0	False			RNA-Seq|TRANSCRIPTOMIC|cDNA	bulk RNA-seq
PRJNA680565	36	36	84	4	False	2	3	0.143	False		12.0	OTHER|TRANSCRIPTOMIC|other;RNA-Seq|TRANSCRIPTOMIC|cDNA	bulk RNA-seq
PRJNA714232	36	36	36	1	True	1	3	0.667	False		12.0	RNA-Seq|TRANSCRIPTOMIC|PolyA	bulk RNA-seq
PRJNA737340	36	36	48	4	False	2	0	0.0	False			OTHER|TRANSCRIPTOMIC|other;RNA-Seq|TRANSCRIPTOMIC|cDNA	bulk RNA-seq
PRJNA759180	36	36	36	1	True	1	0	0.0	False			RNA-Seq|TRANSCRIPTOMIC|cDNA	bulk RNA-seq
PRJNA761448	36	36	57	2	False	1	0	0.0	False			RNA-Seq|TRANSCRIPTOMIC|cDNA	bulk RNA-seq
PRJNA762540	36	36	36	1	True	1	0	0.0	False			RNA-Seq|TRANSCRIPTOMIC|cDNA	Parse Biosciences
PRJNA768256	36	36	36	1	True	1	0	0.0	False			RNA-Seq|TRANSCRIPTOMIC|cDNA	bulk RNA-seq
PRJNA768860	36	36	36	1	True	1	0	0.0	False			RNA-Seq|TRANSCRIPTOMIC|cDNA	bulk RNA-seq
PRJNA777700	36	36	36	1	True	1	0	0.0	False			RNA-Seq|TRANSCRIPTOMIC|Oligo-dT	bulk RNA-seq
PRJNA800732	36	36	36	1	True	1	0	0.0	False			RNA-Seq|TRANSCRIPTOMIC|cDNA	TruSeq Stranded mRNA
PRJNA811337	36	36	36	1	True	1	2	1.0	False		18.0	RNA-Seq|TRANSCRIPTOMIC|cDNA	bulk RNA-seq
PRJNA837188	36	36	36	1	True	2	0	0.0	False			RNA-Seq|TRANSCRIPTOMIC SINGLE CELL|cDNA;RNA-Seq|TRANSCRIPTOMIC|cDNA	bulk RNA-seq
PRJNA868942	36	36	36	1	True	2	11	0.306	False		3.27	RNA-Seq|TRANSCRIPTOMIC SINGLE CELL|cDNA;RNA-Seq|TRANSCRIPTOMIC|cDNA	bulk RNA-seq
PRJNA875101	36	36	36	1	True	1	0	0.0	False			RNA-Seq|TRANSCRIPTOMIC|cDNA	bulk RNA-seq
PRJNA891715	36	36	60	2	False	1	0	0.0	False			RNA-Seq|TRANSCRIPTOMIC|cDNA	bulk RNA-seq
PRJNA907130	36	36	36	1	True	1	0	0.0	False			RNA-Seq|TRANSCRIPTOMIC|cDNA	bulk RNA-seq
PRJNA910517	36	36	36	1	True	1	0	0.0	False			RNA-Seq|TRANSCRIPTOMIC|cDNA	bulk RNA-seq
PRJNA926323	36	36	36	1	True	1	0	0.0	False			RNA-Seq|TRANSCRIPTOMIC|cDNA	bulk RNA-seq
PRJNA933582	36	36	36	1	True	1	6	1.0	False		6.0	RNA-Seq|TRANSCRIPTOMIC|cDNA	bulk RNA-seq
PRJNA935940	36	36	36	1	True	1	0	0.0	False			RNA-Seq|TRANSCRIPTOMIC|cDNA	bulk RNA-seq
PRJNA936921	36	36	36	1	True	1	2	1.0	False		18.0	RNA-Seq|TRANSCRIPTOMIC|cDNA	bulk RNA-seq
PRJNA942287	36	36	36	1	True	1	0	0.0	False			RNA-Seq|TRANSCRIPTOMIC SINGLE CELL|cDNA	bulk RNA-seq
PRJNA947624	36	36	36	1	True	1	0	0.0	False			RNA-Seq|TRANSCRIPTOMIC|cDNA	bulk RNA-seq
PRJNA983847	36	36	36	1	True	1	25	0.694	False		1.44	RNA-Seq|TRANSCRIPTOMIC|cDNA	bulk RNA-seq
PRJNA990921	36	36	36	1	True	1	0	0.0	False			RNA-Seq|TRANSCRIPTOMIC|cDNA	bulk RNA-seq
PRJNA991576	36	36	36	1	True	1	0	0.0	False			RNA-Seq|TRANSCRIPTOMIC SINGLE CELL|cDNA	single nucleus RNA-seq
PRJNA1089389	35	35	35	1	True	1	0	0.0	False			RNA-Seq|TRANSCRIPTOMIC|PolyA	bulk RNA-seq
PRJNA1109377	35	35	35	1	True	1	0	0.0	False			RNA-Seq|TRANSCRIPTOMIC|cDNA	bulk RNA-seq
PRJNA1143379	35	35	113	4	False	1	1	0.142	False		35.0	RNA-Seq|TRANSCRIPTOMIC SINGLE CELL|cDNA	10x Genomics Chromium
PRJNA1143545	35	35	35	1	True	1	0	0.0	False			RNA-Seq|TRANSCRIPTOMIC|cDNA	bulk RNA-seq
PRJNA1149095	35	35	35	1	True	1	0	0.0	False			RNA-Seq|TRANSCRIPTOMIC|cDNA	bulk RNA-seq
PRJNA1200886	35	35	35	1	True	3	0	0.0	False			OTHER|GENOMIC|other;RNA-Seq|TRANSCRIPTOMIC SINGLE CELL|cDNA;RNA-Seq|TRANSCRIPTOMIC|cDNA	bulk RNA-seq
PRJNA1292783	35	35	35	1	True	3	0	0.0	False			ATAC-seq|GENOMIC SINGLE CELL|PCR;RNA-Seq|TRANSCRIPTOMIC SINGLE CELL|cDNA;RNA-Seq|TRANSCRIPTOMIC|cDNA	bulk RNA-seq
PRJNA1313939	35	35	35	1	True	1	0	0.0	False			RNA-Seq|TRANSCRIPTOMIC|cDNA	bulk RNA-seq
PRJNA1378747	35	35	55	3	False	2	0	0.0	False			RNA-Seq|TRANSCRIPTOMIC SINGLE CELL|cDNA;RNA-Seq|TRANSCRIPTOMIC|cDNA	bulk RNA-seq
PRJNA1405558	35	35	35	1	True	1	0	0.0	False			RNA-Seq|TRANSCRIPTOMIC|cDNA	bulk RNA-seq
PRJNA1433258	35	35	35	1	True	1	0	0.0	False			RNA-Seq|TRANSCRIPTOMIC|cDNA	TruSeq Stranded mRNA
PRJNA477352	35	35	35	1	True	1	3	0.743	False		11.67	RNA-Seq|TRANSCRIPTOMIC|cDNA	TruSeq Stranded mRNA
PRJNA549887	35	35	35	1	True	1	6	0.657	False		5.83	RNA-Seq|TRANSCRIPTOMIC|cDNA	bulk RNA-seq
PRJNA615145	35	35	35	1	True	1	0	0.0	False			RNA-Seq|TRANSCRIPTOMIC|cDNA	bulk RNA-seq
PRJNA625202	35	35	65	2	False	1	0	0.0	False			RNA-Seq|TRANSCRIPTOMIC|cDNA	bulk RNA-seq
PRJNA656542	35	35	35	1	True	1	0	0.0	False			RNA-Seq|TRANSCRIPTOMIC|cDNA	bulk RNA-seq
PRJNA844923	35	35	70	2	False	1	0	0.0	False			RNA-Seq|TRANSCRIPTOMIC|cDNA	TruSeq Stranded mRNA
PRJNA856730	35	35	35	1	True	1	0	0.0	False			RNA-Seq|TRANSCRIPTOMIC|cDNA	bulk RNA-seq
PRJNA913584	35	35	35	1	True	2	0	0.0	False			RNA-Seq|TRANSCRIPTOMIC|CAGE;RNA-Seq|TRANSCRIPTOMIC|cDNA	bulk RNA-seq
PRJNA938473	35	35	35	1	True	1	0	0.0	False			RNA-Seq|TRANSCRIPTOMIC|cDNA	bulk RNA-seq
PRJNA974842	35	35	35	1	True	1	3	1.0	False		11.67	ATAC-seq|GENOMIC|other	bulk RNA-seq
PRJEB24790	34	34	34	1	True	1	0	0.0	False			ssRNA-seq|TRANSCRIPTOMIC|Oligo-dT	bulk RNA-seq
PRJEB33095	34	34	58	2	False	1	0	0.0	False			ssRNA-seq|TRANSCRIPTOMIC|RANDOM	TruSeq Stranded mRNA
PRJEB37246	34	34	37	2	False	1	0	0.0	False			RNA-Seq|TRANSCRIPTOMIC|PolyA	bulk RNA-seq
PRJNA1075773	34	34	45	2	False	1	0	0.0	False			RNA-Seq|TRANSCRIPTOMIC|cDNA	single nucleus RNA-seq
PRJNA1102884	34	34	34	1	True	1	8	0.882	False		4.25	RNA-Seq|TRANSCRIPTOMIC|cDNA	bulk RNA-seq
PRJNA1132907	34	34	34	1	True	1	0	0.0	False			RNA-Seq|TRANSCRIPTOMIC|cDNA	TruSeq Stranded mRNA
PRJNA1231499	34	34	34	1	True	1	8	0.471	False		4.25	RNA-Seq|TRANSCRIPTOMIC|cDNA	bulk RNA-seq
PRJNA1256750	34	34	34	1	True	1	0	0.0	False			RNA-Seq|TRANSCRIPTOMIC|RT-PCR	bulk RNA-seq
PRJNA1262424	34	34	34	1	True	1	0	0.0	False			RNA-Seq|TRANSCRIPTOMIC|cDNA	bulk RNA-seq
PRJNA1308489	34	34	130	8	False	2	0	0.0	False			ATAC-seq|GENOMIC SINGLE CELL|other;RNA-Seq|TRANSCRIPTOMIC SINGLE CELL|cDNA	10x Genomics Chromium
PRJNA1335255	34	34	68	2	False	1	0	0.0	False			RNA-Seq|TRANSCRIPTOMIC SINGLE CELL|cDNA	10x Genomics Chromium
PRJNA587098	34	34	34	1	True	1	0	0.0	False			RNA-Seq|TRANSCRIPTOMIC|cDNA	bulk RNA-seq
PRJNA602867	34	34	36	2	False	1	0	0.0	False			RNA-Seq|TRANSCRIPTOMIC|cDNA	10x Genomics Chromium;single nucleus RNA-seq
PRJNA660781	34	34	34	1	True	1	0	0.0	False			RNA-Seq|TRANSCRIPTOMIC|cDNA	inDrop
PRJNA713917	34	34	68	2	False	1	0	0.0	False			RNA-Seq|TRANSCRIPTOMIC|cDNA	bulk RNA-seq
PRJNA735514	34	34	34	1	True	4	0	0.0	False			ATAC-seq|GENOMIC|RANDOM;ChIP-Seq|GENOMIC|ChIP;RNA-Seq|TRANSCRIPTOMIC SINGLE CELL|Oligo-dT;RNA-Seq|TRANSCRIPTOMIC|Oligo-dT	bulk RNA-seq
PRJNA802841	34	34	34	1	True	1	3	0.706	False		11.33	RNA-Seq|TRANSCRIPTOMIC|cDNA	bulk RNA-seq
PRJNA810195	34	34	34	1	True	1	0	0.0	False			RNA-Seq|TRANSCRIPTOMIC|cDNA	bulk RNA-seq
PRJNA813443	34	34	78	4	False	1	0	0.0	False			RNA-Seq|TRANSCRIPTOMIC|cDNA	10x Genomics Chromium
PRJNA844272	34	34	34	1	True	1	0	0.0	False			RNA-Seq|TRANSCRIPTOMIC|cDNA	bulk RNA-seq
PRJNA891738	34	34	40	2	False	1	0	0.0	False			RNA-Seq|TRANSCRIPTOMIC|cDNA	bulk RNA-seq
PRJNA944201	34	34	34	1	True	1	2	0.471	False		17.0	RNA-Seq|TRANSCRIPTOMIC|cDNA	bulk RNA-seq
PRJNA972976	34	34	34	1	True	2	0	0.0	False			RNA-Seq|TRANSCRIPTOMIC SINGLE CELL|cDNA;RNA-Seq|TRANSCRIPTOMIC|cDNA	bulk RNA-seq
PRJNA996578	34	34	67	2	False	1	0	0.0	False			RNA-Seq|TRANSCRIPTOMIC|cDNA	bulk RNA-seq
PRJEB108703	33	33	33	1	True	1	0	0.0	False			RNA-Seq|TRANSCRIPTOMIC|cDNA	TruSeq Stranded mRNA
PRJEB37668	33	33	33	1	True	1	0	0.0	False			AMPLICON|TRANSCRIPTOMIC SINGLE CELL|PolyA	BD Rhapsody
PRJEB82599	33	33	33	1	True	1	0	0.0	False			RNA-Seq|TRANSCRIPTOMIC|cDNA	bulk RNA-seq
PRJNA1021689	33	33	33	1	True	1	0	0.0	False			RNA-Seq|TRANSCRIPTOMIC|cDNA	bulk RNA-seq
PRJNA1052117	33	33	33	1	True	1	0	0.0	False			RNA-Seq|TRANSCRIPTOMIC|cDNA	bulk RNA-seq
PRJNA1099134	33	33	33	1	True	1	0	0.0	False			RNA-Seq|TRANSCRIPTOMIC|cDNA	bulk RNA-seq
PRJNA1109846	33	33	38	2	False	1	0	0.0	False			RNA-Seq|TRANSCRIPTOMIC|cDNA	bulk RNA-seq
PRJNA1165347	33	33	33	1	True	3	0	0.0	False			RNA-Seq|TRANSCRIPTOMIC SINGLE CELL|Oligo-dT;RNA-Seq|TRANSCRIPTOMIC|PCR;miRNA-Seq|TRANSCRIPTOMIC|PCR	single nucleus RNA-seq
PRJNA1189430	33	33	33	1	True	1	0	0.0	False			RNA-Seq|TRANSCRIPTOMIC|cDNA	bulk RNA-seq
PRJNA1195953	33	33	33	1	True	1	0	0.0	False			RNA-Seq|TRANSCRIPTOMIC|cDNA	bulk RNA-seq
PRJNA1219146	33	33	33	1	True	5	0	0.0	False			ATAC-seq|GENOMIC|other;ChIP-Seq|GENOMIC|ChIP;OTHER|GENOMIC|other;RNA-Seq|TRANSCRIPTOMIC SINGLE CELL|cDNA;RNA-Seq|TRANSCRIPTOMIC|cDNA	bulk RNA-seq
PRJNA1235730	33	33	33	1	True	1	0	0.0	False			RNA-Seq|TRANSCRIPTOMIC SINGLE CELL|cDNA	bulk RNA-seq
PRJNA1295527	33	39	39	2	False	2	0	0.0	False			RNA-Seq|TRANSCRIPTOMIC SINGLE CELL|PolyA;RNA-Seq|TRANSCRIPTOMIC|PolyA	single nucleus RNA-seq
PRJNA1301874	33	33	33	1	True	1	10	0.788	False		3.3	RNA-Seq|TRANSCRIPTOMIC|cDNA	bulk RNA-seq
PRJNA1321400	33	56	56	2	False	2	0	0.0	False			ATAC-seq|GENOMIC|other;RNA-Seq|TRANSCRIPTOMIC|cDNA	single nucleus RNA-seq
PRJNA1321401	33	56	56	2	False	2	0	0.0	False			ATAC-seq|GENOMIC|other;RNA-Seq|TRANSCRIPTOMIC|cDNA	single nucleus RNA-seq
PRJNA1367191	33	33	33	1	True	1	0	0.0	False			RNA-Seq|TRANSCRIPTOMIC|cDNA	bulk RNA-seq
PRJNA1448180	33	33	33	1	True	1	0	0.0	False			RNA-Seq|TRANSCRIPTOMIC|Oligo-dT	bulk RNA-seq
PRJNA308197	33	33	53	2	False	2	0	0.0	False			ChIP-Seq|GENOMIC|ChIP;RNA-Seq|TRANSCRIPTOMIC|cDNA	bulk RNA-seq
PRJNA315563	33	33	33	1	True	1	0	0.0	False			RNA-Seq|TRANSCRIPTOMIC|cDNA	polyA selected RNA-seq
PRJNA448588	33	33	33	1	True	1	0	0.0	False			RNA-Seq|TRANSCRIPTOMIC|cDNA	polyA selected RNA-seq
PRJNA480709	33	33	33	1	True	1	1	0.545	False		33.0	RNA-Seq|TRANSCRIPTOMIC|cDNA	bulk RNA-seq
PRJNA481019	33	33	33	1	True	1	0	0.0	False			RNA-Seq|TRANSCRIPTOMIC|cDNA	bulk RNA-seq
PRJNA486793	33	33	33	1	True	2	0	0.0	False			OTHER|TRANSCRIPTOMIC|other;RNA-Seq|TRANSCRIPTOMIC|cDNA	10x Genomics Chromium;bulk RNA-seq
PRJNA533282	33	33	33	1	True	1	0	0.0	False			RNA-Seq|TRANSCRIPTOMIC|cDNA	TruSeq Stranded mRNA
PRJNA639776	33	33	45	5	False	2	0	0.0	False			OTHER|GENOMIC|other;RNA-Seq|TRANSCRIPTOMIC|cDNA	10x Genomics Chromium;TruSeq Stranded mRNA
PRJNA645676	33	33	33	1	True	1	0	0.0	False			RNA-Seq|TRANSCRIPTOMIC|cDNA	bulk RNA-seq
PRJNA646184	33	33	33	1	True	1	3	0.545	False		11.0	RNA-Seq|TRANSCRIPTOMIC|cDNA	bulk RNA-seq
PRJNA671244	33	33	33	1	True	2	0	0.0	False			ATAC-seq|GENOMIC|other;RNA-Seq|TRANSCRIPTOMIC|other	sci-RNA-seq
PRJNA671245	33	33	33	1	True	2	0	0.0	False			ATAC-seq|GENOMIC|other;RNA-Seq|TRANSCRIPTOMIC|other	sci-RNA-seq
PRJNA752358	33	33	36	4	False	1	0	0.0	False			RNA-Seq|TRANSCRIPTOMIC|cDNA	bulk RNA-seq
PRJNA767059	33	33	33	1	True	2	0	0.0	False			RNA-Seq|TRANSCRIPTOMIC SINGLE CELL|cDNA;RNA-Seq|TRANSCRIPTOMIC|cDNA	10x Genomics Chromium
PRJNA796554	33	33	168	8	False	1	0	0.0	False			RNA-Seq|TRANSCRIPTOMIC|cDNA	bulk RNA-seq
PRJNA815974	33	33	43	4	False	1	4	0.163	False		8.25	RNA-Seq|TRANSCRIPTOMIC|cDNA	bulk RNA-seq
PRJNA877630	33	33	33	1	True	1	0	0.0	False			RNA-Seq|TRANSCRIPTOMIC|cDNA	TruSeq Stranded mRNA
PRJNA913133	33	33	33	1	True	1	0	0.0	False			RNA-Seq|TRANSCRIPTOMIC|cDNA	bulk RNA-seq
PRJNA918787	33	33	33	1	True	1	0	0.0	False			RNA-Seq|TRANSCRIPTOMIC|cDNA	bulk RNA-seq
PRJEB61809	32	32	32	1	True	1	0	0.0	False			RNA-Seq|TRANSCRIPTOMIC|Oligo-dT	bulk RNA-seq
PRJEB75793	32	32	32	1	True	1	0	0.0	False			ssRNA-seq|TRANSCRIPTOMIC|cDNA_randomPriming	bulk RNA-seq
PRJNA1003148	32	32	32	1	True	1	0	0.0	False			RNA-Seq|TRANSCRIPTOMIC|cDNA	bulk RNA-seq
PRJNA1027821	32	32	32	1	True	1	0	0.0	False			RNA-Seq|TRANSCRIPTOMIC|cDNA	bulk RNA-seq
PRJNA1029063	32	32	32	1	True	1	0	0.0	False			RNA-Seq|TRANSCRIPTOMIC|cDNA	bulk RNA-seq
PRJNA1048959	32	32	32	1	True	1	0	0.0	False			RNA-Seq|TRANSCRIPTOMIC|cDNA	bulk RNA-seq
PRJNA1055126	32	32	46	8	False	4	1	0.174	False		32.0	OTHER|GENOMIC|other;OTHER|TRANSCRIPTOMIC|other;RNA-Seq|TRANSCRIPTOMIC SINGLE CELL|cDNA;RNA-Seq|TRANSCRIPTOMIC|cDNA	10x Genomics Chromium;bulk RNA-seq
PRJNA1093426	32	32	32	1	True	3	0	0.0	False			RNA-Seq|OTHER|cDNA;RNA-Seq|TRANSCRIPTOMIC SINGLE CELL|cDNA;RNA-Seq|TRANSCRIPTOMIC|cDNA	bulk RNA-seq
PRJNA1099270	32	32	32	1	True	1	1	1.0	False		32.0	RNA-Seq|TRANSCRIPTOMIC|cDNA	bulk RNA-seq
PRJNA1104187	32	32	32	1	True	1	0	0.0	False			RNA-Seq|TRANSCRIPTOMIC|cDNA	bulk RNA-seq
PRJNA1111772	32	32	64	2	False	3	10	0.625	False		3.2	ATAC-seq|GENOMIC|other;ChIP-Seq|GENOMIC|ChIP;RNA-Seq|TRANSCRIPTOMIC|cDNA	bulk RNA-seq
PRJNA1112789	32	32	100	4	False	1	0	0.0	False			RNA-Seq|TRANSCRIPTOMIC SINGLE CELL|cDNA	10x Genomics Chromium
PRJNA1116141	32	32	32	1	True	1	0	0.0	False			RNA-Seq|TRANSCRIPTOMIC|cDNA	bulk RNA-seq
PRJNA1117459	32	32	32	1	True	2	0	0.0	False			ATAC-seq|GENOMIC SINGLE CELL|other;RNA-Seq|TRANSCRIPTOMIC SINGLE CELL|cDNA	single nucleus RNA-seq
PRJNA1117755	32	32	52	2	False	1	3	1.0	False		10.67	RNA-Seq|TRANSCRIPTOMIC|cDNA	bulk RNA-seq
PRJNA1120919	32	32	32	1	True	1	0	0.0	False			RNA-Seq|TRANSCRIPTOMIC|cDNA	bulk RNA-seq
PRJNA1133661	32	32	32	1	True	1	0	0.0	False			RNA-Seq|TRANSCRIPTOMIC|cDNA	bulk RNA-seq
PRJNA1134782	32	32	32	1	True	1	9	1.0	False		3.56	RNA-Seq|TRANSCRIPTOMIC|Oligo-dT	bulk RNA-seq
PRJNA1167625	32	32	32	1	True	1	0	0.0	False			RNA-Seq|TRANSCRIPTOMIC|cDNA	bulk RNA-seq
PRJNA1168975	32	32	32	1	True	1	0	0.0	False			RNA-Seq|TRANSCRIPTOMIC|PolyA	bulk RNA-seq
PRJNA1182119	32	32	32	1	True	1	0	0.0	False			RIP-Seq|TRANSCRIPTOMIC|other	bulk RNA-seq
PRJNA1191019	32	32	32	1	True	1	1	0.25	False		32.0	RNA-Seq|TRANSCRIPTOMIC|PolyA	bulk RNA-seq
PRJNA1222896	32	32	64	2	False	1	0	0.0	False			RNA-Seq|TRANSCRIPTOMIC|cDNA	bulk RNA-seq
PRJNA1229873	32	32	32	1	True	1	0	0.0	False			RNA-Seq|TRANSCRIPTOMIC|cDNA	bulk RNA-seq
PRJNA1236396	32	240	240	8	False	1	0	0.0	False			RNA-Seq|GENOMIC SINGLE CELL|cDNA	single nucleus RNA-seq
PRJNA1261032	32	32	32	1	True	1	0	0.0	False			RNA-Seq|TRANSCRIPTOMIC|cDNA	bulk RNA-seq
PRJNA1277311	32	32	32	1	True	1	0	0.0	False			RNA-Seq|TRANSCRIPTOMIC|cDNA	bulk RNA-seq
PRJNA1280075	32	32	32	1	True	1	0	0.0	False			RNA-Seq|TRANSCRIPTOMIC|cDNA	bulk RNA-seq
PRJNA1301629	32	32	32	1	True	1	0	0.0	False			RNA-Seq|TRANSCRIPTOMIC|cDNA	bulk RNA-seq
PRJNA1327354	32	32	32	1	True	1	0	0.0	False			RNA-Seq|TRANSCRIPTOMIC|cDNA	10x Genomics Chromium
PRJNA1332900	32	32	32	1	True	1	0	0.0	False			RNA-Seq|TRANSCRIPTOMIC|RANDOM	bulk RNA-seq
PRJNA1369543	32	32	32	1	True	1	0	0.0	False			RNA-Seq|TRANSCRIPTOMIC SINGLE CELL|cDNA	10x Genomics Chromium;bulk RNA-seq
PRJNA1390740	32	32	32	1	True	1	0	0.0	False			RNA-Seq|TRANSCRIPTOMIC|PolyA	bulk RNA-seq
PRJNA1423518	32	32	32	1	True	1	0	0.0	False			RNA-Seq|TRANSCRIPTOMIC|cDNA	bulk RNA-seq
PRJNA1428823	32	32	32	1	True	1	0	0.0	False			RNA-Seq|TRANSCRIPTOMIC|cDNA	bulk RNA-seq
PRJNA1466962	32	32	32	1	True	1	0	0.0	False			RNA-Seq|TRANSCRIPTOMIC|cDNA	bulk RNA-seq
PRJNA389948	32	32	36	2	False	1	0	0.0	False			RNA-Seq|TRANSCRIPTOMIC|cDNA	bulk RNA-seq
PRJNA438083	32	32	32	1	True	1	0	0.0	False			RNA-Seq|TRANSCRIPTOMIC|cDNA	Drop-seq
PRJNA551450	32	32	32	1	True	1	0	0.0	False			RNA-Seq|TRANSCRIPTOMIC|cDNA	bulk RNA-seq
PRJNA552366	32	32	32	1	True	3	0	0.0	False			ATAC-seq|GENOMIC|other;ChIP-Seq|GENOMIC|ChIP;RNA-Seq|TRANSCRIPTOMIC|cDNA	Drop-seq;bulk RNA-seq
PRJNA609358	32	32	32	1	True	1	0	0.0	False			RNA-Seq|TRANSCRIPTOMIC|cDNA	bulk RNA-seq
PRJNA611796	32	32	32	1	True	1	6	1.0	False		5.33	RNA-Seq|TRANSCRIPTOMIC|cDNA	bulk RNA-seq
PRJNA636493	32	32	512	28	False	2	0	0.0	False			RNA-Seq|TRANSCRIPTOMIC SINGLE CELL|cDNA;RNA-Seq|TRANSCRIPTOMIC|cDNA	10x Genomics Chromium
PRJNA645832	32	32	32	1	True	2	0	0.0	False			ChIP-Seq|GENOMIC|ChIP;RNA-Seq|TRANSCRIPTOMIC|cDNA	bulk RNA-seq
PRJNA693399	32	32	32	1	True	1	0	0.0	False			RNA-Seq|TRANSCRIPTOMIC|cDNA	bulk RNA-seq
PRJNA727579	32	32	32	1	True	1	0	0.0	False			RNA-Seq|TRANSCRIPTOMIC|cDNA	bulk RNA-seq
PRJNA744065	32	32	32	1	True	1	0	0.0	False			RNA-Seq|TRANSCRIPTOMIC|cDNA	bulk RNA-seq
PRJNA754160	32	32	32	1	True	1	0	0.0	False			RNA-Seq|TRANSCRIPTOMIC|cDNA	bulk RNA-seq
PRJNA755724	32	32	32	1	True	1	0	0.0	False			RNA-Seq|TRANSCRIPTOMIC|cDNA	bulk RNA-seq
PRJNA778593	32	32	32	1	True	1	0	0.0	False			RNA-Seq|TRANSCRIPTOMIC|RANDOM	TruSeq Stranded mRNA
PRJNA783646	32	32	39	2	False	1	0	0.0	False			RNA-Seq|TRANSCRIPTOMIC|cDNA	10x Genomics Chromium;bulk RNA-seq
PRJNA795465	32	32	32	1	True	1	0	0.0	False			RNA-Seq|TRANSCRIPTOMIC|cDNA	bulk RNA-seq
PRJNA796654	32	32	32	1	True	1	9	0.281	False		3.56	RNA-Seq|TRANSCRIPTOMIC|cDNA	bulk RNA-seq
PRJNA823943	32	32	32	1	True	1	0	0.0	False			RNA-Seq|TRANSCRIPTOMIC|cDNA	bulk RNA-seq
PRJNA833434	32	32	32	1	True	1	0	0.0	False			RNA-Seq|TRANSCRIPTOMIC|cDNA	bulk RNA-seq
PRJNA878795	32	32	32	1	True	1	7	0.875	False		4.57	RNA-Seq|TRANSCRIPTOMIC|cDNA	bulk RNA-seq
PRJNA908866	32	32	32	1	True	1	0	0.0	False			RNA-Seq|TRANSCRIPTOMIC|cDNA	bulk RNA-seq
PRJNA927283	32	32	32	1	True	1	0	0.0	False			RNA-Seq|TRANSCRIPTOMIC|cDNA	bulk RNA-seq
PRJNA972982	32	32	32	1	True	1	0	0.0	False			RNA-Seq|TRANSCRIPTOMIC|cDNA	bulk RNA-seq
PRJNA978543	32	32	32	1	True	1	4	1.0	False		8.0	OTHER|GENOMIC|other	bulk RNA-seq
PRJEB108702	31	32	32	2	False	1	0	0.0	False			RNA-Seq|TRANSCRIPTOMIC|cDNA	TruSeq Stranded mRNA
PRJEB34371	31	31	55	5	False	1	4	0.818	False		7.75	RNA-Seq|TRANSCRIPTOMIC|PolyA	bulk RNA-seq
PRJEB36118	31	31	31	1	True	1	0	0.0	False			RNA-Seq|TRANSCRIPTOMIC|RANDOM PCR	bulk RNA-seq
PRJEB47621	31	31	124	4	False	1	0	0.0	False			ssRNA-seq|TRANSCRIPTOMIC|Inverse rRNA	TruSeq Stranded mRNA
PRJEB78831	31	31	31	1	True	1	0	0.0	False			RNA-Seq|TRANSCRIPTOMIC|RANDOM	TruSeq Stranded mRNA
PRJEB81151	31	31	31	1	True	1	31	1.0	True	96	1.0	RNA-Seq|TRANSCRIPTOMIC|Oligo-dT	bulk RNA-seq
PRJNA1079776	31	31	31	1	True	1	0	0.0	False			RNA-Seq|TRANSCRIPTOMIC|cDNA	bulk RNA-seq
PRJNA1086388	31	31	37	3	False	1	0	0.0	False			ATAC-seq|GENOMIC|other	bulk RNA-seq
PRJNA1135087	31	31	31	1	True	1	2	0.194	False		15.5	RNA-Seq|TRANSCRIPTOMIC|cDNA	single nucleus RNA-seq
PRJNA1139250	31	31	31	1	True	1	0	0.0	False			RNA-Seq|TRANSCRIPTOMIC|cDNA	bulk RNA-seq
PRJNA1182472	31	31	31	1	True	1	0	0.0	False			RNA-Seq|TRANSCRIPTOMIC|cDNA	bulk RNA-seq
PRJNA1188066	31	31	31	1	True	1	0	0.0	False			RNA-Seq|TRANSCRIPTOMIC|cDNA	bulk RNA-seq
PRJNA1201859	31	31	31	1	True	1	0	0.0	False			ATAC-seq|GENOMIC|RANDOM	single nucleus RNA-seq
PRJNA1231113	31	31	31	1	True	1	2	0.452	False		15.5	RNA-Seq|TRANSCRIPTOMIC|cDNA	bulk RNA-seq
PRJNA1366606	31	31	31	1	True	1	0	0.0	False			RNA-Seq|TRANSCRIPTOMIC|cDNA	bulk RNA-seq
PRJNA1419282	31	31	31	1	True	1	0	0.0	False			RNA-Seq|TRANSCRIPTOMIC|cDNA	bulk RNA-seq
PRJNA488731	31	31	31	1	True	1	0	0.0	False			RNA-Seq|TRANSCRIPTOMIC|cDNA	TruSeq Stranded mRNA
PRJNA492925	31	31	31	1	True	2	0	0.0	False			ChIP-Seq|GENOMIC|ChIP;RNA-Seq|TRANSCRIPTOMIC|cDNA	Drop-seq;bulk RNA-seq
PRJNA527649	31	31	31	1	True	1	0	0.0	False			RNA-Seq|TRANSCRIPTOMIC|cDNA	TruSeq Stranded mRNA
PRJNA635805	31	31	31	1	True	1	6	0.71	False		5.17	RNA-Seq|TRANSCRIPTOMIC|cDNA	bulk RNA-seq
PRJNA648950	31	31	31	1	True	1	1	0.161	False		31.0	RNA-Seq|TRANSCRIPTOMIC|cDNA	polyA selected RNA-seq
PRJNA659731	31	31	31	1	True	1	1	0.065	False		31.0	RNA-Seq|TRANSCRIPTOMIC|cDNA	Drop-seq;bulk RNA-seq
PRJNA662785	31	31	31	1	True	1	31	1.0	False		1.0	RNA-Seq|TRANSCRIPTOMIC|cDNA	bulk RNA-seq
PRJNA733846	31	31	31	1	True	1	0	0.0	False			RNA-Seq|TRANSCRIPTOMIC|cDNA	bulk RNA-seq
PRJNA739456	31	31	31	1	True	1	2	1.0	False		15.5	RNA-Seq|TRANSCRIPTOMIC|cDNA	bulk RNA-seq
PRJNA899532	31	31	31	1	True	1	4	0.742	False		7.75	RNA-Seq|TRANSCRIPTOMIC|cDNA	bulk RNA-seq
PRJNA915369	31	31	31	1	True	1	2	0.968	False		15.5	RNA-Seq|TRANSCRIPTOMIC|cDNA	bulk RNA-seq
PRJNA929498	31	31	31	1	True	1	0	0.0	False			RNA-Seq|TRANSCRIPTOMIC|cDNA	bulk RNA-seq
PRJDB34773	30	30	30	1	True	1	1	0.1	False		30.0	RNA-Seq|TRANSCRIPTOMIC SINGLE CELL|PolyA	Drop-seq
PRJEB27404	30	30	90	3	False	1	0	0.0	False			ssRNA-seq|TRANSCRIPTOMIC|Inverse rRNA	bulk RNA-seq
PRJEB41399	30	30	30	1	True	1	0	0.0	False			RNA-Seq|TRANSCRIPTOMIC|PolyA	bulk RNA-seq
PRJEB41819	30	30	30	1	True	1	0	0.0	False			RNA-Seq|TRANSCRIPTOMIC|PolyA	bulk RNA-seq
PRJEB47484	30	30	120	4	False	1	0	0.0	False			RNA-Seq|TRANSCRIPTOMIC|PolyA	bulk RNA-seq
PRJEB52917	30	30	30	1	True	1	30	1.0	False		1.0	RNA-Seq|TRANSCRIPTOMIC|cDNA	bulk RNA-seq
PRJEB63357	30	30	240	8	False	1	0	0.0	False			ssRNA-seq|TRANSCRIPTOMIC|PolyA	TruSeq Stranded mRNA
PRJEB67306	30	30	30	1	True	1	0	0.0	False			ssRNA-seq|TRANSCRIPTOMIC|RANDOM PCR	bulk RNA-seq
PRJEB69534	30	30	30	1	True	1	0	0.0	False			RNA-Seq|TRANSCRIPTOMIC|PolyA	bulk RNA-seq
PRJEB72744	30	30	30	1	True	1	2	0.2	False		15.0	RNA-Seq|TRANSCRIPTOMIC|PolyA	bulk RNA-seq
PRJNA1020144	30	30	30	1	True	1	0	0.0	False			RNA-Seq|TRANSCRIPTOMIC|cDNA	TruSeq Stranded mRNA
PRJNA1041784	30	30	30	1	True	1	2	0.8	False		15.0	RNA-Seq|TRANSCRIPTOMIC|cDNA	bulk RNA-seq
PRJNA1041887	30	30	30	1	True	1	0	0.0	False			RNA-Seq|TRANSCRIPTOMIC|cDNA	bulk RNA-seq
PRJNA1076086	30	30	30	1	True	1	0	0.0	False			RNA-Seq|TRANSCRIPTOMIC|cDNA	bulk RNA-seq
PRJNA1095010	30	30	30	1	True	1	0	0.0	False			RNA-Seq|TRANSCRIPTOMIC|cDNA	bulk RNA-seq
PRJNA1099284	30	30	30	1	True	1	0	0.0	False			RNA-Seq|TRANSCRIPTOMIC|cDNA	bulk RNA-seq
PRJNA1107528	30	30	30	1	True	1	0	0.0	False			RNA-Seq|TRANSCRIPTOMIC|cDNA	bulk RNA-seq
PRJNA1136944	30	30	30	1	True	1	0	0.0	False			RNA-Seq|TRANSCRIPTOMIC|cDNA	bulk RNA-seq
PRJNA1146426	30	30	30	1	True	1	0	0.0	False			RNA-Seq|TRANSCRIPTOMIC|cDNA	bulk RNA-seq
PRJNA1160201	30	30	30	1	True	1	0	0.0	False			RNA-Seq|TRANSCRIPTOMIC|cDNA	bulk RNA-seq
PRJNA1167250	30	30	30	1	True	1	0	0.0	False			RNA-Seq|TRANSCRIPTOMIC|cDNA	bulk RNA-seq
PRJNA1183892	30	30	30	1	True	1	0	0.0	False			RNA-Seq|TRANSCRIPTOMIC|cDNA	bulk RNA-seq
PRJNA1188515	30	30	30	1	True	1	0	0.0	False			RNA-Seq|TRANSCRIPTOMIC|cDNA	bulk RNA-seq
PRJNA1190421	30	30	30	1	True	1	0	0.0	False			RNA-Seq|TRANSCRIPTOMIC|cDNA	bulk RNA-seq
PRJNA1195557	30	30	36	2	False	2	0	0.0	False			RNA-Seq|TRANSCRIPTOMIC SINGLE CELL|cDNA;RNA-Seq|TRANSCRIPTOMIC|cDNA	single nucleus RNA-seq
PRJNA1204309	30	30	30	1	True	1	0	0.0	False			RNA-Seq|TRANSCRIPTOMIC|cDNA	bulk RNA-seq
PRJNA1212167	30	30	30	1	True	1	0	0.0	False			RNA-Seq|TRANSCRIPTOMIC|cDNA	bulk RNA-seq
PRJNA1213138	30	30	30	1	True	1	0	0.0	False			RNA-Seq|TRANSCRIPTOMIC|cDNA	bulk RNA-seq
PRJNA1216780	30	30	30	1	True	1	0	0.0	False			RNA-Seq|TRANSCRIPTOMIC|cDNA	bulk RNA-seq
PRJNA1223370	30	30	30	1	True	1	0	0.0	False			RNA-Seq|TRANSCRIPTOMIC|cDNA	bulk RNA-seq
PRJNA1224251	30	30	30	1	True	1	1	1.0	False		30.0	RNA-Seq|TRANSCRIPTOMIC|cDNA	bulk RNA-seq
PRJNA1230155	30	30	30	1	True	1	0	0.0	False			RNA-Seq|TRANSCRIPTOMIC|cDNA	bulk RNA-seq
PRJNA1252124	30	30	30	1	True	1	0	0.0	False			RNA-Seq|TRANSCRIPTOMIC|cDNA	bulk RNA-seq
PRJNA1260798	30	30	119	4	False	1	0	0.0	False			RNA-Seq|TRANSCRIPTOMIC|cDNA	bulk RNA-seq
PRJNA1268564	30	30	30	1	True	1	0	0.0	False			RNA-Seq|TRANSCRIPTOMIC|cDNA	bulk RNA-seq
PRJNA1282965	30	30	32	2	False	3	0	0.0	False			ChIP-Seq|GENOMIC|ChIP;RNA-Seq|TRANSCRIPTOMIC SINGLE CELL|cDNA;RNA-Seq|TRANSCRIPTOMIC|cDNA	single nucleus RNA-seq;bulk RNA-seq
PRJNA1284858	30	30	30	1	True	1	0	0.0	False			RNA-Seq|TRANSCRIPTOMIC SINGLE CELL|cDNA	10x Genomics Chromium
PRJNA1306035	30	30	42	4	False	1	0	0.0	False			RNA-Seq|TRANSCRIPTOMIC SINGLE CELL|cDNA	10x Genomics Chromium
PRJNA1353149	30	30	30	1	True	1	0	0.0	False			RNA-Seq|TRANSCRIPTOMIC|PolyA	bulk RNA-seq
PRJNA1370867	30	30	30	1	True	1	0	0.0	False			RNA-Seq|TRANSCRIPTOMIC|cDNA	bulk RNA-seq
PRJNA1379454	30	30	30	1	True	1	0	0.0	False			RNA-Seq|TRANSCRIPTOMIC SINGLE CELL|PolyA	single nucleus RNA-seq
PRJNA1392544	30	30	38	2	False	1	0	0.0	False			RNA-Seq|TRANSCRIPTOMIC|cDNA	bulk RNA-seq
PRJNA1398350	30	30	30	1	True	1	1	1.0	False		30.0	RNA-Seq|TRANSCRIPTOMIC|cDNA	bulk RNA-seq
PRJNA1406286	30	30	30	1	True	1	2	0.667	False		15.0	RNA-Seq|TRANSCRIPTOMIC|cDNA	bulk RNA-seq
PRJNA1422638	30	30	30	1	True	1	0	0.0	False			RNA-Seq|TRANSCRIPTOMIC|cDNA	bulk RNA-seq
PRJNA1424875	30	30	30	1	True	1	0	0.0	False			RNA-Seq|TRANSCRIPTOMIC|cDNA	bulk RNA-seq
PRJNA1424882	30	30	30	1	True	1	0	0.0	False			RNA-Seq|TRANSCRIPTOMIC|cDNA	bulk RNA-seq
PRJNA1428270	30	30	38	2	False	3	0	0.0	False			OTHER|OTHER|cDNA;RNA-Seq|TRANSCRIPTOMIC SINGLE CELL|cDNA;RNA-Seq|TRANSCRIPTOMIC|cDNA	bulk RNA-seq
PRJNA1472481	30	30	30	1	True	1	1	0.3	False		30.0	RNA-Seq|TRANSCRIPTOMIC|Oligo-dT	bulk RNA-seq
PRJNA1473200	30	30	30	1	True	1	0	0.0	False			RNA-Seq|TRANSCRIPTOMIC|cDNA	bulk RNA-seq
PRJNA312817	30	30	30	1	True	1	1	1.0	False		30.0	RNA-Seq|TRANSCRIPTOMIC|cDNA	TruSeq Stranded mRNA
PRJNA390642	30	30	42	2	False	1	0	0.0	False			RNA-Seq|TRANSCRIPTOMIC|cDNA	TruSeq Stranded mRNA
PRJNA411952	30	30	30	1	True	1	0	0.0	False			RNA-Seq|TRANSCRIPTOMIC|cDNA	polyA selected RNA-seq
PRJNA464032	30	30	30	1	True	1	0	0.0	False			RNA-Seq|TRANSCRIPTOMIC|cDNA	TruSeq Stranded mRNA
PRJNA473270	30	30	30	1	True	2	8	0.467	False		3.75	Bisulfite-Seq|GENOMIC|RANDOM;RNA-Seq|TRANSCRIPTOMIC|cDNA	bulk RNA-seq
PRJNA532720	30	30	30	1	True	1	0	0.0	False			RNA-Seq|TRANSCRIPTOMIC|cDNA	polyA selected RNA-seq
PRJNA547716	30	30	60	6	False	1	0	0.0	False			RNA-Seq|TRANSCRIPTOMIC|cDNA	10x Genomics Chromium
PRJNA592992	30	30	30	1	True	1	0	0.0	False			RNA-Seq|TRANSCRIPTOMIC|cDNA	Drop-seq
PRJNA596542	30	30	30	1	True	1	0	0.0	False			RNA-Seq|TRANSCRIPTOMIC|cDNA	bulk RNA-seq
PRJNA633784	30	30	120	4	False	1	4	0.8	False		7.5	RNA-Seq|TRANSCRIPTOMIC|cDNA	Drop-seq
PRJNA670209	30	30	30	1	True	1	0	0.0	False			RNA-Seq|TRANSCRIPTOMIC|cDNA	bulk RNA-seq
PRJNA670674	30	30	30	1	True	1	0	0.0	False			RNA-Seq|TRANSCRIPTOMIC|cDNA	Drop-seq
PRJNA674593	30	30	120	4	False	1	30	1.0	True	96	1.0	RNA-Seq|TRANSCRIPTOMIC|cDNA	bulk RNA-seq
PRJNA722017	30	30	60	2	False	1	0	0.0	False			RNA-Seq|TRANSCRIPTOMIC|cDNA	bulk RNA-seq
PRJNA723602	30	30	30	1	True	1	0	0.0	False			RNA-Seq|TRANSCRIPTOMIC|cDNA	bulk RNA-seq
PRJNA729751	30	30	30	1	True	1	30	1.0	False		1.0	RNA-Seq|TRANSCRIPTOMIC|cDNA	10x Genomics Chromium
PRJNA755257	30	30	30	1	True	1	0	0.0	False			RNA-Seq|TRANSCRIPTOMIC|cDNA	bulk RNA-seq
PRJNA767568	30	30	30	1	True	3	0	0.0	False			ATAC-seq|GENOMIC|other;OTHER|GENOMIC|other;RNA-Seq|TRANSCRIPTOMIC|cDNA	bulk RNA-seq
PRJNA779399	30	30	60	2	False	1	0	0.0	False			RNA-Seq|TRANSCRIPTOMIC|cDNA	bulk RNA-seq
PRJNA794828	30	30	30	1	True	1	0	0.0	False			RNA-Seq|TRANSCRIPTOMIC|cDNA	bulk RNA-seq
PRJNA807598	30	30	30	1	True	1	2	1.0	False		15.0	RNA-Seq|TRANSCRIPTOMIC|cDNA	bulk RNA-seq
PRJNA830541	30	30	63	4	False	1	1	0.238	False		30.0	RNA-Seq|TRANSCRIPTOMIC SINGLE CELL|cDNA	10x Genomics Chromium
PRJNA832687	30	30	124	8	False	1	14	0.621	False		2.14	RNA-Seq|TRANSCRIPTOMIC|cDNA	10x Genomics Chromium
PRJNA880014	30	30	30	1	True	1	6	0.6	False		5.0	RNA-Seq|TRANSCRIPTOMIC|cDNA	bulk RNA-seq
PRJNA889044	30	30	30	1	True	1	2	1.0	False		15.0	RNA-Seq|TRANSCRIPTOMIC|cDNA	bulk RNA-seq
PRJNA901007	30	30	30	1	True	1	0	0.0	False			RNA-Seq|TRANSCRIPTOMIC|cDNA	bulk RNA-seq
PRJNA937162	30	30	30	1	True	1	6	0.6	False		5.0	RNA-Seq|TRANSCRIPTOMIC|cDNA	bulk RNA-seq
PRJNA954449	30	30	30	1	True	1	0	0.0	False			RNA-Seq|TRANSCRIPTOMIC|cDNA	polyA selected RNA-seq
PRJNA986451	30	30	30	1	True	1	0	0.0	False			RNA-Seq|TRANSCRIPTOMIC|cDNA	bulk RNA-seq
PRJEB108732	29	29	29	1	True	1	0	0.0	False			RNA-Seq|TRANSCRIPTOMIC|Oligo-dT	TruSeq Stranded mRNA
PRJEB61633	29	29	29	1	True	1	0	0.0	False			RNA-Seq|TRANSCRIPTOMIC|PolyA	bulk RNA-seq
PRJNA1093110	29	29	29	1	True	1	0	0.0	False			RNA-Seq|TRANSCRIPTOMIC|cDNA	bulk RNA-seq
PRJNA1132173	29	29	29	1	True	1	0	0.0	False			RNA-Seq|TRANSCRIPTOMIC|cDNA	bulk RNA-seq
PRJNA1141573	29	29	29	1	True	1	29	1.0	False		1.0	RNA-Seq|TRANSCRIPTOMIC|cDNA	bulk RNA-seq
PRJNA1151734	29	29	80	4	False	1	0	0.0	False			RNA-Seq|TRANSCRIPTOMIC SINGLE CELL|cDNA	10x Genomics Chromium
PRJNA1194051	29	29	29	1	True	1	0	0.0	False			RNA-Seq|TRANSCRIPTOMIC|cDNA	bulk RNA-seq
PRJNA1196833	29	29	44	2	False	1	0	0.0	False			RNA-Seq|TRANSCRIPTOMIC|cDNA	bulk RNA-seq
PRJNA1223796	29	29	29	1	True	1	0	0.0	False			RNA-Seq|TRANSCRIPTOMIC|cDNA	bulk RNA-seq
PRJNA1249385	29	29	29	1	True	1	0	0.0	False			RNA-Seq|TRANSCRIPTOMIC|cDNA_oligo_dT	single nucleus RNA-seq
PRJNA1255245	29	29	29	1	True	1	0	0.0	False			RNA-Seq|TRANSCRIPTOMIC|cDNA	bulk RNA-seq
PRJNA1272515	29	29	29	1	True	1	13	0.897	False		2.23	RNA-Seq|TRANSCRIPTOMIC|PolyA	TruSeq Stranded mRNA
PRJNA1293951	29	29	29	1	True	1	0	0.0	False			RNA-Seq|TRANSCRIPTOMIC SINGLE CELL|cDNA	Drop-seq
PRJNA1330776	29	29	29	1	True	1	0	0.0	False			RNA-Seq|TRANSCRIPTOMIC|cDNA	bulk RNA-seq
PRJNA1367052	29	29	29	1	True	2	0	0.0	False			ATAC-seq|GENOMIC|MNase;RNA-Seq|TRANSCRIPTOMIC|PolyA	bulk RNA-seq
PRJNA1424880	29	29	29	1	True	1	0	0.0	False			RNA-Seq|TRANSCRIPTOMIC|cDNA	bulk RNA-seq
PRJNA1491488	29	29	29	1	True	1	0	0.0	False			RNA-Seq|TRANSCRIPTOMIC|cDNA	bulk RNA-seq
PRJNA313425	29	29	29	1	True	1	0	0.0	False			RNA-Seq|TRANSCRIPTOMIC|cDNA	polyA selected RNA-seq
PRJNA604183	29	29	35	4	False	2	0	0.0	False			ATAC-seq|GENOMIC|other;RNA-Seq|TRANSCRIPTOMIC|cDNA	bulk RNA-seq
PRJNA667491	29	29	232	16	False	1	2	0.069	False		14.5	RNA-Seq|TRANSCRIPTOMIC|cDNA	10x Genomics Chromium
PRJNA793867	29	29	29	1	True	2	0	0.0	False			ATAC-seq|GENOMIC|other;RNA-Seq|TRANSCRIPTOMIC|cDNA	10x Genomics Chromium
PRJNA879739	29	29	29	1	True	1	0	0.0	False			RNA-Seq|TRANSCRIPTOMIC|cDNA	bulk RNA-seq
PRJNA901214	29	29	51	8	False	1	4	0.569	False		7.25	RNA-Seq|TRANSCRIPTOMIC SINGLE CELL|cDNA	single nucleus RNA-seq
PRJNA961207	29	29	29	1	True	1	0	0.0	False			RNA-Seq|TRANSCRIPTOMIC|cDNA	bulk RNA-seq
PRJEB115954	28	28	112	4	False	1	0	0.0	False			OTHER|TRANSCRIPTOMIC SINGLE CELL|Oligo-dT	single nucleus RNA-seq
PRJEB32578	28	28	28	1	True	1	0	0.0	False			ssRNA-seq|TRANSCRIPTOMIC|other	bulk RNA-seq
PRJEB44775	28	28	28	1	True	1	0	0.0	False			ssRNA-seq|TRANSCRIPTOMIC|Oligo-dT	TruSeq Stranded mRNA
PRJEB82505	28	28	28	1	True	1	0	0.0	False			RNA-Seq|TRANSCRIPTOMIC|cDNA	bulk RNA-seq
PRJNA1007720	28	28	44	2	False	1	0	0.0	False			RNA-Seq|TRANSCRIPTOMIC|cDNA	bulk RNA-seq
PRJNA1027901	28	28	28	1	True	1	0	0.0	False			RNA-Seq|TRANSCRIPTOMIC|cDNA	bulk RNA-seq
PRJNA1046115	28	28	28	1	True	1	20	1.0	False		1.4	RNA-Seq|TRANSCRIPTOMIC|cDNA	polyA selected RNA-seq
PRJNA1074760	28	28	56	2	False	1	0	0.0	False			OTHER|TRANSCRIPTOMIC|other	single nucleus RNA-seq;bulk RNA-seq
PRJNA1075676	28	28	28	1	True	1	0	0.0	False			RNA-Seq|TRANSCRIPTOMIC|cDNA	bulk RNA-seq
PRJNA1174695	28	28	28	1	True	1	0	0.0	False			RNA-Seq|TRANSCRIPTOMIC|cDNA	bulk RNA-seq
PRJNA1216223	28	28	28	1	True	1	0	0.0	False			RNA-Seq|TRANSCRIPTOMIC|cDNA	bulk RNA-seq
PRJNA1231395	28	28	28	1	True	1	0	0.0	False			RNA-Seq|TRANSCRIPTOMIC|cDNA	bulk RNA-seq
PRJNA1259382	28	28	28	1	True	2	5	0.179	False		5.6	ATAC-seq|GENOMIC|PCR;RNA-Seq|TRANSCRIPTOMIC|RT-PCR	bulk RNA-seq
PRJNA1266081	28	28	28	1	True	1	1	0.214	False		28.0	RNA-Seq|TRANSCRIPTOMIC|cDNA	bulk RNA-seq
PRJNA1281378	28	28	28	1	True	1	0	0.0	False			RNA-Seq|TRANSCRIPTOMIC SINGLE CELL|RANDOM	single nucleus RNA-seq
PRJNA1309618	28	28	28	1	True	1	0	0.0	False			RNA-Seq|TRANSCRIPTOMIC|PCR	bulk RNA-seq
PRJNA1378537	28	28	28	1	True	1	2	0.429	False		14.0	RNA-Seq|TRANSCRIPTOMIC|PolyA	bulk RNA-seq
PRJNA1395000	28	28	28	1	True	1	0	0.0	False			RNA-Seq|TRANSCRIPTOMIC|cDNA	bulk RNA-seq
PRJNA1398212	28	28	28	1	True	1	0	0.0	False			RNA-Seq|TRANSCRIPTOMIC|cDNA	bulk RNA-seq
PRJNA1431490	28	28	28	1	True	2	0	0.0	False			ATAC-seq|GENOMIC SINGLE CELL|other;RNA-Seq|TRANSCRIPTOMIC SINGLE CELL|cDNA	10x Genomics Chromium
PRJNA1477590	28	28	28	1	True	1	0	0.0	False			RNA-Seq|TRANSCRIPTOMIC|cDNA	bulk RNA-seq
PRJNA1478579	28	28	67	4	False	2	0	0.0	False			ATAC-seq|GENOMIC SINGLE CELL|other;RNA-Seq|TRANSCRIPTOMIC SINGLE CELL|cDNA	10x Genomics Chromium
PRJNA302899	28	28	28	1	True	1	0	0.0	False			RNA-Seq|TRANSCRIPTOMIC|cDNA	polyA selected RNA-seq
PRJNA390078	28	28	28	1	True	1	0	0.0	False			RNA-Seq|TRANSCRIPTOMIC|cDNA	Drop-seq
PRJNA417290	28	28	28	1	True	1	0	0.0	False			RNA-Seq|TRANSCRIPTOMIC|cDNA	Drop-seq
PRJNA477371	28	28	28	1	True	1	0	0.0	False			RNA-Seq|TRANSCRIPTOMIC|cDNA	bulk RNA-seq
PRJNA559385	28	28	58	4	False	1	8	0.552	False		3.5	RNA-Seq|TRANSCRIPTOMIC|cDNA	bulk RNA-seq
PRJNA596211	28	28	28	1	True	1	0	0.0	False			RNA-Seq|TRANSCRIPTOMIC|cDNA	bulk RNA-seq
PRJNA625436	28	28	28	1	True	1	0	0.0	False			RNA-Seq|TRANSCRIPTOMIC|cDNA	bulk RNA-seq
PRJNA643417	28	28	28	1	True	1	0	0.0	False			RNA-Seq|TRANSCRIPTOMIC|cDNA	bulk RNA-seq
PRJNA666001	28	28	28	1	True	1	0	0.0	False			RNA-Seq|TRANSCRIPTOMIC|cDNA	Drop-seq
PRJNA675002	28	28	28	1	True	1	0	0.0	False			RNA-Seq|TRANSCRIPTOMIC|cDNA	bulk RNA-seq
PRJNA681404	28	28	28	1	True	2	11	1.0	False		2.55	RNA-Seq|TRANSCRIPTOMIC|PolyA;miRNA-Seq|TRANSCRIPTOMIC|other	TruSeq Stranded mRNA
PRJNA704418	28	28	28	1	True	2	0	0.0	False			ChIP-Seq|GENOMIC|ChIP;RNA-Seq|TRANSCRIPTOMIC|cDNA	SPLiT-seq
PRJNA720122	28	28	56	2	False	1	0	0.0	False			RNA-Seq|TRANSCRIPTOMIC|cDNA	bulk RNA-seq
PRJNA727474	28	28	28	1	True	1	0	0.0	False			RNA-Seq|TRANSCRIPTOMIC|cDNA	TruSeq Stranded mRNA
PRJNA759217	28	28	28	1	True	1	5	1.0	False		5.6	RNA-Seq|TRANSCRIPTOMIC|cDNA	TruSeq Stranded mRNA
PRJNA769704	28	28	76	4	False	1	0	0.0	False			RNA-Seq|TRANSCRIPTOMIC|cDNA	bulk RNA-seq;TruSeq Stranded mRNA
PRJNA782985	28	28	28	1	True	1	3	0.393	False		9.33	RNA-Seq|TRANSCRIPTOMIC|cDNA	inDrop
PRJNA799936	28	28	70	4	False	1	0	0.0	False			RNA-Seq|TRANSCRIPTOMIC|cDNA	10x Genomics Chromium
PRJNA807663	28	28	136	8	False	1	0	0.0	False			RNA-Seq|TRANSCRIPTOMIC|cDNA	10x Genomics Chromium
PRJNA828261	28	28	28	1	True	2	0	0.0	False			RNA-Seq|TRANSCRIPTOMIC SINGLE CELL|cDNA;RNA-Seq|TRANSCRIPTOMIC|cDNA	bulk RNA-seq
PRJNA847426	28	28	28	1	True	1	3	1.0	False		9.33	RNA-Seq|TRANSCRIPTOMIC|cDNA	bulk RNA-seq
PRJNA847433	28	28	28	1	True	2	0	0.0	False			OTHER|GENOMIC|other;RNA-Seq|TRANSCRIPTOMIC|cDNA	bulk RNA-seq
PRJNA863584	28	28	28	1	True	1	1	0.286	False		28.0	RNA-Seq|TRANSCRIPTOMIC|cDNA	bulk RNA-seq
PRJNA895411	28	28	28	1	True	2	2	0.071	False		14.0	RNA-Seq|TRANSCRIPTOMIC|cDNA;WGS|GENOMIC|cDNA	bulk RNA-seq
PRJNA933572	28	28	28	1	True	1	0	0.0	False			RNA-Seq|TRANSCRIPTOMIC|cDNA	bulk RNA-seq
PRJNA936893	28	28	28	1	True	1	0	0.0	False			RNA-Seq|TRANSCRIPTOMIC|cDNA	bulk RNA-seq
PRJNA952248	28	28	28	1	True	1	0	0.0	False			RNA-Seq|TRANSCRIPTOMIC|cDNA	bulk RNA-seq
PRJNA962064	28	28	38	2	False	2	0	0.0	False			RNA-Seq|TRANSCRIPTOMIC SINGLE CELL|cDNA;RNA-Seq|TRANSCRIPTOMIC|cDNA	bulk RNA-seq
PRJNA963864	28	28	56	2	False	1	0	0.0	False			RNA-Seq|TRANSCRIPTOMIC|cDNA	bulk RNA-seq
PRJNA974841	28	28	28	1	True	1	3	1.0	False		9.33	RNA-Seq|TRANSCRIPTOMIC|cDNA	bulk RNA-seq
PRJEB109817	27	27	27	1	True	1	2	0.667	False		13.5	RNA-Seq|TRANSCRIPTOMIC|cDNA_randomPriming	bulk RNA-seq
PRJEB22734	27	27	27	1	True	1	0	0.0	False			RNA-Seq|TRANSCRIPTOMIC|Oligo-dT	TruSeq Stranded mRNA
PRJNA1003480	27	27	27	1	True	1	0	0.0	False			RNA-Seq|TRANSCRIPTOMIC|cDNA	bulk RNA-seq
PRJNA1027820	27	27	27	1	True	1	0	0.0	False			RNA-Seq|TRANSCRIPTOMIC|cDNA	bulk RNA-seq
PRJNA1076545	27	27	34	2	False	1	0	0.0	False			RNA-Seq|TRANSCRIPTOMIC|cDNA	bulk RNA-seq
PRJNA1084015	27	27	27	1	True	1	0	0.0	False			RNA-Seq|TRANSCRIPTOMIC|cDNA	bulk RNA-seq
PRJNA1089226	27	27	27	1	True	1	0	0.0	False			RNA-Seq|TRANSCRIPTOMIC|cDNA	bulk RNA-seq
PRJNA1119985	27	27	27	1	True	1	0	0.0	False			RNA-Seq|TRANSCRIPTOMIC|cDNA	bulk RNA-seq
PRJNA1123202	27	27	27	1	True	1	0	0.0	False			RNA-Seq|TRANSCRIPTOMIC SINGLE CELL|cDNA	10x Genomics Chromium
PRJNA1142410	27	27	27	1	True	2	0	0.0	False			RNA-Seq|TRANSCRIPTOMIC SINGLE CELL|cDNA;RNA-Seq|TRANSCRIPTOMIC|cDNA	bulk RNA-seq
PRJNA1144441	27	27	27	1	True	1	0	0.0	False			RNA-Seq|TRANSCRIPTOMIC|cDNA	bulk RNA-seq
PRJNA1148659	27	27	27	1	True	1	0	0.0	False			RNA-Seq|TRANSCRIPTOMIC|cDNA	bulk RNA-seq
PRJNA1157862	27	27	54	2	False	1	0	0.0	False			OTHER|TRANSCRIPTOMIC|other	single nucleus RNA-seq
PRJNA1199916	27	27	27	1	True	1	0	0.0	False			RNA-Seq|TRANSCRIPTOMIC|cDNA	bulk RNA-seq
PRJNA1211143	27	27	27	1	True	1	0	0.0	False			RNA-Seq|TRANSCRIPTOMIC|cDNA	bulk RNA-seq
PRJNA1221861	27	27	27	1	True	1	0	0.0	False			RNA-Seq|TRANSCRIPTOMIC|cDNA	bulk RNA-seq
PRJNA1231513	27	27	27	1	True	1	0	0.0	False			RNA-Seq|TRANSCRIPTOMIC|cDNA	bulk RNA-seq
PRJNA1265681	27	27	27	1	True	1	0	0.0	False			RNA-Seq|TRANSCRIPTOMIC|cDNA	TruSeq Stranded mRNA
PRJNA1266247	27	27	27	1	True	1	18	0.667	False		1.5	RNA-Seq|TRANSCRIPTOMIC|cDNA	bulk RNA-seq
PRJNA1266769	27	27	27	1	True	1	0	0.0	False			RNA-Seq|TRANSCRIPTOMIC|cDNA	bulk RNA-seq
PRJNA1266770	27	27	27	1	True	1	0	0.0	False			RNA-Seq|TRANSCRIPTOMIC|cDNA	bulk RNA-seq
PRJNA1291615	27	27	27	1	True	1	0	0.0	False			RNA-Seq|TRANSCRIPTOMIC|cDNA	bulk RNA-seq
PRJNA1310315	27	27	42	2	False	2	0	0.0	False			RNA-Seq|TRANSCRIPTOMIC|cDNA;miRNA-Seq|TRANSCRIPTOMIC|size fractionation	bulk RNA-seq
PRJNA1316976	27	27	27	1	True	1	0	0.0	False			RNA-Seq|TRANSCRIPTOMIC|cDNA	bulk RNA-seq
PRJNA1355025	27	27	27	1	True	1	0	0.0	False			RNA-Seq|TRANSCRIPTOMIC|PolyA	bulk RNA-seq
PRJNA1420430	27	27	27	1	True	1	0	0.0	False			RNA-Seq|TRANSCRIPTOMIC|Oligo-dT	bulk RNA-seq
PRJNA1450728	27	27	27	1	True	1	0	0.0	False			RNA-Seq|TRANSCRIPTOMIC|cDNA	bulk RNA-seq
PRJNA1459359	27	27	27	1	True	1	0	0.0	False			RNA-Seq|TRANSCRIPTOMIC|cDNA	bulk RNA-seq
PRJNA421909	27	27	27	1	True	1	7	0.63	False		3.86	RNA-Seq|TRANSCRIPTOMIC|cDNA	Drop-seq
PRJNA437946	27	27	27	1	True	1	0	0.0	False			RNA-Seq|TRANSCRIPTOMIC|cDNA	bulk RNA-seq
PRJNA450677	27	27	30	2	False	1	0	0.0	False			RNA-Seq|TRANSCRIPTOMIC|cDNA	Drop-seq
PRJNA481958	27	27	35	2	False	2	0	0.0	False			RNA-Seq|TRANSCRIPTOMIC|cDNA;Targeted-Capture|GENOMIC|size fractionation	bulk RNA-seq
PRJNA530780	27	27	35	2	False	1	0	0.0	False			RNA-Seq|TRANSCRIPTOMIC|cDNA	10x Genomics Chromium
PRJNA547712	27	27	27	1	True	1	11	0.926	False		2.45	RNA-Seq|TRANSCRIPTOMIC|cDNA	10x Genomics Chromium
PRJNA594529	27	27	27	1	True	1	0	0.0	False			RNA-Seq|TRANSCRIPTOMIC|cDNA	bulk RNA-seq
PRJNA631916	27	27	27	1	True	1	0	0.0	False			RNA-Seq|TRANSCRIPTOMIC|cDNA	TruSeq Stranded mRNA
PRJNA655931	27	27	27	1	True	1	0	0.0	False			RNA-Seq|TRANSCRIPTOMIC|cDNA	inDrop;bulk RNA-seq
PRJNA684762	27	27	27	1	True	1	1	0.37	False		27.0	RNA-Seq|TRANSCRIPTOMIC|cDNA	Drop-seq
PRJNA749281	27	27	27	1	True	1	0	0.0	False			RNA-Seq|TRANSCRIPTOMIC|cDNA	bulk RNA-seq
PRJNA769684	27	27	108	4	False	1	0	0.0	False			RNA-Seq|TRANSCRIPTOMIC|cDNA	bulk RNA-seq
PRJNA770085	27	27	27	1	True	3	0	0.0	False			Bisulfite-Seq|GENOMIC|RANDOM;OTHER|GENOMIC|other;RNA-Seq|TRANSCRIPTOMIC|cDNA	bulk RNA-seq
PRJNA795811	27	27	27	1	True	1	0	0.0	False			RNA-Seq|TRANSCRIPTOMIC|cDNA	bulk RNA-seq
PRJNA819170	27	27	27	1	True	1	0	0.0	False			RNA-Seq|TRANSCRIPTOMIC|cDNA	bulk RNA-seq
PRJNA844396	27	27	27	1	True	1	0	0.0	False			RNA-Seq|TRANSCRIPTOMIC|cDNA	bulk RNA-seq
PRJNA847432	27	27	27	1	True	1	0	0.0	False			RNA-Seq|TRANSCRIPTOMIC|cDNA	bulk RNA-seq
PRJNA888998	27	27	27	1	True	1	0	0.0	False			RNA-Seq|TRANSCRIPTOMIC|cDNA	bulk RNA-seq
PRJNA907393	27	27	27	1	True	1	0	0.0	False			RNA-Seq|TRANSCRIPTOMIC|cDNA	bulk RNA-seq
PRJNA945497	27	27	27	1	True	1	1	0.333	False		27.0	RNA-Seq|TRANSCRIPTOMIC|cDNA	bulk RNA-seq
PRJNA951376	27	27	27	1	True	1	0	0.0	False			RNA-Seq|TRANSCRIPTOMIC|cDNA	bulk RNA-seq
PRJNA954351	27	27	27	1	True	1	0	0.0	False			RNA-Seq|TRANSCRIPTOMIC|cDNA	bulk RNA-seq
PRJNA962121	27	27	54	2	False	1	0	0.0	False			RNA-Seq|TRANSCRIPTOMIC|cDNA	bulk RNA-seq
PRJNA967382	27	27	33	2	False	5	0	0.0	False			ATAC-seq|GENOMIC|other;OTHER|GENOMIC|other;OTHER|OTHER|other;RNA-Seq|TRANSCRIPTOMIC SINGLE CELL|cDNA;RNA-Seq|TRANSCRIPTOMIC|cDNA	bulk RNA-seq
PRJNA992412	27	27	27	1	True	1	0	0.0	False			RNA-Seq|TRANSCRIPTOMIC|cDNA	bulk RNA-seq
PRJNA998873	27	27	27	1	True	1	0	0.0	False			RNA-Seq|TRANSCRIPTOMIC|cDNA	Parse Biosciences
PRJEB102196	26	26	26	1	True	1	0	0.0	False			RNA-Seq|TRANSCRIPTOMIC|cDNA_randomPriming	bulk RNA-seq
PRJEB104043	26	26	26	1	True	1	0	0.0	False			RNA-Seq|TRANSCRIPTOMIC SINGLE CELL|PolyA	bulk RNA-seq
PRJEB108705	26	27	27	2	False	1	0	0.0	False			RNA-Seq|TRANSCRIPTOMIC|cDNA	TruSeq Stranded mRNA
PRJEB109293	26	47	47	2	False	2	0	0.0	False			AMPLICON|METAGENOMIC|PCR;RNA-Seq|TRANSCRIPTOMIC|RANDOM	bulk RNA-seq
PRJEB14173	26	26	26	1	True	1	0	0.0	False			WGS|GENOMIC|RANDOM	10x Genomics Chromium
PRJEB54825	26	26	728	28	False	1	0	0.0	False			RNA-Seq|TRANSCRIPTOMIC SINGLE CELL|Oligo-dT	10x Genomics Chromium
PRJNA1003147	26	26	26	1	True	1	0	0.0	False			RNA-Seq|TRANSCRIPTOMIC|cDNA	bulk RNA-seq
PRJNA1003546	26	26	26	1	True	1	0	0.0	False			ATAC-seq|TRANSCRIPTOMIC|other	bulk RNA-seq
PRJNA1003547	26	26	26	1	True	1	0	0.0	False			RNA-Seq|TRANSCRIPTOMIC|cDNA	bulk RNA-seq
PRJNA1070271	26	26	68	4	False	1	0	0.0	False			RNA-Seq|TRANSCRIPTOMIC SINGLE CELL|cDNA	bulk RNA-seq
PRJNA1088134	26	26	52	2	False	1	0	0.0	False			RNA-Seq|TRANSCRIPTOMIC|cDNA	bulk RNA-seq
PRJNA1108209	26	26	49	4	False	1	0	0.0	False			RNA-Seq|TRANSCRIPTOMIC SINGLE CELL|cDNA	single nucleus RNA-seq
PRJNA1188023	26	26	26	1	True	1	0	0.0	False			RNA-Seq|TRANSCRIPTOMIC|cDNA	bulk RNA-seq
PRJNA1188590	26	26	26	1	True	1	0	0.0	False			ATAC-seq|GENOMIC|other	bulk RNA-seq
PRJNA1210469	26	26	26	1	True	1	0	0.0	False			RNA-Seq|TRANSCRIPTOMIC|cDNA	bulk RNA-seq
PRJNA1211354	26	26	26	1	True	1	15	0.577	False		1.73	RNA-Seq|TRANSCRIPTOMIC|cDNA	bulk RNA-seq
PRJNA1221000	26	26	46	3	False	1	0	0.0	False			RNA-Seq|TRANSCRIPTOMIC|cDNA	bulk RNA-seq
PRJNA1232157	26	26	26	1	True	1	0	0.0	False			RNA-Seq|TRANSCRIPTOMIC|cDNA	bulk RNA-seq
PRJNA1245171	26	26	89	4	False	1	0	0.0	False			RNA-Seq|TRANSCRIPTOMIC|cDNA	bulk RNA-seq
PRJNA1254641	26	26	26	1	True	1	0	0.0	False			RNA-Seq|TRANSCRIPTOMIC|cDNA	bulk RNA-seq
PRJNA1258074	26	26	190	16	False	2	0	0.0	False			ATAC-seq|GENOMIC SINGLE CELL|other;RNA-Seq|TRANSCRIPTOMIC SINGLE CELL|cDNA	bulk RNA-seq
PRJNA1304534	26	26	26	1	True	1	0	0.0	False			RNA-Seq|TRANSCRIPTOMIC|cDNA	bulk RNA-seq
PRJNA1333950	26	26	26	1	True	4	0	0.0	False			ATAC-seq|GENOMIC|other;OTHER|GENOMIC|other;RNA-Seq|TRANSCRIPTOMIC SINGLE CELL|cDNA;RNA-Seq|TRANSCRIPTOMIC|cDNA	bulk RNA-seq
PRJNA1344838	26	78	78	3	False	2	0	0.0	False			AMPLICON|GENOMIC|PCR;RNA-Seq|TRANSCRIPTOMIC|cDNA	10x Genomics Chromium
PRJNA1432095	26	26	26	1	True	1	0	0.0	False			RNA-Seq|TRANSCRIPTOMIC|cDNA	bulk RNA-seq
PRJNA1469843	26	52	52	2	False	2	0	0.0	False			ATAC-seq|GENOMIC SINGLE CELL|RANDOM;RNA-Seq|TRANSCRIPTOMIC SINGLE CELL|cDNA	10x Genomics Chromium
PRJNA1471192	26	26	26	1	True	1	0	0.0	False			RNA-Seq|TRANSCRIPTOMIC|cDNA	bulk RNA-seq
PRJNA301340	26	26	26	1	True	1	0	0.0	False			RNA-Seq|TRANSCRIPTOMIC|cDNA	bulk RNA-seq
PRJNA343287	26	26	26	1	True	1	6	1.0	False		4.33	RNA-Seq|TRANSCRIPTOMIC|cDNA	bulk RNA-seq
PRJNA380680	26	26	26	1	True	1	0	0.0	False			RNA-Seq|TRANSCRIPTOMIC|cDNA	Drop-seq
PRJNA385098	26	26	26	1	True	1	4	0.538	False		6.5	RNA-Seq|TRANSCRIPTOMIC|cDNA	polyA selected RNA-seq
PRJNA557653	26	26	52	5	False	2	4	0.096	False		6.5	RNA-Seq|TRANSCRIPTOMIC SINGLE CELL|cDNA;RNA-Seq|TRANSCRIPTOMIC|cDNA	10x Genomics Chromium
PRJNA680358	26	26	50	4	False	1	0	0.0	False			RNA-Seq|TRANSCRIPTOMIC|cDNA	10x Genomics Chromium;bulk RNA-seq
PRJNA693317	26	26	26	1	True	1	0	0.0	False			RNA-Seq|TRANSCRIPTOMIC|cDNA	bulk RNA-seq
PRJNA693551	26	26	26	1	True	1	0	0.0	False			RNA-Seq|TRANSCRIPTOMIC|cDNA	bulk RNA-seq
PRJNA703969	26	26	26	1	True	1	0	0.0	False			RNA-Seq|TRANSCRIPTOMIC|cDNA	bulk RNA-seq
PRJNA752609	26	26	26	1	True	1	0	0.0	False			RNA-Seq|TRANSCRIPTOMIC|cDNA	polyA selected RNA-seq
PRJNA810853	26	26	26	1	True	1	0	0.0	False			RNA-Seq|TRANSCRIPTOMIC|cDNA	polyA selected RNA-seq
PRJNA830341	26	26	94	6	False	1	0	0.0	False			RNA-Seq|TRANSCRIPTOMIC SINGLE CELL|cDNA	BD Rhapsody
PRJNA893016	26	26	26	1	True	2	0	0.0	False			RNA-Seq|TRANSCRIPTOMIC SINGLE CELL|cDNA;RNA-Seq|TRANSCRIPTOMIC|cDNA	bulk RNA-seq
PRJNA894587	26	26	26	1	True	1	17	0.654	False		1.53	RNA-Seq|TRANSCRIPTOMIC|cDNA	bulk RNA-seq
PRJNA899884	26	26	26	1	True	1	0	0.0	False			RNA-Seq|TRANSCRIPTOMIC|cDNA	bulk RNA-seq
PRJNA906477	26	26	104	4	False	1	0	0.0	False			RNA-Seq|TRANSCRIPTOMIC SINGLE CELL|cDNA	bulk RNA-seq
PRJNA926127	26	26	26	1	True	1	0	0.0	False			RNA-Seq|TRANSCRIPTOMIC|cDNA	bulk RNA-seq
PRJNA975928	26	26	26	1	True	1	0	0.0	False			RNA-Seq|TRANSCRIPTOMIC|cDNA	bulk RNA-seq
PRJEB43849	25	25	25	1	True	1	2	1.0	False		12.5	RNA-Seq|TRANSCRIPTOMIC|RANDOM PCR	TruSeq Stranded mRNA
PRJNA1012313	25	25	31	2	False	1	0	0.0	False			RNA-Seq|TRANSCRIPTOMIC SINGLE CELL|cDNA	bulk RNA-seq
PRJNA1053348	25	25	25	1	True	1	0	0.0	False			RNA-Seq|TRANSCRIPTOMIC|cDNA	TruSeq Stranded mRNA
PRJNA1106624	25	25	25	1	True	3	0	0.0	False			OTHER|GENOMIC|other;RNA-Seq|TRANSCRIPTOMIC SINGLE CELL|cDNA_oligo_dT;RNA-Seq|TRANSCRIPTOMIC|cDNA_oligo_dT	bulk RNA-seq
PRJNA1149934	25	25	25	1	True	1	1	0.08	False		25.0	RNA-Seq|TRANSCRIPTOMIC SINGLE CELL|PolyA	Drop-seq
PRJNA1170273	25	25	25	1	True	1	4	0.48	False		6.25	RNA-Seq|TRANSCRIPTOMIC|cDNA	bulk RNA-seq
PRJNA1222835	25	25	50	2	False	1	0	0.0	False			RNA-Seq|TRANSCRIPTOMIC|cDNA	bulk RNA-seq
PRJNA1222918	25	25	25	1	True	1	0	0.0	False			RNA-Seq|TRANSCRIPTOMIC|PolyA	bulk RNA-seq
PRJNA1237503	25	25	25	1	True	1	0	0.0	False			RNA-Seq|TRANSCRIPTOMIC|cDNA	bulk RNA-seq
PRJNA1265170	25	25	36	2	False	2	10	0.472	False		2.5	OTHER|OTHER|other;RNA-Seq|TRANSCRIPTOMIC SINGLE CELL|cDNA	BD Rhapsody
PRJNA1286126	25	25	25	1	True	2	3	0.6	False		8.33	RNA-Seq|TRANSCRIPTOMIC|PolyA;ssRNA-seq|TRANSCRIPTOMIC|cDNA	bulk RNA-seq
PRJNA1298601	25	25	25	1	True	2	0	0.0	False			ATAC-seq|GENOMIC SINGLE CELL|other;RNA-Seq|TRANSCRIPTOMIC SINGLE CELL|cDNA	10x Genomics Chromium
PRJNA1301987	25	25	25	1	True	1	0	0.0	False			RNA-Seq|TRANSCRIPTOMIC|cDNA	bulk RNA-seq
PRJNA1367488	25	25	29	2	False	1	0	0.0	False			ChIP-Seq|GENOMIC|ChIP	bulk RNA-seq
PRJNA1437158	25	25	25	1	True	1	2	1.0	False		12.5	RNA-Seq|TRANSCRIPTOMIC|cDNA	bulk RNA-seq
PRJNA1458839	25	25	47	2	False	1	0	0.0	False			RNA-Seq|TRANSCRIPTOMIC SINGLE CELL|cDNA	10x Genomics Chromium
PRJNA1459021	25	25	25	1	True	1	0	0.0	False			RNA-Seq|TRANSCRIPTOMIC|PolyA	bulk RNA-seq
PRJNA355987	25	25	25	1	True	1	0	0.0	False			RNA-Seq|TRANSCRIPTOMIC|cDNA	Drop-seq
PRJNA434176	25	25	25	1	True	1	0	0.0	False			RNA-Seq|TRANSCRIPTOMIC|cDNA	polyA selected RNA-seq
PRJNA445877	25	25	49	4	False	1	0	0.0	False			RNA-Seq|TRANSCRIPTOMIC|cDNA	Drop-seq
PRJNA530131	25	25	25	1	True	1	0	0.0	False			RNA-Seq|TRANSCRIPTOMIC|cDNA	Drop-seq
PRJNA532847	25	25	25	1	True	1	0	0.0	False			RNA-Seq|TRANSCRIPTOMIC|cDNA	polyA selected RNA-seq
PRJNA574650	25	25	25	1	True	1	0	0.0	False			RNA-Seq|TRANSCRIPTOMIC|cDNA	10x Genomics Chromium
PRJNA610136	25	25	75	3	False	1	0	0.0	False			RNA-Seq|TRANSCRIPTOMIC|cDNA	bulk RNA-seq
PRJNA670922	25	25	25	1	True	1	0	0.0	False			RNA-Seq|TRANSCRIPTOMIC|cDNA	bulk RNA-seq
PRJNA674511	25	25	25	1	True	1	0	0.0	False			RNA-Seq|TRANSCRIPTOMIC|RANDOM	bulk RNA-seq
PRJNA679001	25	25	40	4	False	1	0	0.0	False			RNA-Seq|TRANSCRIPTOMIC|cDNA	bulk RNA-seq
PRJNA727828	25	25	25	1	True	2	0	0.0	False			ChIP-Seq|GENOMIC|ChIP;RNA-Seq|TRANSCRIPTOMIC|cDNA	TruSeq Stranded mRNA
PRJNA761760	25	25	25	1	True	1	5	1.0	False		5.0	RNA-Seq|TRANSCRIPTOMIC|cDNA	bulk RNA-seq
PRJNA800202	25	48	48	24	False	1	0	0.0	False			RNA-Seq|TRANSCRIPTOMIC|PCR	bulk RNA-seq
PRJNA856289	25	25	114	20	False	3	4	0.14	False		6.25	OTHER|TRANSCRIPTOMIC|other;RNA-Seq|TRANSCRIPTOMIC SINGLE CELL|cDNA;RNA-Seq|TRANSCRIPTOMIC|cDNA	bulk RNA-seq
PRJNA869448	25	25	25	1	True	1	0	0.0	False			RNA-Seq|TRANSCRIPTOMIC|cDNA	bulk RNA-seq
PRJNA940688	25	25	38	2	False	2	0	0.0	False			OTHER|TRANSCRIPTOMIC|other;RNA-Seq|TRANSCRIPTOMIC|cDNA	bulk RNA-seq
PRJNA942617	25	25	25	1	True	1	0	0.0	False			RNA-Seq|TRANSCRIPTOMIC|cDNA	bulk RNA-seq
PRJNA981649	25	25	25	1	True	1	0	0.0	False			RNA-Seq|TRANSCRIPTOMIC|Oligo-dT	bulk RNA-seq
PRJNA999624	25	25	50	2	False	1	0	0.0	False			RNA-Seq|TRANSCRIPTOMIC|cDNA	bulk RNA-seq
PRJDB19610	24	24	24	1	True	1	0	0.0	False			RNA-Seq|TRANSCRIPTOMIC|RANDOM	bulk RNA-seq
PRJDB40747	24	24	24	1	True	1	0	0.0	False			RNA-Seq|TRANSCRIPTOMIC|PolyA	bulk RNA-seq
PRJEB105331	24	24	24	1	True	1	0	0.0	False			RNA-Seq|TRANSCRIPTOMIC|cDNA	Drop-seq
PRJEB105332	24	24	24	1	True	1	0	0.0	False			RNA-Seq|TRANSCRIPTOMIC|cDNA	Drop-seq
PRJEB107273	24	24	24	1	True	1	0	0.0	False			RNA-Seq|TRANSCRIPTOMIC|PolyA	polyA selected RNA-seq
PRJEB39167	24	24	96	4	False	1	0	0.0	False			RNA-Seq|TRANSCRIPTOMIC|PCR	TruSeq Stranded mRNA
PRJEB40086	24	24	24	1	True	1	0	0.0	False			RNA-Seq|TRANSCRIPTOMIC|Oligo-dT	TruSeq Stranded mRNA
PRJEB43424	24	24	24	1	True	1	0	0.0	False			RNA-Seq|TRANSCRIPTOMIC|Oligo-dT	bulk RNA-seq
PRJEB53196	24	24	24	1	True	1	0	0.0	False			RNA-Seq|TRANSCRIPTOMIC|Oligo-dT	TruSeq Stranded mRNA
PRJEB56384	24	24	24	1	True	1	0	0.0	False			RNA-Seq|TRANSCRIPTOMIC|PolyA	bulk RNA-seq
PRJEB56467	24	24	24	1	True	1	0	0.0	False			RNA-Seq|TRANSCRIPTOMIC SINGLE CELL|Oligo-dT	bulk RNA-seq
PRJEB58896	24	24	24	1	True	1	0	0.0	False			RNA-Seq|TRANSCRIPTOMIC|PolyA	bulk RNA-seq
PRJEB63276	24	24	24	1	True	1	0	0.0	False			RNA-Seq|TRANSCRIPTOMIC|PolyA	bulk RNA-seq
PRJEB63467	24	24	96	4	False	1	13	1.0	False		1.85	RNA-Seq|TRANSCRIPTOMIC|PolyA	bulk RNA-seq
PRJEB69308	24	24	24	1	True	1	0	0.0	False			RNA-Seq|TRANSCRIPTOMIC|PolyA	bulk RNA-seq
PRJEB72413	24	24	24	1	True	1	0	0.0	False			ssRNA-seq|TRANSCRIPTOMIC|cDNA_randomPriming	TruSeq Stranded mRNA
PRJEB72807	24	24	24	1	True	1	0	0.0	False			RNA-Seq|TRANSCRIPTOMIC|PolyA	bulk RNA-seq
PRJNA1002964	24	24	25	2	False	1	0	0.0	False			RNA-Seq|TRANSCRIPTOMIC|cDNA	bulk RNA-seq
PRJNA1010352	24	24	24	1	True	1	18	0.792	False		1.33	RNA-Seq|TRANSCRIPTOMIC|cDNA	TruSeq Stranded mRNA
PRJNA1010748	24	24	24	1	True	1	0	0.0	False			RNA-Seq|TRANSCRIPTOMIC|cDNA	bulk RNA-seq
PRJNA1015248	24	24	136	8	False	1	0	0.0	False			RNA-Seq|TRANSCRIPTOMIC|cDNA	bulk RNA-seq
PRJNA1015558	24	24	24	1	True	4	3	0.125	False		8.0	OTHER|GENOMIC|other;OTHER|TRANSCRIPTOMIC|other;RNA-Seq|TRANSCRIPTOMIC SINGLE CELL|cDNA;RNA-Seq|TRANSCRIPTOMIC|cDNA	bulk RNA-seq
PRJNA1020844	24	24	24	1	True	1	2	0.75	False		12.0	RNA-Seq|TRANSCRIPTOMIC|cDNA	bulk RNA-seq
PRJNA1023032	24	24	24	1	True	1	0	0.0	False			RNA-Seq|TRANSCRIPTOMIC|cDNA	bulk RNA-seq
PRJNA1023903	24	24	60	4	False	1	0	0.0	False			RNA-Seq|TRANSCRIPTOMIC|cDNA	bulk RNA-seq
PRJNA1028280	24	24	24	1	True	1	0	0.0	False			RNA-Seq|TRANSCRIPTOMIC SINGLE CELL|cDNA	BD Rhapsody
PRJNA1035105	24	24	24	1	True	1	0	0.0	False			RNA-Seq|TRANSCRIPTOMIC|cDNA	bulk RNA-seq
PRJNA1047650	24	24	24	1	True	1	0	0.0	False			RNA-Seq|TRANSCRIPTOMIC|cDNA	TruSeq Stranded mRNA
PRJNA1066267	24	24	24	1	True	1	0	0.0	False			RNA-Seq|TRANSCRIPTOMIC|cDNA	bulk RNA-seq
PRJNA1070999	24	24	24	1	True	1	0	0.0	False			RNA-Seq|TRANSCRIPTOMIC|cDNA	bulk RNA-seq
PRJNA1073435	24	24	48	2	False	1	0	0.0	False			RNA-Seq|TRANSCRIPTOMIC|cDNA	bulk RNA-seq
PRJNA1083256	24	24	24	1	True	1	0	0.0	False			RNA-Seq|TRANSCRIPTOMIC|cDNA	TruSeq Stranded mRNA
PRJNA1084069	24	24	24	1	True	2	0	0.0	False			RNA-Seq|TRANSCRIPTOMIC SINGLE CELL|cDNA;RNA-Seq|TRANSCRIPTOMIC|cDNA	bulk RNA-seq
PRJNA1084742	24	24	24	1	True	1	0	0.0	False			RNA-Seq|TRANSCRIPTOMIC|cDNA	bulk RNA-seq
PRJNA1089622	24	24	24	1	True	1	0	0.0	False			RNA-Seq|TRANSCRIPTOMIC|cDNA	bulk RNA-seq
PRJNA1091646	24	24	24	1	True	1	0	0.0	False			RNA-Seq|TRANSCRIPTOMIC|cDNA	bulk RNA-seq
PRJNA1095503	24	24	24	1	True	1	0	0.0	False			RNA-Seq|TRANSCRIPTOMIC|cDNA	bulk RNA-seq
PRJNA1098062	24	24	24	1	True	1	0	0.0	False			RNA-Seq|TRANSCRIPTOMIC|other	single nucleus RNA-seq
PRJNA1098417	24	24	24	1	True	1	0	0.0	False			RNA-Seq|TRANSCRIPTOMIC|cDNA	bulk RNA-seq
PRJNA1109355	24	24	24	1	True	1	0	0.0	False			RNA-Seq|TRANSCRIPTOMIC|cDNA	bulk RNA-seq
PRJNA1113997	24	24	24	1	True	1	0	0.0	False			RNA-Seq|TRANSCRIPTOMIC|cDNA	bulk RNA-seq
PRJNA1115894	24	24	24	1	True	1	1	0.25	False		24.0	RNA-Seq|TRANSCRIPTOMIC|cDNA	TruSeq Stranded mRNA
PRJNA1116201	24	24	82	4	False	1	0	0.0	False			RNA-Seq|TRANSCRIPTOMIC|cDNA	bulk RNA-seq
PRJNA1118780	24	24	60	4	False	1	9	0.6	False		2.67	RNA-Seq|TRANSCRIPTOMIC|cDNA	bulk RNA-seq
PRJNA1122542	24	24	24	1	True	1	0	0.0	False			RNA-Seq|TRANSCRIPTOMIC|cDNA	bulk RNA-seq
PRJNA1128660	24	24	56	4	False	1	0	0.0	False			RNA-Seq|TRANSCRIPTOMIC SINGLE CELL|cDNA	10x Genomics Chromium
PRJNA1134797	24	24	24	1	True	1	0	0.0	False			RNA-Seq|TRANSCRIPTOMIC|cDNA	bulk RNA-seq
PRJNA1135691	24	24	24	1	True	1	1	0.083	False		24.0	RNA-Seq|TRANSCRIPTOMIC|cDNA	bulk RNA-seq
PRJNA1137306	24	24	24	1	True	1	0	0.0	False			RNA-Seq|TRANSCRIPTOMIC|cDNA	bulk RNA-seq
PRJNA1138243	24	24	24	1	True	1	0	0.0	False			RNA-Seq|TRANSCRIPTOMIC|cDNA	bulk RNA-seq
PRJNA1141504	24	24	24	1	True	1	0	0.0	False			RNA-Seq|TRANSCRIPTOMIC|cDNA	bulk RNA-seq
PRJNA1142026	24	24	24	1	True	1	5	1.0	False		4.8	OTHER|TRANSCRIPTOMIC|other	10x Genomics Chromium
PRJNA1147676	24	24	24	1	True	1	0	0.0	False			RNA-Seq|TRANSCRIPTOMIC|PolyA	bulk RNA-seq
PRJNA1153931	24	24	24	1	True	1	0	0.0	False			RNA-Seq|TRANSCRIPTOMIC|cDNA	bulk RNA-seq
PRJNA1161692	24	24	24	1	True	1	0	0.0	False			RNA-Seq|TRANSCRIPTOMIC|cDNA	bulk RNA-seq
PRJNA1163274	24	24	24	1	True	1	4	1.0	False		6.0	RNA-Seq|TRANSCRIPTOMIC|cDNA	bulk RNA-seq
PRJNA1163275	24	24	24	1	True	1	4	1.0	False		6.0	ATAC-seq|GENOMIC|other	bulk RNA-seq
PRJNA1163506	24	24	24	1	True	1	0	0.0	False			RNA-Seq|TRANSCRIPTOMIC|cDNA	bulk RNA-seq
PRJNA1167690	24	24	24	1	True	1	2	0.5	False		12.0	RNA-Seq|TRANSCRIPTOMIC|RANDOM	bulk RNA-seq
PRJNA1167917	24	24	24	1	True	1	5	0.75	False		4.8	RNA-Seq|TRANSCRIPTOMIC|PolyA	bulk RNA-seq
PRJNA1169620	24	24	24	1	True	1	4	1.0	False		6.0	RNA-Seq|TRANSCRIPTOMIC|cDNA	bulk RNA-seq
PRJNA1170268	24	24	24	1	True	1	0	0.0	False			RNA-Seq|TRANSCRIPTOMIC|cDNA	bulk RNA-seq
PRJNA1172353	24	24	24	1	True	1	0	0.0	False			RNA-Seq|TRANSCRIPTOMIC|cDNA	bulk RNA-seq
PRJNA1176550	24	24	24	1	True	1	0	0.0	False			RNA-Seq|TRANSCRIPTOMIC|cDNA	bulk RNA-seq
PRJNA1177786	24	24	24	1	True	1	0	0.0	False			RNA-Seq|TRANSCRIPTOMIC|cDNA	bulk RNA-seq
PRJNA1196439	24	24	24	1	True	1	0	0.0	False			RNA-Seq|TRANSCRIPTOMIC|cDNA	bulk RNA-seq
PRJNA1201774	24	24	24	1	True	1	0	0.0	False			RNA-Seq|TRANSCRIPTOMIC|cDNA	bulk RNA-seq
PRJNA1206180	24	24	48	2	False	1	0	0.0	False			RNA-Seq|TRANSCRIPTOMIC|cDNA	bulk RNA-seq
PRJNA1210477	24	24	48	2	False	1	0	0.0	False			RNA-Seq|TRANSCRIPTOMIC|cDNA	bulk RNA-seq
PRJNA1210527	24	24	48	2	False	1	0	0.0	False			RNA-Seq|TRANSCRIPTOMIC|cDNA	bulk RNA-seq
PRJNA1212070	24	24	192	8	False	1	0	0.0	False			RNA-Seq|TRANSCRIPTOMIC|cDNA	bulk RNA-seq
PRJNA1215274	24	24	24	1	True	1	0	0.0	False			RNA-Seq|TRANSCRIPTOMIC|cDNA	bulk RNA-seq
PRJNA1217405	24	24	27	2	False	1	0	0.0	False			RNA-Seq|TRANSCRIPTOMIC|cDNA	bulk RNA-seq
PRJNA1217898	24	24	96	4	False	1	0	0.0	False			RNA-Seq|TRANSCRIPTOMIC SINGLE CELL|cDNA	10x Genomics Chromium
PRJNA1224238	24	24	24	1	True	1	0	0.0	False			RNA-Seq|TRANSCRIPTOMIC|cDNA	bulk RNA-seq
PRJNA1231109	24	24	24	1	True	1	0	0.0	False			RNA-Seq|TRANSCRIPTOMIC|cDNA	bulk RNA-seq
PRJNA1231447	24	24	24	1	True	1	1	0.5	False		24.0	RNA-Seq|TRANSCRIPTOMIC|cDNA	bulk RNA-seq
PRJNA1234569	24	24	24	1	True	1	7	1.0	False		3.43	RNA-Seq|TRANSCRIPTOMIC|cDNA	bulk RNA-seq
PRJNA1235782	24	24	24	1	True	1	0	0.0	False			RNA-Seq|TRANSCRIPTOMIC|cDNA	bulk RNA-seq
PRJNA1241275	24	24	24	1	True	1	1	0.042	False		24.0	RNA-Seq|TRANSCRIPTOMIC|cDNA	bulk RNA-seq
PRJNA1242347	24	24	240	10	False	1	0	0.0	False			RNA-Seq|TRANSCRIPTOMIC SINGLE CELL|cDNA	10x Genomics Chromium
PRJNA1242963	24	24	24	1	True	1	0	0.0	False			RNA-Seq|TRANSCRIPTOMIC|cDNA	bulk RNA-seq
PRJNA1243091	24	24	24	1	True	1	0	0.0	False			RNA-Seq|TRANSCRIPTOMIC|cDNA	TruSeq Stranded mRNA
PRJNA1255113	24	24	24	1	True	1	0	0.0	False			RNA-Seq|TRANSCRIPTOMIC|cDNA	polyA selected RNA-seq
PRJNA1267078	24	24	24	1	True	1	0	0.0	False			RNA-Seq|TRANSCRIPTOMIC|cDNA	bulk RNA-seq
PRJNA1270049	24	24	24	1	True	1	2	0.667	False		12.0	RNA-Seq|TRANSCRIPTOMIC|cDNA	bulk RNA-seq
PRJNA1274248	24	24	24	1	True	2	0	0.0	False			ATAC-seq|GENOMIC|other;RNA-Seq|TRANSCRIPTOMIC|cDNA	bulk RNA-seq
PRJNA1274412	24	24	32	3	False	1	0	0.0	False			RNA-Seq|TRANSCRIPTOMIC|cDNA	bulk RNA-seq
PRJNA1276486	24	24	28	2	False	2	0	0.0	False			OTHER|TRANSCRIPTOMIC|other;RNA-Seq|TRANSCRIPTOMIC SINGLE CELL|cDNA	single nucleus RNA-seq
PRJNA1289839	24	24	24	1	True	1	0	0.0	False			RNA-Seq|TRANSCRIPTOMIC|cDNA	bulk RNA-seq
PRJNA1291621	24	24	24	1	True	1	0	0.0	False			RNA-Seq|TRANSCRIPTOMIC|cDNA	bulk RNA-seq
PRJNA1291725	24	24	24	1	True	1	0	0.0	False			RNA-Seq|TRANSCRIPTOMIC|cDNA	bulk RNA-seq
PRJNA1297653	24	24	24	1	True	1	0	0.0	False			RNA-Seq|TRANSCRIPTOMIC|cDNA	bulk RNA-seq
PRJNA1304502	24	24	48	2	False	1	0	0.0	False			RNA-Seq|TRANSCRIPTOMIC|cDNA	bulk RNA-seq
PRJNA1310535	24	24	24	1	True	1	0	0.0	False			RNA-Seq|TRANSCRIPTOMIC|cDNA	bulk RNA-seq
PRJNA1311519	24	24	24	1	True	1	0	0.0	False			RNA-Seq|TRANSCRIPTOMIC|cDNA	bulk RNA-seq
PRJNA1333980	24	24	24	1	True	1	0	0.0	False			RNA-Seq|TRANSCRIPTOMIC|cDNA	bulk RNA-seq
PRJNA1365086	24	24	24	1	True	2	2	0.333	False		12.0	RNA-Seq|TRANSCRIPTOMIC SINGLE CELL|cDNA;RNA-Seq|TRANSCRIPTOMIC|cDNA	bulk RNA-seq
PRJNA1366450	24	24	24	1	True	1	0	0.0	False			RNA-Seq|TRANSCRIPTOMIC|cDNA	bulk RNA-seq
PRJNA1366986	24	24	24	1	True	1	0	0.0	False			RNA-Seq|TRANSCRIPTOMIC|cDNA	bulk RNA-seq
PRJNA1367497	24	24	24	1	True	1	0	0.0	False			RNA-Seq|TRANSCRIPTOMIC|cDNA	bulk RNA-seq
PRJNA1370502	24	24	24	1	True	1	0	0.0	False			RNA-Seq|TRANSCRIPTOMIC|PolyA	bulk RNA-seq
PRJNA1376222	24	24	24	1	True	1	0	0.0	False			RNA-Seq|TRANSCRIPTOMIC|PolyA	TruSeq Stranded mRNA
PRJNA1378922	24	24	24	1	True	1	0	0.0	False			RNA-Seq|TRANSCRIPTOMIC|cDNA	TruSeq Stranded mRNA
PRJNA1379344	24	24	24	1	True	1	0	0.0	False			RNA-Seq|TRANSCRIPTOMIC|cDNA	bulk RNA-seq
PRJNA1389917	24	24	24	1	True	2	0	0.0	False			OTHER|TRANSCRIPTOMIC|other;RNA-Seq|TRANSCRIPTOMIC SINGLE CELL|cDNA	bulk RNA-seq
PRJNA1390887	24	24	24	1	True	1	0	0.0	False			RNA-Seq|TRANSCRIPTOMIC|cDNA	bulk RNA-seq
PRJNA1392047	24	24	24	1	True	2	0	0.0	False			RNA-Seq|TRANSCRIPTOMIC|Oligo-dT;RNA-Seq|TRANSCRIPTOMIC|cDNA	bulk RNA-seq
PRJNA1400607	24	24	24	1	True	1	2	0.5	False		12.0	RNA-Seq|TRANSCRIPTOMIC|cDNA	bulk RNA-seq
PRJNA1404142	24	24	24	1	True	1	0	0.0	False			RNA-Seq|TRANSCRIPTOMIC|cDNA	bulk RNA-seq
PRJNA1422730	24	24	54	3	False	2	0	0.0	False			OTHER|OTHER|other;RNA-Seq|TRANSCRIPTOMIC SINGLE CELL|cDNA	10x Genomics Chromium
PRJNA1424881	24	24	24	1	True	1	0	0.0	False			RNA-Seq|TRANSCRIPTOMIC|cDNA	bulk RNA-seq
PRJNA1424993	24	24	24	1	True	1	0	0.0	False			RNA-Seq|TRANSCRIPTOMIC|cDNA	bulk RNA-seq
PRJNA1425793	24	24	24	1	True	1	0	0.0	False			RNA-Seq|TRANSCRIPTOMIC|cDNA	bulk RNA-seq
PRJNA1427238	24	24	24	1	True	1	0	0.0	False			RNA-Seq|TRANSCRIPTOMIC|cDNA	bulk RNA-seq
PRJNA1438151	24	24	24	1	True	1	0	0.0	False			RNA-Seq|TRANSCRIPTOMIC|cDNA	bulk RNA-seq
PRJNA1438185	24	24	24	1	True	1	0	0.0	False			RNA-Seq|TRANSCRIPTOMIC|cDNA	bulk RNA-seq
PRJNA1447440	24	24	24	1	True	1	4	1.0	False		6.0	RNA-Seq|TRANSCRIPTOMIC|cDNA	bulk RNA-seq
PRJNA1454422	24	24	24	1	True	1	1	0.5	False		24.0	RNA-Seq|TRANSCRIPTOMIC|cDNA	bulk RNA-seq
PRJNA1466208	24	24	24	1	True	1	0	0.0	False			RNA-Seq|TRANSCRIPTOMIC|cDNA	bulk RNA-seq
PRJNA1467941	24	24	24	1	True	1	0	0.0	False			RNA-Seq|TRANSCRIPTOMIC|cDNA	bulk RNA-seq
PRJNA1476316	24	24	24	1	True	1	0	0.0	False			RNA-Seq|TRANSCRIPTOMIC|cDNA	bulk RNA-seq
PRJNA1481848	24	24	36	2	False	1	0	0.0	False			OTHER|TRANSCRIPTOMIC|other	TruSeq Stranded mRNA
PRJNA1491351	24	24	24	1	True	1	0	0.0	False			RNA-Seq|TRANSCRIPTOMIC|PolyA	bulk RNA-seq
PRJNA354335	24	24	24	1	True	1	0	0.0	False			RNA-Seq|TRANSCRIPTOMIC|cDNA	TruSeq Stranded mRNA
PRJNA360104	24	24	24	1	True	1	0	0.0	False			RNA-Seq|TRANSCRIPTOMIC|cDNA	polyA selected RNA-seq
PRJNA398507	24	24	24	1	True	1	2	0.542	False		12.0	RNA-Seq|TRANSCRIPTOMIC|cDNA	TruSeq Stranded mRNA
PRJNA407424	24	24	24	1	True	1	4	0.167	False		6.0	RNA-Seq|TRANSCRIPTOMIC|cDNA	Drop-seq
PRJNA414078	24	24	48	2	False	1	0	0.0	False			RNA-Seq|TRANSCRIPTOMIC|cDNA	TruSeq Stranded mRNA
PRJNA474666	24	24	36	2	False	1	0	0.0	False			RNA-Seq|TRANSCRIPTOMIC|cDNA	bulk RNA-seq
PRJNA474725	24	24	96	4	False	1	0	0.0	False			RNA-Seq|TRANSCRIPTOMIC|cDNA	bulk RNA-seq
PRJNA474938	24	24	24	1	True	1	0	0.0	False			RNA-Seq|TRANSCRIPTOMIC|cDNA	TruSeq Stranded mRNA
PRJNA484388	24	24	24	1	True	1	0	0.0	False			RNA-Seq|TRANSCRIPTOMIC|cDNA	bulk RNA-seq
PRJNA493632	24	24	24	1	True	1	0	0.0	False			RNA-Seq|TRANSCRIPTOMIC|cDNA	bulk RNA-seq
PRJNA497379	24	24	24	1	True	1	2	0.583	False		12.0	RNA-Seq|TRANSCRIPTOMIC|cDNA	bulk RNA-seq
PRJNA497876	24	24	24	1	True	2	10	0.625	False		2.4	ATAC-seq|GENOMIC|other;RNA-Seq|TRANSCRIPTOMIC|cDNA	Drop-seq
PRJNA521701	24	24	24	1	True	1	2	0.5	False		12.0	RNA-Seq|TRANSCRIPTOMIC|cDNA	polyA selected RNA-seq
PRJNA528618	24	24	24	1	True	1	0	0.0	False			RNA-Seq|TRANSCRIPTOMIC|cDNA	TruSeq Stranded mRNA
PRJNA544466	24	24	24	1	True	1	1	0.333	False		24.0	RNA-Seq|TRANSCRIPTOMIC|cDNA	bulk RNA-seq
PRJNA554895	24	24	24	1	True	1	0	0.0	False			RNA-Seq|TRANSCRIPTOMIC|cDNA	TruSeq Stranded mRNA
PRJNA563680	24	24	24	1	True	1	27	1.0	False		0.89	RNA-Seq|TRANSCRIPTOMIC|cDNA	bulk RNA-seq
PRJNA565015	24	24	24	1	True	1	0	0.0	False			RNA-Seq|TRANSCRIPTOMIC|cDNA	bulk RNA-seq;TruSeq Stranded mRNA
PRJNA577709	24	24	24	1	True	1	0	0.0	False			RNA-Seq|TRANSCRIPTOMIC|cDNA	bulk RNA-seq
PRJNA578393	24	24	24	1	True	1	0	0.0	False			RNA-Seq|TRANSCRIPTOMIC|cDNA	bulk RNA-seq
PRJNA594350	24	24	24	1	True	1	0	0.0	False			RNA-Seq|TRANSCRIPTOMIC|cDNA	TruSeq Stranded mRNA
PRJNA597923	24	24	24	1	True	1	4	1.0	False		6.0	RNA-Seq|TRANSCRIPTOMIC|cDNA	TruSeq Stranded mRNA
PRJNA603744	24	24	24	1	True	1	0	0.0	False			RNA-Seq|TRANSCRIPTOMIC|cDNA	bulk RNA-seq
PRJNA604013	24	24	24	1	True	1	0	0.0	False			RNA-Seq|TRANSCRIPTOMIC|cDNA	bulk RNA-seq
PRJNA604902	24	24	24	1	True	1	0	0.0	False			RNA-Seq|TRANSCRIPTOMIC|cDNA	polyA selected RNA-seq
PRJNA605812	24	24	64	3	False	1	0	0.0	False			RNA-Seq|TRANSCRIPTOMIC|cDNA	polyA selected RNA-seq
PRJNA627902	24	24	24	1	True	1	0	0.0	False			RNA-Seq|TRANSCRIPTOMIC|cDNA	TruSeq Stranded mRNA
PRJNA628647	24	24	24	1	True	1	0	0.0	False			RNA-Seq|TRANSCRIPTOMIC|cDNA	bulk RNA-seq
PRJNA639369	24	24	24	1	True	1	1	0.5	False		24.0	RNA-Seq|TRANSCRIPTOMIC|cDNA	TruSeq Stranded mRNA
PRJNA656181	24	24	48	2	False	1	0	0.0	False			RNA-Seq|TRANSCRIPTOMIC|cDNA	TruSeq Stranded mRNA
PRJNA665531	24	24	24	1	True	1	0	0.0	False			RNA-Seq|TRANSCRIPTOMIC|cDNA	bulk RNA-seq
PRJNA674370	24	24	96	4	False	1	0	0.0	False			RNA-Seq|TRANSCRIPTOMIC|cDNA	TruSeq Stranded mRNA
PRJNA675886	24	24	24	1	True	1	0	0.0	False			RNA-Seq|TRANSCRIPTOMIC|cDNA	bulk RNA-seq
PRJNA685058	24	24	24	1	True	1	0	0.0	False			RNA-Seq|TRANSCRIPTOMIC|cDNA	TruSeq Stranded mRNA
PRJNA691543	24	24	24	1	True	1	1	0.667	False		24.0	RNA-Seq|TRANSCRIPTOMIC|cDNA	bulk RNA-seq
PRJNA695213	24	24	24	1	True	1	0	0.0	False			RNA-Seq|TRANSCRIPTOMIC|cDNA	bulk RNA-seq
PRJNA742781	24	24	24	1	True	1	0	0.0	False			RNA-Seq|TRANSCRIPTOMIC|cDNA	single nucleus RNA-seq
PRJNA747702	24	24	24	1	True	1	0	0.0	False			RNA-Seq|TRANSCRIPTOMIC|cDNA	single nucleus RNA-seq
PRJNA753141	24	24	24	1	True	1	0	0.0	False			RNA-Seq|TRANSCRIPTOMIC|cDNA	bulk RNA-seq
PRJNA753504	24	24	25	2	False	1	0	0.0	False			RNA-Seq|TRANSCRIPTOMIC|cDNA	bulk RNA-seq
PRJNA753516	24	24	24	1	True	1	0	0.0	False			RNA-Seq|TRANSCRIPTOMIC|cDNA	bulk RNA-seq
PRJNA753839	24	24	24	1	True	1	0	0.0	False			RNA-Seq|TRANSCRIPTOMIC|cDNA	bulk RNA-seq
PRJNA754132	24	24	24	1	True	1	0	0.0	False			RNA-Seq|TRANSCRIPTOMIC|cDNA	bulk RNA-seq
PRJNA755256	24	24	25	2	False	1	0	0.0	False			RNA-Seq|TRANSCRIPTOMIC|cDNA	bulk RNA-seq
PRJNA756274	24	24	24	1	True	1	0	0.0	False			RNA-Seq|TRANSCRIPTOMIC|cDNA	bulk RNA-seq
PRJNA758077	24	24	48	3	False	3	3	0.188	False		8.0	ATAC-seq|GENOMIC|other;ChIP-Seq|GENOMIC|ChIP;RNA-Seq|TRANSCRIPTOMIC|cDNA	bulk RNA-seq
PRJNA767935	24	24	24	1	True	1	4	1.0	False		6.0	RNA-Seq|TRANSCRIPTOMIC|cDNA	bulk RNA-seq
PRJNA784286	24	24	24	1	True	1	0	0.0	False			RNA-Seq|TRANSCRIPTOMIC|cDNA	bulk RNA-seq
PRJNA787907	24	24	24	1	True	1	3	0.5	False		8.0	RNA-Seq|TRANSCRIPTOMIC|cDNA	bulk RNA-seq
PRJNA788276	24	24	24	1	True	1	0	0.0	False			RNA-Seq|TRANSCRIPTOMIC|cDNA	bulk RNA-seq
PRJNA800406	24	24	24	1	True	1	0	0.0	False			RNA-Seq|TRANSCRIPTOMIC|cDNA	10x Genomics Chromium
PRJNA813504	24	24	24	1	True	1	0	0.0	False			RNA-Seq|TRANSCRIPTOMIC|cDNA	bulk RNA-seq
PRJNA813507	24	24	24	1	True	1	0	0.0	False			RNA-Seq|TRANSCRIPTOMIC|cDNA	bulk RNA-seq
PRJNA836922	24	24	24	1	True	1	0	0.0	False			RNA-Seq|TRANSCRIPTOMIC|cDNA	bulk RNA-seq
PRJNA850943	24	24	24	1	True	1	0	0.0	False			RNA-Seq|TRANSCRIPTOMIC|cDNA	TruSeq Stranded mRNA
PRJNA856046	24	24	24	1	True	1	0	0.0	False			RNA-Seq|TRANSCRIPTOMIC SINGLE CELL|cDNA	10x Genomics Chromium
PRJNA861688	24	24	24	1	True	2	0	0.0	False			ATAC-seq|GENOMIC|other;RNA-Seq|TRANSCRIPTOMIC SINGLE CELL|cDNA	single nucleus RNA-seq
PRJNA873946	24	24	25	2	False	1	0	0.0	False			RNA-Seq|TRANSCRIPTOMIC|cDNA	bulk RNA-seq
PRJNA874077	24	24	25	2	False	1	0	0.0	False			RNA-Seq|TRANSCRIPTOMIC|cDNA	bulk RNA-seq
PRJNA876272	24	24	24	1	True	1	0	0.0	False			RNA-Seq|TRANSCRIPTOMIC|cDNA	bulk RNA-seq
PRJNA884619	24	24	24	1	True	1	0	0.0	False			RNA-Seq|TRANSCRIPTOMIC|cDNA	bulk RNA-seq
PRJNA886100	24	24	24	1	True	1	0	0.0	False			RNA-Seq|TRANSCRIPTOMIC|cDNA	bulk RNA-seq
PRJNA890288	24	24	24	1	True	1	0	0.0	False			RNA-Seq|TRANSCRIPTOMIC|cDNA	bulk RNA-seq
PRJNA894945	24	24	24	1	True	1	0	0.0	False			RNA-Seq|TRANSCRIPTOMIC|cDNA	bulk RNA-seq
PRJNA902695	24	24	24	1	True	1	0	0.0	False			RNA-Seq|TRANSCRIPTOMIC|cDNA	bulk RNA-seq
PRJNA904806	24	24	24	1	True	1	0	0.0	False			RNA-Seq|TRANSCRIPTOMIC|cDNA	bulk RNA-seq
PRJNA911741	24	24	24	1	True	1	1	0.25	False		24.0	RNA-Seq|TRANSCRIPTOMIC|cDNA	bulk RNA-seq
PRJNA929982	24	24	24	1	True	1	24	1.0	False		1.0	RNA-Seq|TRANSCRIPTOMIC|cDNA	bulk RNA-seq
PRJNA934272	24	24	24	1	True	1	0	0.0	False			RNA-Seq|TRANSCRIPTOMIC SINGLE CELL|cDNA	single nucleus RNA-seq
PRJNA940181	24	24	24	1	True	1	0	0.0	False			RNA-Seq|TRANSCRIPTOMIC|cDNA	bulk RNA-seq
PRJNA942288	24	24	33	2	False	1	0	0.0	False			RNA-Seq|TRANSCRIPTOMIC|cDNA	bulk RNA-seq
PRJNA945402	24	24	25	2	False	1	6	0.28	False		4.0	RNA-Seq|TRANSCRIPTOMIC|cDNA	bulk RNA-seq
PRJNA951721	24	24	24	1	True	1	0	0.0	False			RNA-Seq|TRANSCRIPTOMIC|cDNA	bulk RNA-seq
PRJNA962576	24	24	24	1	True	1	12	0.5	False		2.0	RNA-Seq|TRANSCRIPTOMIC|cDNA	TruSeq Stranded mRNA
PRJNA971930	24	24	24	1	True	1	29	1.0	True	96	0.83	RNA-Seq|TRANSCRIPTOMIC|cDNA	bulk RNA-seq
PRJNA974429	24	24	24	1	True	1	1	0.458	False		24.0	RNA-Seq|TRANSCRIPTOMIC|cDNA	bulk RNA-seq
PRJNA976464	24	24	24	1	True	1	0	0.0	False			RNA-Seq|TRANSCRIPTOMIC|cDNA	bulk RNA-seq
PRJNA978539	24	24	24	1	True	1	0	0.0	False			ATAC-seq|GENOMIC|other	bulk RNA-seq
PRJNA980693	24	24	24	1	True	1	0	0.0	False			RNA-Seq|TRANSCRIPTOMIC|cDNA	bulk RNA-seq
PRJNA980731	24	24	24	1	True	1	0	0.0	False			RNA-Seq|TRANSCRIPTOMIC|cDNA	bulk RNA-seq
PRJNA987524	24	24	24	1	True	1	0	0.0	False			RNA-Seq|TRANSCRIPTOMIC|cDNA	bulk RNA-seq
PRJNA989112	24	24	24	1	True	1	0	0.0	False			RNA-Seq|TRANSCRIPTOMIC|cDNA	bulk RNA-seq
PRJNA992545	24	24	96	4	False	1	1	0.5	False		24.0	RNA-Seq|TRANSCRIPTOMIC|cDNA	bulk RNA-seq
PRJNA994437	24	24	24	1	True	1	0	0.0	False			RNA-Seq|TRANSCRIPTOMIC|cDNA	bulk RNA-seq
PRJNA995518	24	24	24	1	True	1	15	0.958	False		1.6	RNA-Seq|TRANSCRIPTOMIC|cDNA	bulk RNA-seq
PRJNA998711	24	24	24	1	True	1	0	0.0	False			RNA-Seq|TRANSCRIPTOMIC|cDNA	bulk RNA-seq
PRJEB111193	23	23	23	1	True	1	0	0.0	False			RNA-Seq|TRANSCRIPTOMIC|PCR	bulk RNA-seq
PRJEB52202	23	23	92	4	False	1	0	0.0	False			RNA-Seq|TRANSCRIPTOMIC|RANDOM	bulk RNA-seq
PRJEB91572	23	23	23	1	True	1	0	0.0	False			RNA-Seq|TRANSCRIPTOMIC|PolyA	bulk RNA-seq
PRJNA1055142	23	23	92	4	False	1	0	0.0	False			RNA-Seq|TRANSCRIPTOMIC SINGLE CELL|cDNA	10x Genomics Chromium
PRJNA1063638	23	23	23	1	True	1	0	0.0	False			RNA-Seq|TRANSCRIPTOMIC|cDNA	bulk RNA-seq
PRJNA1095896	23	23	23	1	True	1	0	0.0	False			RNA-Seq|TRANSCRIPTOMIC|cDNA	bulk RNA-seq
PRJNA1112875	23	23	46	2	False	1	0	0.0	False			RNA-Seq|TRANSCRIPTOMIC SINGLE CELL|cDNA	bulk RNA-seq
PRJNA1134234	23	23	23	1	True	1	0	0.0	False			RNA-Seq|TRANSCRIPTOMIC|cDNA	bulk RNA-seq
PRJNA1167680	23	23	23	1	True	1	0	0.0	False			RNA-Seq|TRANSCRIPTOMIC|cDNA	bulk RNA-seq
PRJNA1206949	23	23	32	2	False	1	5	1.0	False		4.6	RNA-Seq|TRANSCRIPTOMIC|cDNA	bulk RNA-seq
PRJNA1215425	23	23	46	2	False	1	0	0.0	False			RNA-Seq|TRANSCRIPTOMIC|cDNA	bulk RNA-seq
PRJNA1215731	23	23	68	3	False	1	0	0.0	False			OTHER|TRANSCRIPTOMIC|other	10x Genomics Chromium
PRJNA1265173	23	23	23	1	True	1	5	1.0	False		4.6	RNA-Seq|TRANSCRIPTOMIC|cDNA	bulk RNA-seq
PRJNA1265952	23	23	23	1	True	2	0	0.0	False			RNA-Seq|TRANSCRIPTOMIC SINGLE CELL|cDNA;RNA-Seq|TRANSCRIPTOMIC|cDNA	bulk RNA-seq
PRJNA1280130	23	23	23	1	True	1	1	0.522	False		23.0	RNA-Seq|TRANSCRIPTOMIC|cDNA	polyA selected RNA-seq
PRJNA1372126	23	23	23	1	True	2	0	0.0	False			OTHER|TRANSCRIPTOMIC|other;RNA-Seq|TRANSCRIPTOMIC SINGLE CELL|cDNA	10x Genomics Chromium
PRJNA1390800	23	23	23	1	True	1	0	0.0	False			RNA-Seq|TRANSCRIPTOMIC|cDNA	bulk RNA-seq
PRJNA1415119	23	23	23	1	True	1	1	1.0	False		23.0	RNA-Seq|TRANSCRIPTOMIC|cDNA	bulk RNA-seq
PRJNA1430236	23	23	60	32	False	2	0	0.0	False			RNA-Seq|TRANSCRIPTOMIC SINGLE CELL|cDNA;RNA-Seq|TRANSCRIPTOMIC|cDNA	bulk RNA-seq
PRJNA1453522	23	23	23	1	True	1	0	0.0	False			RNA-Seq|TRANSCRIPTOMIC|cDNA	bulk RNA-seq
PRJNA1481850	23	23	40	3	False	1	0	0.0	False			OTHER|TRANSCRIPTOMIC|other	TruSeq Stranded mRNA
PRJNA1489724	23	23	23	1	True	1	0	0.0	False			RNA-Seq|TRANSCRIPTOMIC|PolyA	bulk RNA-seq
PRJNA505309	23	23	23	1	True	5	0	0.0	False			ATAC-seq|GENOMIC|other;Bisulfite-Seq|GENOMIC|RANDOM;ChIP-Seq|GENOMIC|ChIP;OTHER|GENOMIC|other;RNA-Seq|TRANSCRIPTOMIC|cDNA	bulk RNA-seq
PRJNA542748	23	23	23	1	True	1	0	0.0	False			RNA-Seq|TRANSCRIPTOMIC|cDNA	10x Genomics Chromium
PRJNA596266	23	23	23	1	True	1	0	0.0	False			RNA-Seq|TRANSCRIPTOMIC|cDNA	bulk RNA-seq
PRJNA608002	23	23	23	1	True	1	0	0.0	False			RNA-Seq|TRANSCRIPTOMIC|cDNA	bulk RNA-seq
PRJNA646515	23	23	23	1	True	1	0	0.0	False			RNA-Seq|TRANSCRIPTOMIC|cDNA	Drop-seq
PRJNA705144	23	23	23	1	True	1	0	0.0	False			RNA-Seq|TRANSCRIPTOMIC|cDNA	bulk RNA-seq
PRJNA714652	23	23	23	1	True	1	0	0.0	False			RNA-Seq|TRANSCRIPTOMIC|cDNA	bulk RNA-seq
PRJNA763179	23	23	46	2	False	1	0	0.0	False			RNA-Seq|TRANSCRIPTOMIC|cDNA	TruSeq Stranded mRNA
PRJNA765586	23	23	23	1	True	1	0	0.0	False			RNA-Seq|TRANSCRIPTOMIC|cDNA	TruSeq Stranded mRNA
PRJNA779706	23	23	79	8	False	1	0	0.0	False			RNA-Seq|TRANSCRIPTOMIC|cDNA	bulk RNA-seq
PRJNA783540	23	23	23	1	True	1	0	0.0	False			RNA-Seq|TRANSCRIPTOMIC|cDNA	bulk RNA-seq
PRJNA786599	23	23	23	1	True	1	0	0.0	False			RNA-Seq|TRANSCRIPTOMIC|cDNA	bulk RNA-seq
PRJNA790391	23	23	23	1	True	1	0	0.0	False			RNA-Seq|TRANSCRIPTOMIC|cDNA	TruSeq Stranded mRNA
PRJNA806957	23	23	23	1	True	2	0	0.0	False			ATAC-seq|GENOMIC|other;RNA-Seq|TRANSCRIPTOMIC|cDNA	bulk RNA-seq
PRJNA813551	23	23	32	2	False	3	6	0.375	False		3.83	RNA-Seq|OTHER|cDNA;RNA-Seq|TRANSCRIPTOMIC SINGLE CELL|cDNA;RNA-Seq|TRANSCRIPTOMIC|cDNA	10x Genomics Chromium
PRJNA817270	23	23	23	1	True	1	0	0.0	False			RNA-Seq|TRANSCRIPTOMIC|cDNA	bulk RNA-seq
PRJNA836763	23	23	23	1	True	1	0	0.0	False			RNA-Seq|TRANSCRIPTOMIC|cDNA	bulk RNA-seq
PRJNA848381	23	23	23	1	True	1	0	0.0	False			RNA-Seq|TRANSCRIPTOMIC|cDNA	bulk RNA-seq
PRJNA902782	23	23	42	2	False	1	0	0.0	False			RNA-Seq|TRANSCRIPTOMIC|cDNA	bulk RNA-seq
PRJNA909297	23	23	57	6	False	2	0	0.0	False			ATAC-seq|GENOMIC SINGLE CELL|other;RNA-Seq|TRANSCRIPTOMIC SINGLE CELL|cDNA	single nucleus RNA-seq
PRJNA918978	23	23	23	1	True	1	0	0.0	False			RNA-Seq|TRANSCRIPTOMIC|cDNA	bulk RNA-seq
PRJNA961678	23	23	23	1	True	1	1	0.522	False		23.0	RNA-Seq|TRANSCRIPTOMIC|cDNA	bulk RNA-seq
PRJEB113785	22	22	44	2	False	1	0	0.0	False			OTHER|TRANSCRIPTOMIC SINGLE CELL|Oligo-dT	single nucleus RNA-seq
PRJEB30353	22	22	22	1	True	1	0	0.0	False			ChIP-Seq|GENOMIC|ChIP	TruSeq Stranded mRNA
PRJEB43826	22	22	22	1	True	2	9	1.0	False		2.44	RNA-Seq|TRANSCRIPTOMIC SINGLE CELL|PCR;RNA-Seq|TRANSCRIPTOMIC|PCR	bulk RNA-seq
PRJNA1040192	22	22	22	1	True	1	0	0.0	False			RNA-Seq|TRANSCRIPTOMIC|cDNA	bulk RNA-seq
PRJNA1051952	22	22	22	1	True	1	0	0.0	False			RNA-Seq|TRANSCRIPTOMIC|cDNA	bulk RNA-seq
PRJNA1055951	22	22	44	2	False	1	0	0.0	False			RNA-Seq|TRANSCRIPTOMIC|cDNA	bulk RNA-seq
PRJNA1123741	22	22	22	1	True	1	0	0.0	False			RNA-Seq|TRANSCRIPTOMIC|cDNA	bulk RNA-seq
PRJNA1124087	22	22	256	64	False	1	8	0.594	False		2.75	RNA-Seq|TRANSCRIPTOMIC SINGLE CELL|cDNA	10x Genomics Chromium
PRJNA1149105	22	22	22	1	True	2	0	0.0	False			RNA-Seq|TRANSCRIPTOMIC|Hybrid Selection;RNA-Seq|TRANSCRIPTOMIC|cDNA	single nucleus RNA-seq
PRJNA1149106	22	22	22	1	True	2	0	0.0	False			RNA-Seq|TRANSCRIPTOMIC|Hybrid Selection;RNA-Seq|TRANSCRIPTOMIC|cDNA	single nucleus RNA-seq
PRJNA1152603	22	22	22	1	True	1	2	0.182	False		11.0	RNA-Seq|TRANSCRIPTOMIC|cDNA	bulk RNA-seq
PRJNA1169017	22	22	22	1	True	2	6	0.545	False		3.67	RNA-Seq|TRANSCRIPTOMIC SINGLE CELL|Oligo-dT;RNA-Seq|TRANSCRIPTOMIC|Oligo-dT	single nucleus RNA-seq;bulk RNA-seq
PRJNA1176017	22	22	22	1	True	1	0	0.0	False			RNA-Seq|TRANSCRIPTOMIC|Oligo-dT	bulk RNA-seq
PRJNA1198027	22	22	22	1	True	1	2	1.0	False		11.0	RNA-Seq|TRANSCRIPTOMIC|cDNA	bulk RNA-seq
PRJNA1212513	22	22	22	1	True	1	0	0.0	False			RNA-Seq|TRANSCRIPTOMIC|cDNA	bulk RNA-seq
PRJNA1216550	22	22	22	1	True	1	0	0.0	False			RNA-Seq|TRANSCRIPTOMIC|cDNA	bulk RNA-seq
PRJNA1221884	22	22	22	1	True	1	0	0.0	False			RNA-Seq|TRANSCRIPTOMIC|cDNA	bulk RNA-seq
PRJNA1254698	22	22	22	1	True	1	0	0.0	False			RNA-Seq|TRANSCRIPTOMIC|cDNA	bulk RNA-seq
PRJNA1259508	22	22	22	1	True	1	0	0.0	False			RNA-Seq|TRANSCRIPTOMIC|cDNA	bulk RNA-seq
PRJNA1265208	22	22	22	1	True	1	0	0.0	False			RNA-Seq|TRANSCRIPTOMIC|cDNA	bulk RNA-seq
PRJNA1266255	22	22	22	1	True	2	0	0.0	False			RNA-Seq|TRANSCRIPTOMIC SINGLE CELL|cDNA;RNA-Seq|TRANSCRIPTOMIC|cDNA	bulk RNA-seq
PRJNA1267092	22	22	22	1	True	1	0	0.0	False			RNA-Seq|TRANSCRIPTOMIC|cDNA	bulk RNA-seq
PRJNA1282655	22	22	22	1	True	1	0	0.0	False			RNA-Seq|TRANSCRIPTOMIC|cDNA	bulk RNA-seq
PRJNA1287799	22	22	22	1	True	1	0	0.0	False			RNA-Seq|TRANSCRIPTOMIC|cDNA	bulk RNA-seq
PRJNA1292861	22	22	22	1	True	1	0	0.0	False			RNA-Seq|TRANSCRIPTOMIC SINGLE CELL|cDNA	10x Genomics Chromium
PRJNA1301994	22	22	22	1	True	1	0	0.0	False			RNA-Seq|TRANSCRIPTOMIC|cDNA	bulk RNA-seq
PRJNA1304383	22	22	22	1	True	1	0	0.0	False			RNA-Seq|TRANSCRIPTOMIC|cDNA	bulk RNA-seq
PRJNA1336621	22	22	22	1	True	1	0	0.0	False			RNA-Seq|TRANSCRIPTOMIC|cDNA	bulk RNA-seq
PRJNA1365325	22	22	22	1	True	1	0	0.0	False			RNA-Seq|TRANSCRIPTOMIC|cDNA	bulk RNA-seq
PRJNA1366912	22	22	88	4	False	1	0	0.0	False			RNA-Seq|TRANSCRIPTOMIC|cDNA	bulk RNA-seq
PRJNA1404336	22	22	22	1	True	1	0	0.0	False			RNA-Seq|TRANSCRIPTOMIC|cDNA	bulk RNA-seq
PRJNA1416687	22	22	22	1	True	1	0	0.0	False			RNA-Seq|TRANSCRIPTOMIC|cDNA	TruSeq Stranded mRNA
PRJNA1433423	22	22	22	1	True	1	0	0.0	False			RNA-Seq|TRANSCRIPTOMIC|cDNA	bulk RNA-seq
PRJNA1446726	22	22	43	2	False	1	0	0.0	False			RNA-Seq|TRANSCRIPTOMIC SINGLE CELL|cDNA	10x Genomics Chromium
PRJNA1463753	22	22	22	1	True	1	0	0.0	False			RNA-Seq|TRANSCRIPTOMIC|cDNA	bulk RNA-seq
PRJNA1492717	22	22	22	1	True	1	0	0.0	False			RNA-Seq|TRANSCRIPTOMIC|cDNA	bulk RNA-seq
PRJNA1492718	22	22	22	1	True	1	0	0.0	False			RNA-Seq|TRANSCRIPTOMIC|cDNA	bulk RNA-seq
PRJNA318170	22	22	22	1	True	1	0	0.0	False			RNA-Seq|TRANSCRIPTOMIC|cDNA	TruSeq Stranded mRNA
PRJNA353648	22	22	22	1	True	1	2	0.182	False		11.0	RNA-Seq|TRANSCRIPTOMIC|cDNA	TruSeq Stranded mRNA
PRJNA474230	22	22	88	4	False	1	0	0.0	False			RNA-Seq|TRANSCRIPTOMIC|cDNA	Drop-seq
PRJNA524484	22	22	22	1	True	1	0	0.0	False			RNA-Seq|TRANSCRIPTOMIC|cDNA	bulk RNA-seq
PRJNA529646	22	22	22	1	True	1	2	0.545	False		11.0	RNA-Seq|TRANSCRIPTOMIC|cDNA	Drop-seq
PRJNA564846	22	22	22	1	True	1	0	0.0	False			RNA-Seq|TRANSCRIPTOMIC|cDNA	TruSeq Stranded mRNA
PRJNA602089	22	22	53	3	False	1	0	0.0	False			RNA-Seq|TRANSCRIPTOMIC|cDNA	bulk RNA-seq
PRJNA626093	22	22	22	1	True	3	1	0.364	False		22.0	OTHER|GENOMIC|other;RIP-Seq|TRANSCRIPTOMIC|other;RNA-Seq|TRANSCRIPTOMIC|cDNA	bulk RNA-seq
PRJNA626601	22	22	88	4	False	1	0	0.0	False			RNA-Seq|TRANSCRIPTOMIC|cDNA	10x Genomics Chromium
PRJNA718575	22	22	22	1	True	1	0	0.0	False			RNA-Seq|TRANSCRIPTOMIC|cDNA	10x Genomics Chromium
PRJNA743527	22	22	22	1	True	1	0	0.0	False			RNA-Seq|TRANSCRIPTOMIC|cDNA	bulk RNA-seq
PRJNA745467	22	22	22	1	True	1	9	0.727	False		2.44	RNA-Seq|TRANSCRIPTOMIC|cDNA	bulk RNA-seq
PRJNA762174	22	22	36	4	False	1	0	0.0	False			RNA-Seq|TRANSCRIPTOMIC|cDNA	bulk RNA-seq
PRJNA767003	22	22	22	1	True	1	1	0.091	False		22.0	RNA-Seq|TRANSCRIPTOMIC|cDNA	10x Genomics Chromium;bulk RNA-seq
PRJNA768353	22	22	22	1	True	1	0	0.0	False			RNA-Seq|TRANSCRIPTOMIC|cDNA	bulk RNA-seq
PRJNA789591	22	22	22	1	True	1	0	0.0	False			RNA-Seq|TRANSCRIPTOMIC|cDNA	bulk RNA-seq
PRJNA814302	22	22	22	1	True	1	0	0.0	False			RNA-Seq|TRANSCRIPTOMIC|cDNA	BD Rhapsody
PRJNA872482	22	22	85	4	False	2	0	0.0	False			RNA-Seq|TRANSCRIPTOMIC|cDNA;ncRNA-Seq|TRANSCRIPTOMIC|size fractionation	polyA selected RNA-seq
PRJNA895390	22	22	22	1	True	1	0	0.0	False			RNA-Seq|TRANSCRIPTOMIC|cDNA	bulk RNA-seq
PRJNA935359	22	22	22	1	True	1	0	0.0	False			RNA-Seq|TRANSCRIPTOMIC SINGLE CELL|cDNA	single nucleus RNA-seq
PRJNA954395	22	22	22	1	True	1	6	1.0	False		3.67	RNA-Seq|TRANSCRIPTOMIC|cDNA	bulk RNA-seq
PRJNA961073	22	22	22	1	True	1	0	0.0	False			RNA-Seq|TRANSCRIPTOMIC|cDNA	bulk RNA-seq
PRJNA961819	22	22	22	1	True	1	0	0.0	False			RNA-Seq|TRANSCRIPTOMIC|cDNA	bulk RNA-seq
PRJNA976474	22	22	22	1	True	1	0	0.0	False			RNA-Seq|TRANSCRIPTOMIC|cDNA	TruSeq Stranded mRNA
PRJNA995574	22	22	46	4	False	1	19	0.87	False		1.16	RNA-Seq|TRANSCRIPTOMIC SINGLE CELL|cDNA	10x Genomics Chromium
PRJNA997967	22	22	22	1	True	1	0	0.0	False			RNA-Seq|TRANSCRIPTOMIC|cDNA	bulk RNA-seq
PRJNA999661	22	22	22	1	True	1	0	0.0	False			RNA-Seq|TRANSCRIPTOMIC|cDNA	bulk RNA-seq
PRJDB36948	21	21	21	1	True	2	0	0.0	False			RNA-Seq|GENOMIC|PCR;RNA-Seq|TRANSCRIPTOMIC|PolyA	bulk RNA-seq
PRJEB114133	21	21	21	1	True	1	0	0.0	False			CLONEEND|TRANSCRIPTOMIC|Inverse rRNA	bulk RNA-seq
PRJEB36015	21	21	21	1	True	1	0	0.0	False			RNA-Seq|TRANSCRIPTOMIC SINGLE CELL|Oligo-dT	Drop-seq
PRJEB50778	21	21	21	1	True	1	3	0.143	False		7.0	RNA-Seq|TRANSCRIPTOMIC|Oligo-dT	bulk RNA-seq
PRJEB53545	21	21	21	1	True	1	1	0.286	False		21.0	RNA-Seq|TRANSCRIPTOMIC|Oligo-dT	bulk RNA-seq
PRJEB84073	21	21	21	1	True	1	0	0.0	False			RNA-Seq|TRANSCRIPTOMIC|cDNA	bulk RNA-seq
PRJNA1002365	21	21	21	1	True	1	0	0.0	False			RNA-Seq|TRANSCRIPTOMIC|cDNA	bulk RNA-seq
PRJNA1005554	21	21	21	1	True	1	4	0.429	False		5.25	RNA-Seq|TRANSCRIPTOMIC|cDNA	bulk RNA-seq
PRJNA1010785	21	21	21	1	True	1	0	0.0	False			RNA-Seq|TRANSCRIPTOMIC|cDNA	polyA selected RNA-seq
PRJNA1021743	21	21	21	1	True	1	0	0.0	False			RNA-Seq|TRANSCRIPTOMIC|cDNA	bulk RNA-seq
PRJNA1043114	21	21	21	1	True	1	0	0.0	False			RNA-Seq|TRANSCRIPTOMIC SINGLE CELL|cDNA	10x Genomics Chromium
PRJNA1050815	21	21	21	1	True	1	0	0.0	False			RNA-Seq|TRANSCRIPTOMIC|cDNA	bulk RNA-seq
PRJNA1064411	21	21	92	8	False	1	0	0.0	False			RNA-Seq|TRANSCRIPTOMIC SINGLE CELL|cDNA	10x Genomics Chromium
PRJNA1065866	21	21	21	1	True	1	0	0.0	False			RNA-Seq|TRANSCRIPTOMIC|cDNA	bulk RNA-seq
PRJNA1130513	21	21	42	2	False	1	1	0.429	False		21.0	RNA-Seq|TRANSCRIPTOMIC|cDNA	bulk RNA-seq
PRJNA1158494	21	21	25	2	False	1	0	0.0	False			RNA-Seq|TRANSCRIPTOMIC|cDNA_oligo_dT	bulk RNA-seq
PRJNA1174207	21	21	21	1	True	1	0	0.0	False			RNA-Seq|TRANSCRIPTOMIC|cDNA	bulk RNA-seq
PRJNA1218421	21	21	21	1	True	1	0	0.0	False			RNA-Seq|TRANSCRIPTOMIC|cDNA	bulk RNA-seq
PRJNA1256385	21	21	21	1	True	1	0	0.0	False			RNA-Seq|TRANSCRIPTOMIC|cDNA	bulk RNA-seq
PRJNA1256512	21	4672	4672	742	False	2	0	0.0	False			AMPLICON|TRANSCRIPTOMIC SINGLE CELL|RACE;AMPLICON|TRANSCRIPTOMIC|PCR	10x Genomics Chromium
PRJNA1261054	21	21	120	16	False	1	4	0.867	False		5.25	OTHER|TRANSCRIPTOMIC|other	10x Genomics Chromium;single nucleus RNA-seq
PRJNA1261933	21	21	21	1	True	1	0	0.0	False			RNA-Seq|TRANSCRIPTOMIC|cDNA	bulk RNA-seq
PRJNA1265190	21	21	21	1	True	1	0	0.0	False			RNA-Seq|TRANSCRIPTOMIC|cDNA	bulk RNA-seq
PRJNA1281079	21	21	21	1	True	1	0	0.0	False			RNA-Seq|TRANSCRIPTOMIC|cDNA	bulk RNA-seq
PRJNA1291650	21	21	21	1	True	1	0	0.0	False			RNA-Seq|TRANSCRIPTOMIC|PCR	bulk RNA-seq
PRJNA1299856	21	21	21	1	True	1	0	0.0	False			RNA-Seq|TRANSCRIPTOMIC|cDNA	bulk RNA-seq
PRJNA1381235	21	39	39	5	False	1	0	0.0	False			RNA-Seq|TRANSCRIPTOMIC SINGLE CELL|PCR	10x Genomics Chromium
PRJNA1419779	21	21	21	1	True	1	0	0.0	False			RNA-Seq|TRANSCRIPTOMIC|cDNA	bulk RNA-seq
PRJNA208735	21	21	25	3	False	1	0	0.0	False			RNA-Seq|TRANSCRIPTOMIC|cDNA	polyA selected RNA-seq
PRJNA282044	21	21	21	1	True	1	0	0.0	False			RNA-Seq|TRANSCRIPTOMIC|cDNA	TruSeq Stranded mRNA
PRJNA315666	21	21	21	1	True	1	4	0.524	False		5.25	RNA-Seq|TRANSCRIPTOMIC|cDNA	bulk RNA-seq
PRJNA321498	21	21	21	1	True	1	0	0.0	False			RNA-Seq|TRANSCRIPTOMIC|cDNA	bulk RNA-seq
PRJNA504662	21	21	27	2	False	1	0	0.0	False			RNA-Seq|TRANSCRIPTOMIC|cDNA	Drop-seq
PRJNA549471	21	21	21	1	True	1	5	0.857	False		4.2	RNA-Seq|TRANSCRIPTOMIC|cDNA	bulk RNA-seq
PRJNA558688	21	21	21	1	True	1	0	0.0	False			RNA-Seq|TRANSCRIPTOMIC|cDNA	TruSeq Stranded mRNA
PRJNA636774	21	21	21	1	True	1	0	0.0	False			RNA-Seq|TRANSCRIPTOMIC|cDNA	bulk RNA-seq
PRJNA638543	21	21	21	1	True	1	0	0.0	False			RNA-Seq|TRANSCRIPTOMIC|cDNA	bulk RNA-seq
PRJNA641789	21	21	21	1	True	1	4	0.524	False		5.25	RNA-Seq|TRANSCRIPTOMIC|cDNA	bulk RNA-seq
PRJNA670478	21	21	84	4	False	1	0	0.0	False			RNA-Seq|TRANSCRIPTOMIC|cDNA	bulk RNA-seq
PRJNA675883	21	21	21	1	True	1	0	0.0	False			RNA-Seq|TRANSCRIPTOMIC|cDNA	bulk RNA-seq
PRJNA680787	21	21	21	1	True	1	5	0.81	False		4.2	RNA-Seq|TRANSCRIPTOMIC|cDNA	10x Genomics Chromium
PRJNA725866	21	21	21	1	True	1	0	0.0	False			RNA-Seq|TRANSCRIPTOMIC|cDNA	TruSeq Stranded mRNA
PRJNA733065	21	21	21	1	True	1	0	0.0	False			RNA-Seq|TRANSCRIPTOMIC|cDNA	bulk RNA-seq
PRJNA751476	21	21	21	1	True	3	0	0.0	False			ATAC-seq|GENOMIC|other;ChIP-Seq|GENOMIC|ChIP;RNA-Seq|TRANSCRIPTOMIC|cDNA	bulk RNA-seq
PRJNA759922	21	21	62	8	False	1	0	0.0	False			RNA-Seq|TRANSCRIPTOMIC|cDNA	10x Genomics Chromium
PRJNA767326	21	21	21	1	True	1	0	0.0	False			RNA-Seq|TRANSCRIPTOMIC|cDNA	bulk RNA-seq
PRJNA770265	21	21	24	4	False	2	0	0.0	False			ATAC-seq|GENOMIC|other;RNA-Seq|TRANSCRIPTOMIC|cDNA	bulk RNA-seq
PRJNA783863	21	21	27	2	False	3	0	0.0	False			ATAC-seq|GENOMIC|other;RNA-Seq|TRANSCRIPTOMIC SINGLE CELL|cDNA;RNA-Seq|TRANSCRIPTOMIC|cDNA	bulk RNA-seq
PRJNA784119	21	21	21	1	True	1	12	0.714	False		1.75	RNA-Seq|TRANSCRIPTOMIC|cDNA	bulk RNA-seq
PRJNA786484	21	21	21	1	True	1	0	0.0	False			RNA-Seq|TRANSCRIPTOMIC|cDNA	bulk RNA-seq
PRJNA788151	21	21	21	1	True	2	1	0.619	False		21.0	ATAC-seq|GENOMIC|other;RNA-Seq|TRANSCRIPTOMIC|cDNA	bulk RNA-seq
PRJNA789478	21	21	31	2	False	2	0	0.0	False			ATAC-seq|GENOMIC|other;RNA-Seq|TRANSCRIPTOMIC|cDNA	bulk RNA-seq
PRJNA797392	21	21	21	1	True	1	0	0.0	False			RNA-Seq|TRANSCRIPTOMIC|cDNA	bulk RNA-seq
PRJNA802659	21	21	21	1	True	1	4	0.571	False		5.25	RNA-Seq|TRANSCRIPTOMIC|cDNA	bulk RNA-seq
PRJNA868595	21	21	21	1	True	1	0	0.0	False			RNA-Seq|TRANSCRIPTOMIC|cDNA	bulk RNA-seq
PRJNA884735	21	21	21	1	True	1	0	0.0	False			RNA-Seq|TRANSCRIPTOMIC|cDNA	bulk RNA-seq
PRJNA890633	21	21	84	4	False	2	0	0.0	False			OTHER|OTHER|other;OTHER|TRANSCRIPTOMIC|other	10x Genomics Chromium
PRJNA900362	21	21	21	1	True	1	0	0.0	False			RNA-Seq|TRANSCRIPTOMIC|cDNA	bulk RNA-seq
PRJNA911198	21	21	52	4	False	1	6	1.0	False		3.5	RNA-Seq|TRANSCRIPTOMIC|cDNA	BD Rhapsody
PRJNA963210	21	21	21	1	True	1	0	0.0	False			RNA-Seq|TRANSCRIPTOMIC|cDNA	bulk RNA-seq
PRJNA982707	21	21	21	1	True	1	0	0.0	False			RNA-Seq|TRANSCRIPTOMIC|cDNA	bulk RNA-seq
PRJDB10983	20	20	20	1	True	2	0	0.0	False			RNA-Seq|TRANSCRIPTOMIC|PolyA;RNA-Seq|TRANSCRIPTOMIC|RT-PCR	bulk RNA-seq
PRJDB41800	20	20	20	1	True	1	3	0.6	False		6.67	RNA-Seq|TRANSCRIPTOMIC|PCR	bulk RNA-seq
PRJEB103770	20	20	20	1	True	1	0	0.0	False			RNA-Seq|TRANSCRIPTOMIC|Oligo-dT	bulk RNA-seq
PRJEB108704	20	21	21	2	False	1	0	0.0	False			RNA-Seq|TRANSCRIPTOMIC|cDNA	TruSeq Stranded mRNA
PRJEB38976	20	20	40	2	False	1	0	0.0	False			RNA-Seq|TRANSCRIPTOMIC|Oligo-dT	bulk RNA-seq
PRJEB63259	20	20	20	1	True	1	0	0.0	False			RNA-Seq|TRANSCRIPTOMIC|PolyA	bulk RNA-seq
PRJEB82722	20	20	20	1	True	1	0	0.0	False			RNA-Seq|TRANSCRIPTOMIC|cDNA	bulk RNA-seq
PRJEB86407	20	20	20	1	True	1	0	0.0	False			RNA-Seq|TRANSCRIPTOMIC|Oligo-dT	bulk RNA-seq
PRJEB95994	20	20	20	1	True	1	0	0.0	False			RNA-Seq|TRANSCRIPTOMIC|RT-PCR	bulk RNA-seq
PRJNA1000621	20	20	20	1	True	1	0	0.0	False			RNA-Seq|TRANSCRIPTOMIC SINGLE CELL|cDNA	10x Genomics Chromium
PRJNA1003423	20	20	20	1	True	1	0	0.0	False			RNA-Seq|TRANSCRIPTOMIC|cDNA	bulk RNA-seq
PRJNA1008461	20	20	20	1	True	1	0	0.0	False			RNA-Seq|TRANSCRIPTOMIC|cDNA	bulk RNA-seq
PRJNA1010750	20	20	20	1	True	1	0	0.0	False			RNA-Seq|TRANSCRIPTOMIC|cDNA	bulk RNA-seq
PRJNA1021653	20	20	20	1	True	1	0	0.0	False			RNA-Seq|TRANSCRIPTOMIC|cDNA	bulk RNA-seq
PRJNA1021747	20	20	20	1	True	1	0	0.0	False			RNA-Seq|TRANSCRIPTOMIC|cDNA	bulk RNA-seq
PRJNA1023539	20	20	40	2	False	1	0	0.0	False			RNA-Seq|TRANSCRIPTOMIC|cDNA	bulk RNA-seq
PRJNA1024426	20	20	20	1	True	3	0	0.0	False			ATAC-seq|GENOMIC|other;OTHER|GENOMIC|other;RNA-Seq|TRANSCRIPTOMIC SINGLE CELL|cDNA	10x Genomics Chromium
PRJNA1030366	20	20	20	1	True	1	0	0.0	False			RNA-Seq|TRANSCRIPTOMIC SINGLE CELL|cDNA	bulk RNA-seq
PRJNA1034674	20	20	20	1	True	1	0	0.0	False			RNA-Seq|TRANSCRIPTOMIC|cDNA	bulk RNA-seq
PRJNA1040817	20	20	20	1	True	1	0	0.0	False			RNA-Seq|TRANSCRIPTOMIC|cDNA	bulk RNA-seq
PRJNA1067726	20	20	20	1	True	1	0	0.0	False			RNA-Seq|TRANSCRIPTOMIC|cDNA	bulk RNA-seq
PRJNA1070273	20	20	20	1	True	1	0	0.0	False			RNA-Seq|TRANSCRIPTOMIC|cDNA	bulk RNA-seq
PRJNA1079364	20	20	34	8	False	2	0	0.0	False			RNA-Seq|OTHER|cDNA;RNA-Seq|TRANSCRIPTOMIC|cDNA	bulk RNA-seq
PRJNA1085732	20	20	20	1	True	1	0	0.0	False			RNA-Seq|TRANSCRIPTOMIC|cDNA	bulk RNA-seq
PRJNA1087362	20	20	20	1	True	1	0	0.0	False			RNA-Seq|TRANSCRIPTOMIC|cDNA	bulk RNA-seq
PRJNA1093039	20	20	20	1	True	1	0	0.0	False			RNA-Seq|TRANSCRIPTOMIC|cDNA	bulk RNA-seq;TruSeq Stranded mRNA
PRJNA1093429	20	20	20	1	True	1	0	0.0	False			RNA-Seq|TRANSCRIPTOMIC|cDNA	bulk RNA-seq
PRJNA1093431	20	20	20	1	True	1	0	0.0	False			RNA-Seq|TRANSCRIPTOMIC|cDNA	bulk RNA-seq
PRJNA1101439	20	20	20	1	True	1	0	0.0	False			RNA-Seq|TRANSCRIPTOMIC SINGLE CELL|cDNA	10x Genomics Chromium
PRJNA1103815	20	20	20	1	True	1	0	0.0	False			RNA-Seq|TRANSCRIPTOMIC|cDNA	bulk RNA-seq
PRJNA1110225	20	20	20	1	True	1	0	0.0	False			RNA-Seq|TRANSCRIPTOMIC|cDNA	bulk RNA-seq;TruSeq Stranded mRNA
PRJNA1111060	20	20	20	1	True	1	0	0.0	False			ChIP-Seq|GENOMIC|ChIP	bulk RNA-seq
PRJNA1111507	20	20	80	4	False	1	0	0.0	False			RNA-Seq|TRANSCRIPTOMIC|cDNA	bulk RNA-seq
PRJNA1120762	20	20	20	1	True	1	0	0.0	False			RNA-Seq|TRANSCRIPTOMIC|cDNA	bulk RNA-seq
PRJNA1130004	20	20	20	1	True	1	0	0.0	False			RNA-Seq|TRANSCRIPTOMIC|cDNA	bulk RNA-seq
PRJNA1134231	20	20	40	2	False	1	0	0.0	False			RNA-Seq|TRANSCRIPTOMIC SINGLE CELL|cDNA	single nucleus RNA-seq
PRJNA1141409	20	20	20	1	True	1	0	0.0	False			RNA-Seq|TRANSCRIPTOMIC SINGLE CELL|cDNA	Drop-seq
PRJNA1142455	20	20	80	4	False	1	0	0.0	False			RNA-Seq|TRANSCRIPTOMIC|cDNA	bulk RNA-seq
PRJNA1145955	20	20	20	1	True	1	0	0.0	False			RNA-Seq|TRANSCRIPTOMIC|cDNA	TruSeq Stranded mRNA
PRJNA1163431	20	20	29	2	False	2	0	0.0	False			ATAC-seq|OTHER|other;RNA-Seq|TRANSCRIPTOMIC|cDNA	10x Genomics Chromium
PRJNA1180530	20	20	20	1	True	1	0	0.0	False			RNA-Seq|TRANSCRIPTOMIC|cDNA	bulk RNA-seq
PRJNA1185221	20	20	20	1	True	1	0	0.0	False			RNA-Seq|TRANSCRIPTOMIC|cDNA	bulk RNA-seq
PRJNA1200783	20	20	20	1	True	1	0	0.0	False			RNA-Seq|TRANSCRIPTOMIC|cDNA	bulk RNA-seq
PRJNA1202029	20	20	20	1	True	2	0	0.0	False			RNA-Seq|TRANSCRIPTOMIC SINGLE CELL|cDNA;RNA-Seq|TRANSCRIPTOMIC|cDNA	bulk RNA-seq
PRJNA1217796	20	20	20	1	True	1	0	0.0	False			RNA-Seq|TRANSCRIPTOMIC|cDNA	bulk RNA-seq
PRJNA1235709	20	20	20	1	True	1	0	0.0	False			RNA-Seq|TRANSCRIPTOMIC|cDNA	bulk RNA-seq
PRJNA1241830	20	20	20	1	True	1	0	0.0	False			RNA-Seq|TRANSCRIPTOMIC|cDNA	bulk RNA-seq
PRJNA1255593	20	20	20	1	True	1	0	0.0	False			RNA-Seq|TRANSCRIPTOMIC SINGLE CELL|cDNA	10x Genomics Chromium
PRJNA1259024	20	20	20	1	True	1	0	0.0	False			RNA-Seq|TRANSCRIPTOMIC|cDNA	bulk RNA-seq
PRJNA1267136	20	20	20	1	True	1	0	0.0	False			RNA-Seq|TRANSCRIPTOMIC|cDNA	bulk RNA-seq
PRJNA1274443	20	20	20	1	True	1	0	0.0	False			RNA-Seq|TRANSCRIPTOMIC|cDNA	bulk RNA-seq
PRJNA1275991	20	20	20	1	True	1	0	0.0	False			RNA-Seq|TRANSCRIPTOMIC|cDNA	bulk RNA-seq
PRJNA1276596	20	20	20	1	True	1	0	0.0	False			RNA-Seq|TRANSCRIPTOMIC|cDNA	bulk RNA-seq
PRJNA1281655	20	20	20	1	True	1	2	0.6	False		10.0	RNA-Seq|TRANSCRIPTOMIC|cDNA	bulk RNA-seq
PRJNA1282674	20	20	20	1	True	1	0	0.0	False			RNA-Seq|TRANSCRIPTOMIC|RANDOM PCR	bulk RNA-seq
PRJNA1287674	20	20	20	1	True	1	0	0.0	False			RNA-Seq|TRANSCRIPTOMIC|cDNA	bulk RNA-seq
PRJNA1295891	20	20	40	2	False	1	0	0.0	False			RNA-Seq|TRANSCRIPTOMIC SINGLE CELL|cDNA	10x Genomics Chromium
PRJNA1312112	20	20	20	1	True	1	0	0.0	False			RNA-Seq|TRANSCRIPTOMIC|cDNA	bulk RNA-seq
PRJNA1321900	20	20	20	1	True	1	0	0.0	False			RNA-Seq|TRANSCRIPTOMIC|cDNA	TruSeq Stranded mRNA
PRJNA1365788	20	20	20	1	True	1	0	0.0	False			RNA-Seq|TRANSCRIPTOMIC|cDNA	10x Genomics Chromium;bulk RNA-seq
PRJNA1368652	20	20	20	1	True	1	0	0.0	False			RNA-Seq|TRANSCRIPTOMIC|cDNA	bulk RNA-seq
PRJNA1401828	20	20	20	1	True	1	0	0.0	False			RNA-Seq|TRANSCRIPTOMIC|cDNA	bulk RNA-seq
PRJNA1412558	20	20	20	1	True	1	0	0.0	False			RNA-Seq|TRANSCRIPTOMIC|cDNA	bulk RNA-seq
PRJNA1415732	20	20	20	1	True	1	0	0.0	False			RNA-Seq|TRANSCRIPTOMIC|cDNA	bulk RNA-seq
PRJNA1430961	20	20	20	1	True	1	0	0.0	False			RNA-Seq|TRANSCRIPTOMIC|cDNA	bulk RNA-seq
PRJNA1434510	20	20	20	1	True	1	0	0.0	False			RNA-Seq|TRANSCRIPTOMIC|cDNA	bulk RNA-seq
PRJNA1438177	20	20	20	1	True	1	0	0.0	False			RNA-Seq|TRANSCRIPTOMIC|cDNA	TruSeq Stranded mRNA
PRJNA1438785	20	20	20	1	True	1	0	0.0	False			RNA-Seq|TRANSCRIPTOMIC SINGLE CELL|cDNA	10x Genomics Chromium
PRJNA1450105	20	20	20	1	True	1	0	0.0	False			RNA-Seq|TRANSCRIPTOMIC|cDNA	bulk RNA-seq
PRJNA1465899	20	20	20	1	True	1	0	0.0	False			RNA-Seq|TRANSCRIPTOMIC|cDNA	bulk RNA-seq
PRJNA274279	20	20	20	1	True	1	0	0.0	False			RNA-Seq|TRANSCRIPTOMIC|cDNA	bulk RNA-seq
PRJNA340977	20	20	20	1	True	2	0	0.0	False			ChIP-Seq|GENOMIC|ChIP;RNA-Seq|TRANSCRIPTOMIC|cDNA	polyA selected RNA-seq
PRJNA384597	20	20	20	1	True	1	0	0.0	False			RNA-Seq|TRANSCRIPTOMIC|cDNA	bulk RNA-seq
PRJNA480210	20	20	20	1	True	1	0	0.0	False			RNA-Seq|TRANSCRIPTOMIC|cDNA	bulk RNA-seq
PRJNA488385	20	20	20	1	True	1	0	0.0	False			RNA-Seq|TRANSCRIPTOMIC|cDNA	bulk RNA-seq
PRJNA529096	20	20	20	1	True	1	0	0.0	False			RNA-Seq|TRANSCRIPTOMIC|cDNA	bulk RNA-seq
PRJNA576801	20	20	20	1	True	1	1	0.5	False		20.0	RNA-Seq|TRANSCRIPTOMIC|cDNA	bulk RNA-seq
PRJNA608913	20	20	20	1	True	1	0	0.0	False			RNA-Seq|TRANSCRIPTOMIC|cDNA	bulk RNA-seq
PRJNA634571	20	20	20	1	True	1	0	0.0	False			RNA-Seq|TRANSCRIPTOMIC|cDNA	bulk RNA-seq
PRJNA645599	20	20	20	1	True	1	0	0.0	False			RNA-Seq|TRANSCRIPTOMIC|cDNA	TruSeq Stranded mRNA
PRJNA646952	20	20	20	1	True	1	0	0.0	False			RNA-Seq|TRANSCRIPTOMIC|cDNA	bulk RNA-seq
PRJNA672312	20	20	80	4	False	1	0	0.0	False			RNA-Seq|TRANSCRIPTOMIC|cDNA	TruSeq Stranded mRNA
PRJNA687688	20	20	20	1	True	1	0	0.0	False			RNA-Seq|TRANSCRIPTOMIC|cDNA	bulk RNA-seq
PRJNA698440	20	20	20	1	True	1	2	1.0	False		10.0	RNA-Seq|TRANSCRIPTOMIC|Oligo-dT	bulk RNA-seq
PRJNA698817	20	20	20	1	True	1	0	0.0	False			RNA-Seq|TRANSCRIPTOMIC|cDNA	bulk RNA-seq
PRJNA703935	20	20	32	4	False	1	1	0.25	False		20.0	RNA-Seq|TRANSCRIPTOMIC|cDNA	10x Genomics Chromium
PRJNA726820	20	20	80	4	False	1	0	0.0	False			RNA-Seq|TRANSCRIPTOMIC|cDNA	bulk RNA-seq
PRJNA733125	20	20	20	1	True	1	0	0.0	False			RNA-Seq|TRANSCRIPTOMIC|cDNA	bulk RNA-seq
PRJNA742760	20	20	20	1	True	1	0	0.0	False			RNA-Seq|TRANSCRIPTOMIC|cDNA	polyA selected RNA-seq
PRJNA757358	20	20	20	1	True	1	4	0.4	False		5.0	RNA-Seq|TRANSCRIPTOMIC|cDNA	TruSeq Stranded mRNA
PRJNA770366	20	20	120	6	False	1	0	0.0	False			RNA-Seq|TRANSCRIPTOMIC|cDNA	bulk RNA-seq
PRJNA771686	20	20	20	1	True	1	1	0.8	False		20.0	RNA-Seq|TRANSCRIPTOMIC|cDNA	bulk RNA-seq
PRJNA774056	20	20	20	1	True	1	0	0.0	False			RNA-Seq|TRANSCRIPTOMIC|cDNA	bulk RNA-seq
PRJNA776761	20	20	20	1	True	1	0	0.0	False			RNA-Seq|TRANSCRIPTOMIC|cDNA	bulk RNA-seq
PRJNA777566	20	20	74	4	False	1	0	0.0	False			RNA-Seq|TRANSCRIPTOMIC|cDNA	10x Genomics Chromium
PRJNA875087	20	20	20	1	True	1	2	1.0	False		10.0	RNA-Seq|TRANSCRIPTOMIC|cDNA	bulk RNA-seq
PRJNA885903	20	20	20	1	True	1	0	0.0	False			RNA-Seq|TRANSCRIPTOMIC|cDNA	bulk RNA-seq
PRJNA889043	20	20	136	8	False	1	0	0.0	False			RNA-Seq|TRANSCRIPTOMIC SINGLE CELL|cDNA	bulk RNA-seq
PRJNA907803	20	20	20	1	True	1	0	0.0	False			RNA-Seq|TRANSCRIPTOMIC|cDNA	bulk RNA-seq
PRJNA934351	20	20	20	1	True	1	0	0.0	False			RNA-Seq|TRANSCRIPTOMIC|cDNA	bulk RNA-seq
PRJNA934889	20	20	20	1	True	1	0	0.0	False			RNA-Seq|TRANSCRIPTOMIC|cDNA	bulk RNA-seq
PRJNA936411	20	20	20	1	True	2	0	0.0	False			ATAC-seq|GENOMIC|other;RNA-Seq|TRANSCRIPTOMIC SINGLE CELL|cDNA	bulk RNA-seq
PRJNA945230	20	102	102	63	False	2	0	0.0	False			Hi-C|GENOMIC|RANDOM;WGS|GENOMIC|RANDOM	10x Genomics Chromium
PRJNA949157	20	20	20	1	True	1	0	0.0	False			RNA-Seq|TRANSCRIPTOMIC|cDNA	bulk RNA-seq
PRJNA949253	20	20	20	1	True	1	0	0.0	False			RNA-Seq|TRANSCRIPTOMIC|cDNA	bulk RNA-seq
PRJNA954305	20	20	20	1	True	1	0	0.0	False			RNA-Seq|TRANSCRIPTOMIC|cDNA	bulk RNA-seq
PRJNA973005	20	20	20	1	True	1	0	0.0	False			OTHER|TRANSCRIPTOMIC|other	bulk RNA-seq
PRJNA976056	20	20	80	4	False	1	0	0.0	False			RNA-Seq|TRANSCRIPTOMIC|cDNA	bulk RNA-seq
PRJEB43703	19	19	19	1	True	1	0	0.0	False			RNA-Seq|TRANSCRIPTOMIC SINGLE CELL|PolyA	single nucleus RNA-seq
PRJNA1016264	19	19	32	6	False	2	0	0.0	False			RNA-Seq|TRANSCRIPTOMIC SINGLE CELL|cDNA;RNA-Seq|TRANSCRIPTOMIC|cDNA	bulk RNA-seq
PRJNA1018579	19	19	76	4	False	1	8	0.421	False		2.38	RNA-Seq|TRANSCRIPTOMIC SINGLE CELL|cDNA	single nucleus RNA-seq
PRJNA1055013	19	19	19	1	True	1	0	0.0	False			RNA-Seq|TRANSCRIPTOMIC|cDNA	bulk RNA-seq
PRJNA1057807	19	19	22	2	False	1	0	0.0	False			ATAC-seq|GENOMIC SINGLE CELL|other	single nucleus RNA-seq
PRJNA1076936	19	19	19	1	True	1	1	0.474	False		19.0	RNA-Seq|TRANSCRIPTOMIC|cDNA	bulk RNA-seq
PRJNA1088507	19	19	19	1	True	1	3	0.421	False		6.33	RNA-Seq|TRANSCRIPTOMIC|cDNA	bulk RNA-seq
PRJNA1142982	19	19	19	1	True	2	0	0.0	False			RNA-Seq|TRANSCRIPTOMIC|cDNA_oligo_dT;WGS|GENOMIC|ChIP	bulk RNA-seq
PRJNA1153003	19	19	19	1	True	1	0	0.0	False			RNA-Seq|TRANSCRIPTOMIC|cDNA	bulk RNA-seq
PRJNA1154667	19	19	19	1	True	1	0	0.0	False			RNA-Seq|TRANSCRIPTOMIC|cDNA	bulk RNA-seq
PRJNA1197431	19	19	19	1	True	2	0	0.0	False			RNA-Seq|TRANSCRIPTOMIC SINGLE CELL|cDNA;RNA-Seq|TRANSCRIPTOMIC|cDNA	bulk RNA-seq
PRJNA1274961	19	19	19	1	True	1	0	0.0	False			RNA-Seq|TRANSCRIPTOMIC|cDNA	bulk RNA-seq
PRJNA1287719	19	19	25	2	False	1	0	0.0	False			RNA-Seq|TRANSCRIPTOMIC|cDNA	polyA selected RNA-seq
PRJNA1315191	19	19	19	1	True	1	0	0.0	False			RNA-Seq|TRANSCRIPTOMIC|PolyA	bulk RNA-seq
PRJNA1347379	19	19	19	1	True	1	0	0.0	False			RNA-Seq|TRANSCRIPTOMIC|RANDOM	bulk RNA-seq
PRJNA1370883	19	19	19	1	True	1	0	0.0	False			RNA-Seq|TRANSCRIPTOMIC|cDNA	bulk RNA-seq
PRJNA1434423	19	19	19	1	True	1	0	0.0	False			RNA-Seq|TRANSCRIPTOMIC|cDNA	bulk RNA-seq
PRJNA1450958	19	19	19	1	True	1	0	0.0	False			RNA-Seq|TRANSCRIPTOMIC|cDNA	bulk RNA-seq
PRJNA1451864	19	19	22	2	False	1	0	0.0	False			RNA-Seq|TRANSCRIPTOMIC|cDNA	bulk RNA-seq
PRJNA1465389	19	19	19	1	True	1	0	0.0	False			RNA-Seq|TRANSCRIPTOMIC|cDNA	bulk RNA-seq
PRJNA1492481	19	19	19	1	True	1	0	0.0	False			RNA-Seq|TRANSCRIPTOMIC|cDNA	bulk RNA-seq
PRJNA285874	19	19	19	1	True	1	0	0.0	False			RNA-Seq|TRANSCRIPTOMIC|cDNA	polyA selected RNA-seq
PRJNA407818	19	19	19	1	True	1	0	0.0	False			RNA-Seq|TRANSCRIPTOMIC|cDNA	Drop-seq
PRJNA417665	19	19	19	1	True	1	0	0.0	False			RNA-Seq|TRANSCRIPTOMIC|cDNA	single nucleus RNA-seq
PRJNA427307	19	19	19	1	True	1	0	0.0	False			RNA-Seq|TRANSCRIPTOMIC|cDNA	bulk RNA-seq
PRJNA553345	19	19	19	1	True	1	0	0.0	False			RNA-Seq|TRANSCRIPTOMIC|cDNA	Drop-seq
PRJNA597586	19	19	35	4	False	1	0	0.0	False			RNA-Seq|TRANSCRIPTOMIC|cDNA	Drop-seq
PRJNA601667	19	19	19	1	True	1	1	0.053	False		19.0	RNA-Seq|TRANSCRIPTOMIC|cDNA	Drop-seq
PRJNA628942	19	19	19	1	True	1	0	0.0	False			RNA-Seq|TRANSCRIPTOMIC|PolyA	bulk RNA-seq
PRJNA631526	19	19	76	4	False	1	6	0.316	False		3.17	RNA-Seq|TRANSCRIPTOMIC|cDNA	10x Genomics Chromium
PRJNA647722	19	19	22	3	False	1	0	0.0	False			RNA-Seq|TRANSCRIPTOMIC|cDNA	bulk RNA-seq
PRJNA648164	19	19	37	4	False	1	0	0.0	False			RNA-Seq|TRANSCRIPTOMIC|cDNA	bulk RNA-seq
PRJNA679257	19	19	19	1	True	2	0	0.0	False			ATAC-seq|GENOMIC|other;RNA-Seq|TRANSCRIPTOMIC|cDNA	bulk RNA-seq
PRJNA731526	19	19	19	1	True	1	0	0.0	False			RNA-Seq|TRANSCRIPTOMIC|cDNA	bulk RNA-seq
PRJNA734269	19	19	19	1	True	1	0	0.0	False			RNA-Seq|TRANSCRIPTOMIC|cDNA	Drop-seq
PRJNA734629	19	19	19	1	True	1	0	0.0	False			RNA-Seq|TRANSCRIPTOMIC|cDNA	bulk RNA-seq
PRJNA744200	19	19	19	1	True	1	0	0.0	False			RNA-Seq|TRANSCRIPTOMIC|cDNA	bulk RNA-seq
PRJNA766055	19	19	64	4	False	1	0	0.0	False			RNA-Seq|TRANSCRIPTOMIC|cDNA	sci-RNA-seq;bulk RNA-seq
PRJNA779733	19	19	19	1	True	4	0	0.0	False			OTHER|GENOMIC|other;OTHER|TRANSCRIPTOMIC|other;RNA-Seq|TRANSCRIPTOMIC SINGLE CELL|cDNA;RNA-Seq|TRANSCRIPTOMIC|cDNA	bulk RNA-seq
PRJNA781616	19	19	19	1	True	1	0	0.0	False			RNA-Seq|TRANSCRIPTOMIC|cDNA	bulk RNA-seq
PRJNA810726	19	19	19	1	True	2	0	0.0	False			ChIP-Seq|GENOMIC|ChIP;RNA-Seq|TRANSCRIPTOMIC|cDNA	bulk RNA-seq
PRJNA832793	19	19	19	1	True	1	0	0.0	False			RNA-Seq|TRANSCRIPTOMIC SINGLE CELL|cDNA	Drop-seq
PRJNA842445	19	19	76	4	False	1	0	0.0	False			RNA-Seq|TRANSCRIPTOMIC|cDNA	bulk RNA-seq
PRJNA846486	19	19	19	1	True	1	0	0.0	False			RNA-Seq|TRANSCRIPTOMIC|cDNA	bulk RNA-seq
PRJNA847419	19	19	19	1	True	1	0	0.0	False			RNA-Seq|TRANSCRIPTOMIC|cDNA	bulk RNA-seq
PRJNA914226	19	43	43	10	False	1	0	0.0	False			RNA-Seq|TRANSCRIPTOMIC SINGLE CELL|Oligo-dT	Drop-seq
PRJNA931973	19	19	19	1	True	1	0	0.0	False			RNA-Seq|TRANSCRIPTOMIC|other	bulk RNA-seq
PRJNA933131	19	19	19	1	True	1	0	0.0	False			RNA-Seq|TRANSCRIPTOMIC|cDNA	bulk RNA-seq
PRJNA936801	19	19	19	1	True	1	0	0.0	False			RNA-Seq|TRANSCRIPTOMIC|cDNA	bulk RNA-seq
PRJNA961812	19	19	19	1	True	1	0	0.0	False			RNA-Seq|TRANSCRIPTOMIC|cDNA	bulk RNA-seq
PRJNA975751	19	19	73	12	False	1	0	0.0	False			RNA-Seq|TRANSCRIPTOMIC SINGLE CELL|cDNA	bulk RNA-seq
PRJDB39935	18	18	18	1	True	1	0	0.0	False			ssRNA-seq|TRANSCRIPTOMIC|PolyA	bulk RNA-seq
PRJEB108844	18	18	36	2	False	1	0	0.0	False			RNA-Seq|TRANSCRIPTOMIC|cDNA_randomPriming	bulk RNA-seq
PRJEB110427	18	18	18	1	True	1	1	0.5	False		18.0	RNA-Seq|TRANSCRIPTOMIC|Oligo-dT	10x Genomics Chromium
PRJEB110848	18	18	29	2	False	1	1	0.517	False		18.0	RNA-Seq|TRANSCRIPTOMIC SINGLE CELL|Oligo-dT	10x Genomics Chromium
PRJEB27420	18	18	18	1	True	1	0	0.0	False			RIP-Seq|TRANSCRIPTOMIC|Oligo-dT	TruSeq Stranded mRNA
PRJEB31345	18	18	18	1	True	1	0	0.0	False			ssRNA-seq|TRANSCRIPTOMIC|Inverse rRNA	TruSeq Stranded mRNA
PRJEB32612	18	18	18	1	True	1	0	0.0	False			RNA-Seq|TRANSCRIPTOMIC|PolyA	TruSeq Stranded mRNA
PRJEB38729	18	18	18	1	True	1	0	0.0	False			RNA-Seq|TRANSCRIPTOMIC|Inverse rRNA	bulk RNA-seq
PRJEB44088	18	18	18	1	True	1	3	1.0	False		6.0	RNA-Seq|TRANSCRIPTOMIC|PolyA	bulk RNA-seq
PRJEB66472	18	18	18	1	True	1	3	1.0	False		6.0	RNA-Seq|TRANSCRIPTOMIC|Oligo-dT	bulk RNA-seq
PRJEB68187	18	18	18	1	True	1	0	0.0	False			RNA-Seq|TRANSCRIPTOMIC|PolyA	bulk RNA-seq
PRJEB83092	18	18	18	1	True	1	17	0.944	False		1.06	RNA-Seq|TRANSCRIPTOMIC|PolyA	polyA selected RNA-seq
PRJEB83888	18	18	18	1	True	1	0	0.0	False			ssRNA-seq|TRANSCRIPTOMIC|PolyA	bulk RNA-seq
PRJEB86951	18	18	18	1	True	1	0	0.0	False			RNA-Seq|TRANSCRIPTOMIC|other	bulk RNA-seq
PRJEB90124	18	18	18	1	True	1	0	0.0	False			RNA-Seq|TRANSCRIPTOMIC|PolyA	bulk RNA-seq
PRJEB91184	18	18	18	1	True	1	0	0.0	False			RNA-Seq|TRANSCRIPTOMIC|cDNA	bulk RNA-seq
PRJEB91725	18	18	18	1	True	1	0	0.0	False			RNA-Seq|TRANSCRIPTOMIC|PolyA	TruSeq Stranded mRNA
PRJEB93876	18	18	18	1	True	1	0	0.0	False			RNA-Seq|TRANSCRIPTOMIC|Oligo-dT	bulk RNA-seq
PRJEB97469	18	18	18	1	True	1	0	0.0	False			RNA-Seq|TRANSCRIPTOMIC|PolyA	bulk RNA-seq
PRJNA1001503	18	18	18	1	True	1	0	0.0	False			RNA-Seq|TRANSCRIPTOMIC|cDNA	bulk RNA-seq
PRJNA1011303	18	18	18	1	True	1	0	0.0	False			RNA-Seq|TRANSCRIPTOMIC|cDNA	bulk RNA-seq
PRJNA1018825	18	18	18	1	True	1	0	0.0	False			RNA-Seq|TRANSCRIPTOMIC|cDNA	bulk RNA-seq
PRJNA1020746	18	18	18	1	True	1	0	0.0	False			RNA-Seq|TRANSCRIPTOMIC|cDNA	bulk RNA-seq
PRJNA1027866	18	18	18	1	True	1	0	0.0	False			RNA-Seq|TRANSCRIPTOMIC|cDNA	bulk RNA-seq
PRJNA1033995	18	18	18	1	True	1	2	1.0	False		9.0	RNA-Seq|TRANSCRIPTOMIC SINGLE CELL|cDNA	Parse Biosciences
PRJNA1036193	18	18	18	1	True	1	1	0.333	False		18.0	RNA-Seq|TRANSCRIPTOMIC|cDNA	bulk RNA-seq
PRJNA1046561	18	18	18	1	True	1	0	0.0	False			RNA-Seq|TRANSCRIPTOMIC|cDNA	bulk RNA-seq
PRJNA1048064	18	18	18	1	True	1	0	0.0	False			RNA-Seq|TRANSCRIPTOMIC|cDNA	bulk RNA-seq
PRJNA1048958	18	18	18	1	True	1	0	0.0	False			OTHER|OTHER|other	bulk RNA-seq
PRJNA1049766	18	18	18	1	True	1	0	0.0	False			RNA-Seq|TRANSCRIPTOMIC|cDNA	bulk RNA-seq
PRJNA1052018	18	18	18	1	True	1	0	0.0	False			RNA-Seq|TRANSCRIPTOMIC|cDNA	bulk RNA-seq
PRJNA1070304	18	18	18	1	True	1	0	0.0	False			RNA-Seq|TRANSCRIPTOMIC|cDNA	bulk RNA-seq
PRJNA1070998	18	18	18	1	True	1	0	0.0	False			RNA-Seq|TRANSCRIPTOMIC|cDNA	bulk RNA-seq
PRJNA1077358	18	22	22	2	False	2	4	1.0	False		4.5	RNA-Seq|TRANSCRIPTOMIC|PCR;RNA-Seq|TRANSCRIPTOMIC|cDNA_randomPriming	bulk RNA-seq
PRJNA1082287	18	18	18	1	True	1	0	0.0	False			RNA-Seq|TRANSCRIPTOMIC|cDNA	bulk RNA-seq
PRJNA1085736	18	18	60	4	False	1	0	0.0	False			RNA-Seq|TRANSCRIPTOMIC|cDNA	bulk RNA-seq
PRJNA1088489	18	18	18	1	True	1	0	0.0	False			RNA-Seq|TRANSCRIPTOMIC|cDNA	bulk RNA-seq
PRJNA1100203	18	18	18	1	True	1	0	0.0	False			RNA-Seq|TRANSCRIPTOMIC|cDNA	bulk RNA-seq
PRJNA1108698	18	18	18	1	True	1	0	0.0	False			RNA-Seq|TRANSCRIPTOMIC|cDNA	bulk RNA-seq
PRJNA1108776	18	18	18	1	True	1	0	0.0	False			RNA-Seq|TRANSCRIPTOMIC|cDNA	TruSeq Stranded mRNA
PRJNA1109378	18	18	18	1	True	1	0	0.0	False			RNA-Seq|TRANSCRIPTOMIC|cDNA	bulk RNA-seq
PRJNA1116062	18	18	18	1	True	1	0	0.0	False			RNA-Seq|TRANSCRIPTOMIC|cDNA	bulk RNA-seq
PRJNA1117576	18	18	18	1	True	1	1	0.111	False		18.0	RNA-Seq|TRANSCRIPTOMIC SINGLE CELL|cDNA_randomPriming	single nucleus RNA-seq
PRJNA1118192	18	18	18	1	True	1	0	0.0	False			RNA-Seq|TRANSCRIPTOMIC|cDNA	bulk RNA-seq
PRJNA1131122	18	18	18	1	True	1	0	0.0	False			RNA-Seq|TRANSCRIPTOMIC|PolyA	bulk RNA-seq
PRJNA1132694	18	18	18	1	True	1	10	0.556	False		1.8	RNA-Seq|TRANSCRIPTOMIC|cDNA	bulk RNA-seq
PRJNA1137305	18	18	18	1	True	1	0	0.0	False			RNA-Seq|TRANSCRIPTOMIC|cDNA	bulk RNA-seq
PRJNA1138776	18	18	18	1	True	1	0	0.0	False			RNA-Seq|TRANSCRIPTOMIC|cDNA	bulk RNA-seq
PRJNA1139139	18	18	18	1	True	1	0	0.0	False			RNA-Seq|TRANSCRIPTOMIC|cDNA	bulk RNA-seq
PRJNA1139321	18	18	18	1	True	1	1	0.333	False		18.0	RNA-Seq|TRANSCRIPTOMIC|cDNA	bulk RNA-seq
PRJNA1142911	18	18	18	1	True	1	1	0.333	False		18.0	RNA-Seq|TRANSCRIPTOMIC|cDNA	TruSeq Stranded mRNA
PRJNA1143419	18	18	72	4	False	1	0	0.0	False			RNA-Seq|TRANSCRIPTOMIC|cDNA	bulk RNA-seq
PRJNA1151591	18	18	18	1	True	1	0	0.0	False			RNA-Seq|TRANSCRIPTOMIC|cDNA	bulk RNA-seq
PRJNA1155666	18	18	18	1	True	1	0	0.0	False			RNA-Seq|TRANSCRIPTOMIC|cDNA	bulk RNA-seq
PRJNA1156626	18	18	18	1	True	1	1	0.333	False		18.0	RNA-Seq|TRANSCRIPTOMIC|cDNA	bulk RNA-seq
PRJNA1167314	18	18	18	1	True	1	0	0.0	False			RNA-Seq|TRANSCRIPTOMIC|cDNA	bulk RNA-seq
PRJNA1167786	18	18	18	1	True	1	0	0.0	False			RNA-Seq|TRANSCRIPTOMIC|cDNA	bulk RNA-seq
PRJNA1168480	18	18	18	1	True	1	0	0.0	False			RNA-Seq|TRANSCRIPTOMIC|cDNA	bulk RNA-seq
PRJNA1178826	18	18	18	1	True	1	0	0.0	False			RNA-Seq|TRANSCRIPTOMIC|cDNA	bulk RNA-seq
PRJNA1189123	18	18	18	1	True	1	0	0.0	False			RNA-Seq|TRANSCRIPTOMIC|cDNA	bulk RNA-seq
PRJNA1191617	18	18	18	1	True	1	0	0.0	False			RNA-Seq|TRANSCRIPTOMIC|cDNA	bulk RNA-seq
PRJNA1200121	18	18	18	1	True	1	0	0.0	False			RNA-Seq|TRANSCRIPTOMIC|cDNA	bulk RNA-seq
PRJNA1204943	18	18	18	1	True	1	0	0.0	False			RNA-Seq|TRANSCRIPTOMIC|cDNA	bulk RNA-seq
PRJNA1205653	18	18	18	1	True	1	0	0.0	False			RNA-Seq|TRANSCRIPTOMIC|cDNA	bulk RNA-seq
PRJNA1208004	18	18	18	1	True	1	0	0.0	False			RNA-Seq|TRANSCRIPTOMIC|cDNA	bulk RNA-seq
PRJNA1208954	18	18	18	1	True	1	0	0.0	False			RNA-Seq|TRANSCRIPTOMIC|cDNA	bulk RNA-seq
PRJNA1208982	18	18	18	1	True	1	0	0.0	False			RNA-Seq|TRANSCRIPTOMIC|cDNA	bulk RNA-seq
PRJNA1215268	18	18	18	1	True	1	0	0.0	False			RNA-Seq|TRANSCRIPTOMIC|cDNA	bulk RNA-seq
PRJNA1216593	18	18	18	1	True	1	0	0.0	False			RNA-Seq|TRANSCRIPTOMIC|cDNA	bulk RNA-seq
PRJNA1216990	18	18	18	1	True	1	0	0.0	False			RNA-Seq|TRANSCRIPTOMIC|cDNA	bulk RNA-seq
PRJNA1217330	18	18	34	5	False	3	0	0.0	False			RNA-Seq|TRANSCRIPTOMIC SINGLE CELL|cDNA;RNA-Seq|TRANSCRIPTOMIC|cDNA;miRNA-Seq|TRANSCRIPTOMIC|size fractionation	bulk RNA-seq
PRJNA1222352	18	18	18	1	True	1	0	0.0	False			RNA-Seq|TRANSCRIPTOMIC|cDNA	bulk RNA-seq
PRJNA1231455	18	18	18	1	True	1	0	0.0	False			RNA-Seq|TRANSCRIPTOMIC|cDNA	bulk RNA-seq
PRJNA1233186	18	18	18	1	True	1	0	0.0	False			RNA-Seq|TRANSCRIPTOMIC|cDNA	bulk RNA-seq
PRJNA1238892	18	18	18	1	True	1	0	0.0	False			RNA-Seq|TRANSCRIPTOMIC|cDNA	bulk RNA-seq
PRJNA1240348	18	18	144	8	False	1	0	0.0	False			RNA-Seq|TRANSCRIPTOMIC|cDNA	bulk RNA-seq
PRJNA1253591	18	18	54	3	False	1	0	0.0	False			RNA-Seq|TRANSCRIPTOMIC|cDNA	bulk RNA-seq
PRJNA1253599	18	18	18	1	True	1	0	0.0	False			ATAC-seq|GENOMIC|other	bulk RNA-seq
PRJNA1253718	18	18	18	1	True	1	0	0.0	False			RNA-Seq|TRANSCRIPTOMIC|cDNA	bulk RNA-seq
PRJNA1255286	18	18	18	1	True	2	3	1.0	False		6.0	OTHER|OTHER|other;RNA-Seq|TRANSCRIPTOMIC SINGLE CELL|cDNA	10x Genomics Chromium
PRJNA1256375	18	18	18	1	True	1	0	0.0	False			RNA-Seq|TRANSCRIPTOMIC|cDNA	single nucleus RNA-seq
PRJNA1257309	18	18	18	1	True	1	0	0.0	False			RNA-Seq|TRANSCRIPTOMIC|cDNA	bulk RNA-seq
PRJNA1258263	18	18	18	1	True	1	0	0.0	False			RNA-Seq|TRANSCRIPTOMIC|cDNA	bulk RNA-seq
PRJNA1272599	18	18	18	1	True	1	0	0.0	False			RNA-Seq|TRANSCRIPTOMIC|cDNA	bulk RNA-seq
PRJNA1278776	18	18	18	1	True	1	0	0.0	False			RNA-Seq|TRANSCRIPTOMIC|cDNA	bulk RNA-seq
PRJNA1293183	18	18	18	1	True	1	0	0.0	False			RNA-Seq|TRANSCRIPTOMIC|cDNA	bulk RNA-seq
PRJNA1306510	18	18	18	1	True	1	0	0.0	False			RNA-Seq|TRANSCRIPTOMIC|cDNA	bulk RNA-seq
PRJNA1311013	18	18	18	1	True	1	0	0.0	False			RNA-Seq|TRANSCRIPTOMIC|cDNA	bulk RNA-seq
PRJNA1327280	18	18	36	2	False	1	0	0.0	False			RNA-Seq|TRANSCRIPTOMIC|cDNA	bulk RNA-seq
PRJNA1333474	18	18	18	1	True	1	0	0.0	False			RNA-Seq|TRANSCRIPTOMIC|cDNA	bulk RNA-seq
PRJNA1333992	18	18	18	1	True	1	0	0.0	False			RNA-Seq|TRANSCRIPTOMIC|cDNA	bulk RNA-seq
PRJNA1334992	18	18	18	1	True	1	0	0.0	False			RNA-Seq|TRANSCRIPTOMIC|cDNA	bulk RNA-seq
PRJNA1335259	18	18	18	1	True	1	0	0.0	False			RNA-Seq|TRANSCRIPTOMIC|cDNA	bulk RNA-seq
PRJNA1356960	18	18	18	1	True	1	0	0.0	False			RNA-Seq|TRANSCRIPTOMIC|cDNA	bulk RNA-seq
PRJNA1365633	18	18	36	2	False	1	0	0.0	False			RNA-Seq|TRANSCRIPTOMIC|cDNA	bulk RNA-seq
PRJNA1367507	18	18	18	1	True	1	0	0.0	False			RNA-Seq|TRANSCRIPTOMIC|cDNA	bulk RNA-seq
PRJNA1368945	18	18	18	1	True	1	3	0.167	False		6.0	RNA-Seq|TRANSCRIPTOMIC|cDNA	bulk RNA-seq
PRJNA1370971	18	18	18	1	True	1	18	1.0	False		1.0	ATAC-seq|OTHER|other	bulk RNA-seq
PRJNA1390514	18	18	18	1	True	1	0	0.0	False			RNA-Seq|TRANSCRIPTOMIC|cDNA	bulk RNA-seq
PRJNA1392906	18	18	36	2	False	1	0	0.0	False			RNA-Seq|TRANSCRIPTOMIC|cDNA	bulk RNA-seq
PRJNA1395093	18	18	18	1	True	1	0	0.0	False			RNA-Seq|TRANSCRIPTOMIC|cDNA	bulk RNA-seq
PRJNA1400059	18	18	18	1	True	1	0	0.0	False			RNA-Seq|TRANSCRIPTOMIC|cDNA	bulk RNA-seq
PRJNA1403051	18	18	18	1	True	1	0	0.0	False			RNA-Seq|TRANSCRIPTOMIC|cDNA	bulk RNA-seq
PRJNA1415172	18	18	18	1	True	1	1	0.667	False		18.0	RNA-Seq|TRANSCRIPTOMIC|cDNA	bulk RNA-seq
PRJNA1420740	18	18	18	1	True	1	0	0.0	False			RNA-Seq|TRANSCRIPTOMIC|cDNA	bulk RNA-seq
PRJNA1425778	18	18	18	1	True	1	0	0.0	False			RNA-Seq|TRANSCRIPTOMIC|cDNA	bulk RNA-seq
PRJNA1430362	18	18	18	1	True	1	18	1.0	False		1.0	RNA-Seq|TRANSCRIPTOMIC|cDNA	bulk RNA-seq
PRJNA1430366	18	18	18	1	True	1	18	1.0	False		1.0	RNA-Seq|TRANSCRIPTOMIC|cDNA	bulk RNA-seq
PRJNA1431984	18	18	18	1	True	1	0	0.0	False			RNA-Seq|TRANSCRIPTOMIC|cDNA	bulk RNA-seq
PRJNA1434365	18	18	18	1	True	1	0	0.0	False			RNA-Seq|TRANSCRIPTOMIC|cDNA	bulk RNA-seq
PRJNA1434424	18	18	18	1	True	1	0	0.0	False			RNA-Seq|TRANSCRIPTOMIC|cDNA	bulk RNA-seq
PRJNA1439399	18	18	18	1	True	1	0	0.0	False			RNA-Seq|TRANSCRIPTOMIC|cDNA	bulk RNA-seq
PRJNA1454361	18	18	18	1	True	1	0	0.0	False			RNA-Seq|TRANSCRIPTOMIC|cDNA	bulk RNA-seq
PRJNA1465225	18	18	18	1	True	1	0	0.0	False			RNA-Seq|TRANSCRIPTOMIC|cDNA	bulk RNA-seq
PRJNA1466199	18	18	18	1	True	1	0	0.0	False			RNA-Seq|TRANSCRIPTOMIC|cDNA	bulk RNA-seq
PRJNA1468150	18	18	18	1	True	1	0	0.0	False			RNA-Seq|TRANSCRIPTOMIC|cDNA	bulk RNA-seq
PRJNA1472799	18	18	18	1	True	1	0	0.0	False			RNA-Seq|TRANSCRIPTOMIC|Oligo-dT	bulk RNA-seq
PRJNA1483545	18	18	18	1	True	1	0	0.0	False			RNA-Seq|TRANSCRIPTOMIC|cDNA	bulk RNA-seq
PRJNA1492575	18	18	18	1	True	2	0	0.0	False			RNA-Seq|TRANSCRIPTOMIC|PolyA;RNA-Seq|TRANSCRIPTOMIC|cDNA	bulk RNA-seq
PRJNA221220	18	18	18	1	True	1	0	0.0	False			RNA-Seq|TRANSCRIPTOMIC|cDNA	TruSeq Stranded mRNA
PRJNA339382	18	18	18	1	True	1	0	0.0	False			RNA-Seq|TRANSCRIPTOMIC|cDNA	bulk RNA-seq
PRJNA349262	18	18	18	1	True	1	0	0.0	False			RNA-Seq|TRANSCRIPTOMIC|cDNA	polyA selected RNA-seq
PRJNA350512	18	18	18	1	True	1	0	0.0	False			RNA-Seq|TRANSCRIPTOMIC|cDNA	Drop-seq
PRJNA362781	18	18	18	1	True	1	0	0.0	False			RNA-Seq|TRANSCRIPTOMIC|cDNA	TruSeq Stranded mRNA
PRJNA438226	18	18	18	1	True	1	18	1.0	False		1.0	RNA-Seq|TRANSCRIPTOMIC|cDNA	TruSeq Stranded mRNA
PRJNA476589	18	18	18	1	True	1	0	0.0	False			RNA-Seq|TRANSCRIPTOMIC|cDNA	bulk RNA-seq
PRJNA487358	18	18	18	1	True	1	0	0.0	False			RNA-Seq|TRANSCRIPTOMIC|cDNA	bulk RNA-seq
PRJNA489677	18	18	18	1	True	1	0	0.0	False			RNA-Seq|TRANSCRIPTOMIC|cDNA	bulk RNA-seq
PRJNA508214	18	18	165	15	False	1	0	0.0	False			RNA-Seq|TRANSCRIPTOMIC|cDNA	TruSeq Stranded mRNA
PRJNA510931	18	18	18	1	True	1	0	0.0	False			RNA-Seq|TRANSCRIPTOMIC|cDNA	TruSeq Stranded mRNA
PRJNA532608	18	18	18	1	True	1	0	0.0	False			RNA-Seq|TRANSCRIPTOMIC|cDNA	bulk RNA-seq
PRJNA540306	18	18	18	1	True	1	0	0.0	False			RNA-Seq|TRANSCRIPTOMIC|cDNA	bulk RNA-seq
PRJNA540938	18	18	18	1	True	1	1	0.389	False		18.0	RNA-Seq|TRANSCRIPTOMIC|cDNA	bulk RNA-seq
PRJNA554883	18	18	18	1	True	1	0	0.0	False			RNA-Seq|TRANSCRIPTOMIC|cDNA	10x Genomics Chromium
PRJNA561343	18	18	18	1	True	1	0	0.0	False			RNA-Seq|TRANSCRIPTOMIC|cDNA	polyA selected RNA-seq
PRJNA564843	18	18	18	1	True	1	0	0.0	False			RNA-Seq|TRANSCRIPTOMIC|cDNA	TruSeq Stranded mRNA
PRJNA590235	18	18	18	1	True	1	0	0.0	False			RNA-Seq|TRANSCRIPTOMIC|cDNA	TruSeq Stranded mRNA
PRJNA596487	18	18	18	1	True	1	0	0.0	False			RNA-Seq|TRANSCRIPTOMIC|cDNA	bulk RNA-seq
PRJNA604220	18	18	72	4	False	1	0	0.0	False			RNA-Seq|TRANSCRIPTOMIC|cDNA	TruSeq Stranded mRNA
PRJNA605015	18	18	18	1	True	1	0	0.0	False			RNA-Seq|TRANSCRIPTOMIC|cDNA	TruSeq Stranded mRNA
PRJNA629294	18	18	915	382	False	4	0	0.0	False			OTHER|GENOMIC|other;OTHER|OTHER|other;OTHER|TRANSCRIPTOMIC|other;RNA-Seq|TRANSCRIPTOMIC|cDNA	Drop-seq
PRJNA637580	18	18	18	1	True	1	0	0.0	False			RNA-Seq|TRANSCRIPTOMIC|cDNA	bulk RNA-seq
PRJNA665220	18	18	18	1	True	1	0	0.0	False			RNA-Seq|TRANSCRIPTOMIC|cDNA	TruSeq Stranded mRNA
PRJNA665286	18	18	18	1	True	1	0	0.0	False			RNA-Seq|TRANSCRIPTOMIC|cDNA	bulk RNA-seq
PRJNA667927	18	18	27	4	False	1	0	0.0	False			RNA-Seq|TRANSCRIPTOMIC|cDNA	bulk RNA-seq
PRJNA674871	18	18	36	2	False	1	0	0.0	False			RNA-Seq|TRANSCRIPTOMIC|cDNA	bulk RNA-seq
PRJNA678966	18	18	18	1	True	1	0	0.0	False			RNA-Seq|TRANSCRIPTOMIC|cDNA	bulk RNA-seq
PRJNA693181	18	18	36	2	False	1	0	0.0	False			RNA-Seq|TRANSCRIPTOMIC|cDNA	bulk RNA-seq
PRJNA700860	18	18	72	4	False	1	0	0.0	False			RNA-Seq|TRANSCRIPTOMIC|cDNA	bulk RNA-seq
PRJNA705457	18	18	18	1	True	1	11	0.611	False		1.64	RNA-Seq|TRANSCRIPTOMIC|cDNA	10x Genomics Chromium
PRJNA705941	18	18	52	4	False	1	0	0.0	False			RNA-Seq|TRANSCRIPTOMIC|cDNA	bulk RNA-seq
PRJNA720949	18	18	18	1	True	1	0	0.0	False			RNA-Seq|TRANSCRIPTOMIC|cDNA	bulk RNA-seq
PRJNA727602	18	18	40	4	False	1	0	0.0	False			RNA-Seq|TRANSCRIPTOMIC|cDNA	TruSeq Stranded mRNA
PRJNA752329	18	18	36	4	False	1	0	0.0	False			RNA-Seq|TRANSCRIPTOMIC|cDNA	bulk RNA-seq
PRJNA759628	18	18	18	1	True	1	1	0.5	False		18.0	RNA-Seq|TRANSCRIPTOMIC|cDNA	bulk RNA-seq
PRJNA765327	18	18	18	1	True	1	0	0.0	False			RNA-Seq|TRANSCRIPTOMIC|cDNA	bulk RNA-seq
PRJNA765347	18	18	18	1	True	1	2	0.667	False		9.0	RNA-Seq|TRANSCRIPTOMIC|cDNA	bulk RNA-seq
PRJNA769082	18	18	19	2	False	1	0	0.0	False			RNA-Seq|TRANSCRIPTOMIC|cDNA	Drop-seq;bulk RNA-seq
PRJNA798522	18	18	18	1	True	1	0	0.0	False			RNA-Seq|TRANSCRIPTOMIC|RANDOM	bulk RNA-seq
PRJNA798745	18	18	18	1	True	1	0	0.0	False			RNA-Seq|TRANSCRIPTOMIC|cDNA	10x Genomics Chromium
PRJNA802221	18	18	18	1	True	1	0	0.0	False			RNA-Seq|TRANSCRIPTOMIC|cDNA	bulk RNA-seq
PRJNA804097	18	18	18	1	True	1	0	0.0	False			RNA-Seq|TRANSCRIPTOMIC|cDNA	bulk RNA-seq
PRJNA809022	18	18	18	1	True	1	0	0.0	False			RNA-Seq|TRANSCRIPTOMIC|RT-PCR	single nucleus RNA-seq
PRJNA811580	18	18	18	1	True	1	0	0.0	False			RNA-Seq|TRANSCRIPTOMIC|cDNA	Drop-seq;bulk RNA-seq
PRJNA812014	18	18	18	1	True	1	0	0.0	False			RNA-Seq|TRANSCRIPTOMIC|cDNA	bulk RNA-seq
PRJNA816537	18	18	18	1	True	1	0	0.0	False			RNA-Seq|TRANSCRIPTOMIC|cDNA	bulk RNA-seq
PRJNA818878	18	18	18	1	True	1	0	0.0	False			RNA-Seq|TRANSCRIPTOMIC|cDNA	bulk RNA-seq
PRJNA833063	18	18	18	1	True	1	0	0.0	False			RNA-Seq|TRANSCRIPTOMIC|cDNA	bulk RNA-seq
PRJNA835703	18	18	18	1	True	1	0	0.0	False			RNA-Seq|TRANSCRIPTOMIC SINGLE CELL|cDNA	BD Rhapsody
PRJNA837074	18	18	144	8	False	1	0	0.0	False			RNA-Seq|TRANSCRIPTOMIC|cDNA	10x Genomics Chromium
PRJNA837296	18	18	72	4	False	1	0	0.0	False			RNA-Seq|TRANSCRIPTOMIC|cDNA	bulk RNA-seq
PRJNA842235	18	18	29	2	False	1	0	0.0	False			RNA-Seq|TRANSCRIPTOMIC SINGLE CELL|cDNA	single nucleus RNA-seq
PRJNA845777	18	18	18	1	True	1	0	0.0	False			RNA-Seq|TRANSCRIPTOMIC|cDNA	bulk RNA-seq
PRJNA847939	18	18	18	1	True	1	0	0.0	False			RNA-Seq|TRANSCRIPTOMIC|cDNA	TruSeq Stranded mRNA
PRJNA848754	18	18	18	1	True	1	1	0.333	False		18.0	RNA-Seq|TRANSCRIPTOMIC|cDNA	bulk RNA-seq
PRJNA849203	18	18	18	1	True	1	0	0.0	False			RNA-Seq|TRANSCRIPTOMIC|cDNA	bulk RNA-seq
PRJNA858031	18	18	18	1	True	1	0	0.0	False			RNA-Seq|TRANSCRIPTOMIC|cDNA	bulk RNA-seq
PRJNA864767	18	18	18	1	True	1	0	0.0	False			RNA-Seq|TRANSCRIPTOMIC|cDNA	single nucleus RNA-seq
PRJNA875926	18	18	18	1	True	1	0	0.0	False			RNA-Seq|TRANSCRIPTOMIC|cDNA	bulk RNA-seq
PRJNA878835	18	18	18	1	True	1	2	0.667	False		9.0	RNA-Seq|TRANSCRIPTOMIC|cDNA	bulk RNA-seq
PRJNA885774	18	18	36	2	False	1	0	0.0	False			RNA-Seq|TRANSCRIPTOMIC|cDNA	bulk RNA-seq
PRJNA891737	18	18	38	3	False	1	0	0.0	False			RNA-Seq|TRANSCRIPTOMIC|cDNA	bulk RNA-seq
PRJNA900243	18	18	18	1	True	1	0	0.0	False			RNA-Seq|TRANSCRIPTOMIC|cDNA	bulk RNA-seq
PRJNA905454	18	18	18	1	True	1	0	0.0	False			RNA-Seq|TRANSCRIPTOMIC|cDNA	bulk RNA-seq
PRJNA916747	18	18	18	1	True	1	0	0.0	False			RNA-Seq|TRANSCRIPTOMIC|cDNA	bulk RNA-seq
PRJNA923235	18	18	18	1	True	1	0	0.0	False			RNA-Seq|TRANSCRIPTOMIC|cDNA	bulk RNA-seq
PRJNA928099	18	18	18	1	True	1	0	0.0	False			RNA-Seq|TRANSCRIPTOMIC|cDNA	bulk RNA-seq
PRJNA931784	18	18	18	1	True	1	0	0.0	False			RNA-Seq|TRANSCRIPTOMIC|cDNA	bulk RNA-seq
PRJNA938773	18	18	18	1	True	1	0	0.0	False			RNA-Seq|TRANSCRIPTOMIC|cDNA	bulk RNA-seq
PRJNA945057	18	18	18	1	True	1	0	0.0	False			Hi-C|GENOMIC|other	single nucleus RNA-seq
PRJNA947213	18	18	18	1	True	1	0	0.0	False			RNA-Seq|TRANSCRIPTOMIC|cDNA	bulk RNA-seq
PRJNA949260	18	18	18	1	True	1	0	0.0	False			RNA-Seq|TRANSCRIPTOMIC|cDNA	bulk RNA-seq
PRJNA962517	18	18	72	4	False	1	0	0.0	False			RNA-Seq|TRANSCRIPTOMIC|cDNA	bulk RNA-seq
PRJNA967216	18	18	18	1	True	1	0	0.0	False			RNA-Seq|TRANSCRIPTOMIC|cDNA	single nucleus RNA-seq
PRJNA968166	18	18	22	3	False	1	0	0.0	False			RNA-Seq|TRANSCRIPTOMIC|cDNA	bulk RNA-seq
PRJNA970301	18	18	36	2	False	1	0	0.0	False			RNA-Seq|TRANSCRIPTOMIC|cDNA	bulk RNA-seq
PRJNA975570	18	18	18	1	True	1	0	0.0	False			RNA-Seq|TRANSCRIPTOMIC|cDNA	bulk RNA-seq
PRJNA992078	18	18	18	1	True	1	0	0.0	False			RNA-Seq|TRANSCRIPTOMIC|cDNA	bulk RNA-seq
PRJDB17407	17	17	17	1	True	1	12	0.706	False		1.42	RNA-Seq|TRANSCRIPTOMIC|PolyA	bulk RNA-seq
PRJEB44498	17	17	17	1	True	1	0	0.0	False			RNA-Seq|TRANSCRIPTOMIC|PolyA	bulk RNA-seq
PRJEB58795	17	17	17	1	True	1	0	0.0	False			RNA-Seq|TRANSCRIPTOMIC|RANDOM	bulk RNA-seq
PRJNA1003473	17	17	17	1	True	2	0	0.0	False			RNA-Seq|TRANSCRIPTOMIC SINGLE CELL|cDNA;RNA-Seq|TRANSCRIPTOMIC|cDNA	bulk RNA-seq
PRJNA1013554	17	17	17	1	True	3	0	0.0	False			OTHER|TRANSCRIPTOMIC|other;RNA-Seq|TRANSCRIPTOMIC SINGLE CELL|cDNA;RNA-Seq|TRANSCRIPTOMIC|cDNA	10x Genomics Chromium
PRJNA1025903	17	17	17	1	True	1	0	0.0	False			RNA-Seq|TRANSCRIPTOMIC|PCR	bulk RNA-seq
PRJNA1046685	17	17	17	1	True	3	0	0.0	False			ChIP-Seq|GENOMIC|ChIP;RNA-Seq|TRANSCRIPTOMIC SINGLE CELL|Oligo-dT;RNA-Seq|TRANSCRIPTOMIC|Oligo-dT	bulk RNA-seq
PRJNA1047118	17	17	17	1	True	1	0	0.0	False			RNA-Seq|TRANSCRIPTOMIC|cDNA	bulk RNA-seq
PRJNA1060615	17	17	25	2	False	1	0	0.0	False			RNA-Seq|TRANSCRIPTOMIC|cDNA	bulk RNA-seq
PRJNA1063645	17	17	17	1	True	1	0	0.0	False			RNA-Seq|TRANSCRIPTOMIC|cDNA	bulk RNA-seq
PRJNA1078895	17	46	46	3	False	4	0	0.0	False			ATAC-seq|GENOMIC|PCR;RNA-Seq|METAGENOMIC|PolyA;RNA-Seq|TRANSCRIPTOMIC|Inverse rRNA;RNA-Seq|TRANSCRIPTOMIC|PolyA	bulk RNA-seq
PRJNA1091703	17	17	23	2	False	1	0	0.0	False			RNA-Seq|TRANSCRIPTOMIC SINGLE CELL|cDNA	single nucleus RNA-seq
PRJNA1101494	17	17	17	1	True	1	0	0.0	False			RNA-Seq|TRANSCRIPTOMIC|cDNA	bulk RNA-seq
PRJNA1102721	17	17	17	1	True	1	0	0.0	False			RNA-Seq|TRANSCRIPTOMIC|PolyA	bulk RNA-seq
PRJNA1110758	17	17	17	1	True	1	0	0.0	False			RNA-Seq|TRANSCRIPTOMIC|cDNA	bulk RNA-seq
PRJNA1172611	17	17	17	1	True	1	0	0.0	False			RNA-Seq|TRANSCRIPTOMIC|cDNA	bulk RNA-seq
PRJNA1184114	17	17	17	1	True	1	0	0.0	False			RNA-Seq|TRANSCRIPTOMIC|cDNA	bulk RNA-seq
PRJNA1185659	17	17	17	1	True	1	0	0.0	False			OTHER|TRANSCRIPTOMIC|other	bulk RNA-seq
PRJNA1211640	17	17	17	1	True	1	0	0.0	False			RNA-Seq|TRANSCRIPTOMIC|cDNA	bulk RNA-seq
PRJNA1212200	17	17	17	1	True	1	0	0.0	False			RNA-Seq|TRANSCRIPTOMIC|cDNA	bulk RNA-seq
PRJNA1220069	17	17	17	1	True	1	1	0.353	False		17.0	RNA-Seq|TRANSCRIPTOMIC|cDNA	bulk RNA-seq
PRJNA1224258	17	17	17	1	True	1	0	0.0	False			RNA-Seq|TRANSCRIPTOMIC|cDNA	bulk RNA-seq
PRJNA1251322	17	17	17	1	True	1	0	0.0	False			RNA-Seq|TRANSCRIPTOMIC|PolyA	TruSeq Stranded mRNA
PRJNA1252046	17	17	17	1	True	2	0	0.0	False			RNA-Seq|TRANSCRIPTOMIC SINGLE CELL|cDNA;RNA-Seq|TRANSCRIPTOMIC|cDNA	bulk RNA-seq
PRJNA1256715	17	17	17	1	True	1	0	0.0	False			RNA-Seq|TRANSCRIPTOMIC|cDNA	bulk RNA-seq
PRJNA1263416	17	17	17	1	True	1	0	0.0	False			RNA-Seq|TRANSCRIPTOMIC|cDNA	BD Rhapsody
PRJNA1287730	17	17	17	1	True	1	0	0.0	False			RNA-Seq|TRANSCRIPTOMIC SINGLE CELL|cDNA	10x Genomics Chromium
PRJNA1424218	17	30	30	2	False	3	0	0.0	False			ATAC-seq|GENOMIC|RANDOM;RNA-Seq|TRANSCRIPTOMIC|PCR;RNA-Seq|TRANSCRIPTOMIC|cDNA_oligo_dT	10x Genomics Chromium
PRJNA1424219	17	30	30	2	False	3	0	0.0	False			ATAC-seq|GENOMIC|RANDOM;RNA-Seq|TRANSCRIPTOMIC|PCR;RNA-Seq|TRANSCRIPTOMIC|cDNA_oligo_dT	10x Genomics Chromium
PRJNA1439956	17	17	17	1	True	1	0	0.0	False			RNA-Seq|TRANSCRIPTOMIC SINGLE CELL|cDNA	10x Genomics Chromium
PRJNA1449024	17	17	17	1	True	3	0	0.0	False			ATAC-seq|GENOMIC|RANDOM;RNA-Seq|TRANSCRIPTOMIC SINGLE CELL|cDNA;RNA-Seq|TRANSCRIPTOMIC|PolyA	bulk RNA-seq
PRJNA1477402	17	17	17	1	True	1	0	0.0	False			RNA-Seq|TRANSCRIPTOMIC|cDNA	bulk RNA-seq
PRJNA1481761	17	17	17	1	True	1	0	0.0	False			RNA-Seq|TRANSCRIPTOMIC|cDNA	bulk RNA-seq
PRJNA1483617	17	17	17	1	True	1	0	0.0	False			RNA-Seq|TRANSCRIPTOMIC|PolyA	bulk RNA-seq
PRJNA229389	17	17	17	1	True	1	0	0.0	False			RNA-Seq|TRANSCRIPTOMIC|cDNA	polyA selected RNA-seq
PRJNA300301	17	17	17	1	True	1	0	0.0	False			RNA-Seq|TRANSCRIPTOMIC|cDNA	polyA selected RNA-seq
PRJNA345147	17	17	26	3	False	1	4	0.885	False		4.25	RNA-Seq|TRANSCRIPTOMIC|cDNA	Drop-seq
PRJNA415252	17	17	17	1	True	1	0	0.0	False			RNA-Seq|TRANSCRIPTOMIC|cDNA	bulk RNA-seq
PRJNA434757	17	17	17	1	True	1	0	0.0	False			RNA-Seq|TRANSCRIPTOMIC|cDNA	polyA selected RNA-seq
PRJNA471422	17	17	17	1	True	1	1	1.0	False		17.0	RNA-Seq|TRANSCRIPTOMIC|cDNA	Drop-seq
PRJNA525821	17	17	17	1	True	1	4	0.235	False		4.25	RNA-Seq|TRANSCRIPTOMIC|cDNA	Drop-seq
PRJNA613258	17	17	17	1	True	1	0	0.0	False			RNA-Seq|TRANSCRIPTOMIC|cDNA	bulk RNA-seq
PRJNA641702	17	17	26	2	False	1	0	0.0	False			RNA-Seq|TRANSCRIPTOMIC|cDNA	single nucleus RNA-seq
PRJNA662308	17	17	34	2	False	1	1	0.235	False		17.0	OTHER|GENOMIC|other	10x Genomics Chromium
PRJNA663093	17	17	17	1	True	1	0	0.0	False			RNA-Seq|TRANSCRIPTOMIC|cDNA	bulk RNA-seq
PRJNA691042	17	17	34	4	False	1	0	0.0	False			RNA-Seq|TRANSCRIPTOMIC|cDNA	bulk RNA-seq
PRJNA694312	17	17	17	1	True	1	0	0.0	False			RNA-Seq|TRANSCRIPTOMIC|cDNA	bulk RNA-seq
PRJNA741801	17	17	17	1	True	1	0	0.0	False			RNA-Seq|TRANSCRIPTOMIC|cDNA	bulk RNA-seq
PRJNA833101	17	17	17	1	True	1	0	0.0	False			RNA-Seq|TRANSCRIPTOMIC|cDNA	bulk RNA-seq
PRJNA841475	17	17	17	1	True	1	1	1.0	False		17.0	RNA-Seq|TRANSCRIPTOMIC|cDNA	bulk RNA-seq
PRJNA851795	17	17	17	1	True	1	1	0.235	False		17.0	RNA-Seq|TRANSCRIPTOMIC|cDNA	bulk RNA-seq
PRJNA854663	17	17	17	1	True	1	0	0.0	False			RNA-Seq|TRANSCRIPTOMIC|cDNA	bulk RNA-seq
PRJNA889349	17	17	17	1	True	1	1	0.118	False		17.0	RNA-Seq|TRANSCRIPTOMIC|cDNA	bulk RNA-seq
PRJNA903178	17	17	1632	96	False	1	0	0.0	False			RNA-Seq|TRANSCRIPTOMIC|cDNA	bulk RNA-seq
PRJNA908106	17	17	17	1	True	1	0	0.0	False			RNA-Seq|TRANSCRIPTOMIC SINGLE CELL|cDNA	Drop-seq
PRJNA911341	17	17	17	1	True	1	0	0.0	False			RNA-Seq|TRANSCRIPTOMIC|cDNA	bulk RNA-seq
PRJNA961682	17	17	17	1	True	1	0	0.0	False			RNA-Seq|TRANSCRIPTOMIC|cDNA	bulk RNA-seq
PRJNA991475	17	17	17	1	True	1	0	0.0	False			RNA-Seq|TRANSCRIPTOMIC|cDNA	bulk RNA-seq
PRJNA991777	17	17	17	1	True	1	2	0.647	False		8.5	RNA-Seq|TRANSCRIPTOMIC|cDNA	bulk RNA-seq
PRJDB17883	16	16	16	1	True	2	0	0.0	False			RNA-Seq|TRANSCRIPTOMIC|cDNA_oligo_dT;RNA-Seq|TRANSCRIPTOMIC|other	TruSeq Stranded mRNA
PRJEB100841	16	16	16	1	True	1	0	0.0	False			RNA-Seq|TRANSCRIPTOMIC SINGLE CELL|Hybrid Selection	10x Genomics Chromium
PRJEB110290	16	16	16	1	True	1	4	1.0	False		4.0	RNA-Seq|TRANSCRIPTOMIC|cDNA	TruSeq Stranded mRNA
PRJEB113618	16	16	16	1	True	1	0	0.0	False			RNA-Seq|TRANSCRIPTOMIC|Oligo-dT	bulk RNA-seq
PRJEB25433	16	16	16	1	True	4	0	0.0	False			OTHER|TRANSCRIPTOMIC|Oligo-dT;RNA-Seq|TRANSCRIPTOMIC|Oligo-dT;RNA-Seq|TRANSCRIPTOMIC|RANDOM;RNA-Seq|TRANSCRIPTOMIC|other	polyA selected RNA-seq
PRJEB34879	16	16	16	1	True	1	0	0.0	False			RNA-Seq|TRANSCRIPTOMIC|Oligo-dT	bulk RNA-seq
PRJEB39424	16	16	16	1	True	1	0	0.0	False			RNA-Seq|TRANSCRIPTOMIC|PolyA	TruSeq Stranded mRNA
PRJEB49030	16	16	16	1	True	1	0	0.0	False			RNA-Seq|TRANSCRIPTOMIC|Oligo-dT	bulk RNA-seq
PRJEB51823	16	16	16	1	True	1	0	0.0	False			RNA-Seq|TRANSCRIPTOMIC|PolyA	bulk RNA-seq
PRJEB56243	16	16	32	2	False	1	0	0.0	False			RNA-Seq|TRANSCRIPTOMIC|Oligo-dT	bulk RNA-seq
PRJEB77816	16	16	16	1	True	1	2	1.0	False		8.0	RNA-Seq|TRANSCRIPTOMIC|Oligo-dT	bulk RNA-seq
PRJEB78563	16	16	64	4	False	1	0	0.0	False			ssRNA-seq|TRANSCRIPTOMIC|Inverse rRNA	TruSeq Stranded mRNA
PRJEB79933	16	16	16	1	True	1	0	0.0	False			RNA-Seq|TRANSCRIPTOMIC|RT-PCR	bulk RNA-seq
PRJEB86402	16	16	32	2	False	1	0	0.0	False			RNA-Seq|TRANSCRIPTOMIC|PolyA	TruSeq Stranded mRNA
PRJEB87283	16	16	16	1	True	1	16	1.0	False		1.0	RNA-Seq|TRANSCRIPTOMIC|PolyA	bulk RNA-seq
PRJEB88203	16	16	16	1	True	1	0	0.0	False			RNA-Seq|TRANSCRIPTOMIC|cDNA	bulk RNA-seq
PRJNA1001899	16	16	16	1	True	1	0	0.0	False			RNA-Seq|TRANSCRIPTOMIC|cDNA	bulk RNA-seq
PRJNA1003545	16	16	16	1	True	1	0	0.0	False			RNA-Seq|TRANSCRIPTOMIC SINGLE CELL|cDNA	bulk RNA-seq
PRJNA1004407	16	16	16	1	True	1	0	0.0	False			RNA-Seq|TRANSCRIPTOMIC|cDNA	bulk RNA-seq
PRJNA1020588	16	16	40	4	False	3	4	0.75	False		4.0	OTHER|OTHER|other;OTHER|TRANSCRIPTOMIC|other;RNA-Seq|TRANSCRIPTOMIC SINGLE CELL|cDNA	10x Genomics Chromium
PRJNA1022438	16	16	16	1	True	1	0	0.0	False			RNA-Seq|TRANSCRIPTOMIC|cDNA	bulk RNA-seq
PRJNA1030761	16	16	26	8	False	3	0	0.0	False			OTHER|OTHER|other;OTHER|TRANSCRIPTOMIC|other;RNA-Seq|TRANSCRIPTOMIC|cDNA	bulk RNA-seq
PRJNA1034150	16	16	16	1	True	1	0	0.0	False			RNA-Seq|TRANSCRIPTOMIC|cDNA	bulk RNA-seq
PRJNA1035079	16	16	16	1	True	1	0	0.0	False			RNA-Seq|TRANSCRIPTOMIC|cDNA	bulk RNA-seq
PRJNA1040188	16	16	16	1	True	1	1	1.0	False		16.0	RNA-Seq|TRANSCRIPTOMIC|cDNA	bulk RNA-seq
PRJNA1046372	16	16	16	1	True	1	0	0.0	False			RNA-Seq|TRANSCRIPTOMIC|cDNA	bulk RNA-seq
PRJNA1046373	16	16	16	1	True	1	0	0.0	False			RNA-Seq|TRANSCRIPTOMIC|cDNA	bulk RNA-seq
PRJNA1048482	16	16	16	1	True	1	0	0.0	False			RNA-Seq|TRANSCRIPTOMIC|cDNA	bulk RNA-seq
PRJNA1051573	16	16	16	1	True	1	2	1.0	False		8.0	RNA-Seq|TRANSCRIPTOMIC|cDNA	bulk RNA-seq
PRJNA1063770	16	16	16	1	True	1	0	0.0	False			RNA-Seq|TRANSCRIPTOMIC|PolyA	bulk RNA-seq
PRJNA1064989	16	16	16	1	True	1	0	0.0	False			RNA-Seq|TRANSCRIPTOMIC|cDNA	bulk RNA-seq
PRJNA1066893	16	16	16	1	True	1	0	0.0	False			RNA-Seq|TRANSCRIPTOMIC|cDNA	bulk RNA-seq
PRJNA1068082	16	16	16	1	True	1	0	0.0	False			RNA-Seq|TRANSCRIPTOMIC|cDNA	bulk RNA-seq
PRJNA1081299	16	16	32	2	False	1	3	0.312	False		5.33	RNA-Seq|TRANSCRIPTOMIC SINGLE CELL|cDNA	bulk RNA-seq
PRJNA1082354	16	16	16	1	True	1	3	0.75	False		5.33	RNA-Seq|TRANSCRIPTOMIC|cDNA	bulk RNA-seq
PRJNA1082727	16	16	16	1	True	1	0	0.0	False			RNA-Seq|TRANSCRIPTOMIC|cDNA	bulk RNA-seq
PRJNA1086393	16	16	32	2	False	2	0	0.0	False			OTHER|TRANSCRIPTOMIC|other;RNA-Seq|TRANSCRIPTOMIC SINGLE CELL|cDNA	bulk RNA-seq
PRJNA1089159	16	16	16	1	True	1	0	0.0	False			RNA-Seq|TRANSCRIPTOMIC|cDNA	bulk RNA-seq
PRJNA1089167	16	16	16	1	True	1	0	0.0	False			RNA-Seq|TRANSCRIPTOMIC|cDNA	TruSeq Stranded mRNA
PRJNA1090441	16	16	16	1	True	1	0	0.0	False			RNA-Seq|TRANSCRIPTOMIC|cDNA	bulk RNA-seq
PRJNA1093168	16	16	16	1	True	1	0	0.0	False			RNA-Seq|TRANSCRIPTOMIC|cDNA	bulk RNA-seq
PRJNA1094422	16	16	16	1	True	1	0	0.0	False			RNA-Seq|TRANSCRIPTOMIC|cDNA	bulk RNA-seq
PRJNA1098645	16	16	16	1	True	1	0	0.0	False			RNA-Seq|TRANSCRIPTOMIC SINGLE CELL|cDNA	SPLiT-seq
PRJNA1100202	16	16	16	1	True	1	0	0.0	False			RNA-Seq|TRANSCRIPTOMIC|cDNA	bulk RNA-seq
PRJNA1101003	16	16	32	2	False	1	0	0.0	False			RNA-Seq|TRANSCRIPTOMIC|cDNA	bulk RNA-seq
PRJNA1101004	16	16	16	1	True	1	0	0.0	False			RNA-Seq|TRANSCRIPTOMIC|cDNA	bulk RNA-seq
PRJNA1103108	16	16	16	1	True	1	0	0.0	False			RNA-Seq|TRANSCRIPTOMIC|cDNA	bulk RNA-seq
PRJNA1108214	16	16	32	2	False	1	19	1.0	False		0.84	OTHER|TRANSCRIPTOMIC|other	single nucleus RNA-seq
PRJNA1108758	16	16	16	1	True	1	0	0.0	False			RNA-Seq|TRANSCRIPTOMIC|cDNA	bulk RNA-seq
PRJNA1109299	16	16	32	2	False	1	0	0.0	False			RNA-Seq|TRANSCRIPTOMIC|cDNA	bulk RNA-seq
PRJNA1112901	16	16	20	2	False	2	0	0.0	False			RNA-Seq|TRANSCRIPTOMIC SINGLE CELL|cDNA;RNA-Seq|TRANSCRIPTOMIC|cDNA	bulk RNA-seq
PRJNA1114642	16	16	16	1	True	1	0	0.0	False			RNA-Seq|TRANSCRIPTOMIC|cDNA	bulk RNA-seq
PRJNA1116227	16	16	16	1	True	1	12	0.75	False		1.33	RNA-Seq|TRANSCRIPTOMIC|cDNA	bulk RNA-seq
PRJNA1118777	16	16	16	1	True	1	0	0.0	False			RNA-Seq|TRANSCRIPTOMIC|cDNA	bulk RNA-seq
PRJNA1120470	16	16	16	1	True	1	0	0.0	False			RNA-Seq|TRANSCRIPTOMIC|cDNA	bulk RNA-seq
PRJNA1120863	16	16	16	1	True	1	0	0.0	False			RNA-Seq|TRANSCRIPTOMIC|cDNA	bulk RNA-seq
PRJNA1121274	16	16	16	1	True	1	0	0.0	False			RNA-Seq|TRANSCRIPTOMIC|cDNA	bulk RNA-seq
PRJNA1122563	16	16	16	1	True	1	0	0.0	False			RNA-Seq|TRANSCRIPTOMIC|cDNA	bulk RNA-seq
PRJNA1124073	16	16	16	1	True	1	0	0.0	False			RNA-Seq|TRANSCRIPTOMIC|cDNA	bulk RNA-seq
PRJNA1127580	16	16	30	8	False	4	2	1.0	False		8.0	ATAC-seq|GENOMIC|other;OTHER|GENOMIC|other;RNA-Seq|TRANSCRIPTOMIC SINGLE CELL|cDNA;RNA-Seq|TRANSCRIPTOMIC|cDNA	10x Genomics Chromium;bulk RNA-seq
PRJNA1130065	16	16	16	1	True	1	0	0.0	False			RNA-Seq|TRANSCRIPTOMIC|cDNA	bulk RNA-seq
PRJNA1130402	16	16	16	1	True	1	3	0.812	False		5.33	RNA-Seq|TRANSCRIPTOMIC|cDNA	bulk RNA-seq;TruSeq Stranded mRNA
PRJNA1131444	16	16	24	2	False	1	0	0.0	False			RNA-Seq|TRANSCRIPTOMIC SINGLE CELL|cDNA	10x Genomics Chromium
PRJNA1132719	16	16	16	1	True	1	0	0.0	False			RNA-Seq|TRANSCRIPTOMIC|cDNA	bulk RNA-seq
PRJNA1136016	16	16	16	1	True	1	0	0.0	False			RNA-Seq|TRANSCRIPTOMIC|cDNA	bulk RNA-seq
PRJNA1137945	16	16	16	1	True	1	0	0.0	False			RNA-Seq|TRANSCRIPTOMIC|cDNA	TruSeq Stranded mRNA
PRJNA1139377	16	16	16	1	True	1	2	1.0	False		8.0	RNA-Seq|TRANSCRIPTOMIC|cDNA_oligo_dT	bulk RNA-seq
PRJNA1140210	16	16	16	1	True	1	0	0.0	False			RNA-Seq|TRANSCRIPTOMIC|cDNA	bulk RNA-seq
PRJNA1141449	16	16	16	1	True	1	0	0.0	False			ncRNA-Seq|TRANSCRIPTOMIC|size fractionation	bulk RNA-seq
PRJNA1141507	16	16	28	2	False	1	0	0.0	False			OTHER|TRANSCRIPTOMIC|other	bulk RNA-seq
PRJNA1144110	16	16	16	1	True	2	0	0.0	False			RNA-Seq|TRANSCRIPTOMIC SINGLE CELL|cDNA;RNA-Seq|TRANSCRIPTOMIC|cDNA	bulk RNA-seq
PRJNA1150257	16	16	16	1	True	1	0	0.0	False			RNA-Seq|TRANSCRIPTOMIC|cDNA	single nucleus RNA-seq
PRJNA1150614	16	16	16	1	True	1	0	0.0	False			ssRNA-seq|TRANSCRIPTOMIC|cDNA	bulk RNA-seq
PRJNA1161693	16	16	42	10	False	1	0	0.0	False			RNA-Seq|TRANSCRIPTOMIC|cDNA	bulk RNA-seq
PRJNA1198112	16	16	16	1	True	1	0	0.0	False			RNA-Seq|TRANSCRIPTOMIC|cDNA	bulk RNA-seq
PRJNA1199917	16	16	16	1	True	1	0	0.0	False			RNA-Seq|TRANSCRIPTOMIC|cDNA	bulk RNA-seq
PRJNA1201317	16	16	32	2	False	1	0	0.0	False			RNA-Seq|TRANSCRIPTOMIC|cDNA	bulk RNA-seq
PRJNA1215752	16	16	16	1	True	1	0	0.0	False			RNA-Seq|TRANSCRIPTOMIC|cDNA	bulk RNA-seq
PRJNA1216273	16	16	32	2	False	1	0	0.0	False			RNA-Seq|TRANSCRIPTOMIC SINGLE CELL|cDNA	10x Genomics Chromium
PRJNA1218929	16	16	16	1	True	1	16	1.0	False		1.0	RNA-Seq|TRANSCRIPTOMIC|PolyA	bulk RNA-seq
PRJNA1223908	16	16	16	1	True	1	0	0.0	False			RNA-Seq|TRANSCRIPTOMIC SINGLE CELL|cDNA	SPLiT-seq
PRJNA1232123	16	16	16	1	True	1	0	0.0	False			RNA-Seq|TRANSCRIPTOMIC|cDNA	bulk RNA-seq
PRJNA1250517	16	16	17	2	False	1	0	0.0	False			RNA-Seq|TRANSCRIPTOMIC|cDNA	bulk RNA-seq
PRJNA1252114	16	16	16	1	True	1	0	0.0	False			RNA-Seq|TRANSCRIPTOMIC|cDNA	bulk RNA-seq
PRJNA1253681	16	16	16	1	True	1	0	0.0	False			RNA-Seq|TRANSCRIPTOMIC SINGLE CELL|cDNA	BD Rhapsody
PRJNA1256311	16	16	16	1	True	1	0	0.0	False			RNA-Seq|TRANSCRIPTOMIC|cDNA	bulk RNA-seq
PRJNA1257816	16	16	16	1	True	1	0	0.0	False			RNA-Seq|TRANSCRIPTOMIC|cDNA	bulk RNA-seq
PRJNA1263486	16	16	40	4	False	1	0	0.0	False			RNA-Seq|TRANSCRIPTOMIC SINGLE CELL|cDNA	Parse Biosciences
PRJNA1263874	16	16	16	1	True	1	0	0.0	False			RNA-Seq|TRANSCRIPTOMIC|cDNA	TruSeq Stranded mRNA
PRJNA1270936	16	16	16	1	True	1	1	0.5	False		16.0	RNA-Seq|TRANSCRIPTOMIC|PolyA	TruSeq Stranded mRNA
PRJNA1271554	16	16	16	1	True	1	0	0.0	False			RNA-Seq|TRANSCRIPTOMIC|cDNA	bulk RNA-seq
PRJNA1274928	16	16	16	1	True	1	0	0.0	False			RNA-Seq|TRANSCRIPTOMIC|cDNA	bulk RNA-seq
PRJNA1280252	16	16	16	1	True	1	0	0.0	False			RNA-Seq|TRANSCRIPTOMIC|cDNA	bulk RNA-seq
PRJNA1282759	16	16	16	1	True	1	0	0.0	False			RNA-Seq|TRANSCRIPTOMIC|cDNA	TruSeq Stranded mRNA
PRJNA1282777	16	16	38	3	False	2	3	0.737	False		5.33	ATAC-seq|GENOMIC SINGLE CELL|other;RNA-Seq|TRANSCRIPTOMIC SINGLE CELL|cDNA	10x Genomics Chromium
PRJNA1287620	16	16	32	2	False	1	0	0.0	False			RNA-Seq|TRANSCRIPTOMIC|cDNA	bulk RNA-seq
PRJNA1287621	16	16	16	1	True	1	0	0.0	False			RNA-Seq|TRANSCRIPTOMIC|cDNA	bulk RNA-seq
PRJNA1291619	16	16	16	1	True	1	0	0.0	False			ATAC-seq|GENOMIC|other	bulk RNA-seq
PRJNA1295892	16	16	16	1	True	1	0	0.0	False			RNA-Seq|TRANSCRIPTOMIC|cDNA	bulk RNA-seq
PRJNA1301883	16	16	16	1	True	1	0	0.0	False			RNA-Seq|TRANSCRIPTOMIC|cDNA	bulk RNA-seq
PRJNA1303109	16	16	16	1	True	1	0	0.0	False			RNA-Seq|TRANSCRIPTOMIC|cDNA	bulk RNA-seq
PRJNA1304574	16	16	16	1	True	2	0	0.0	False			ATAC-seq|GENOMIC SINGLE CELL|other;RNA-Seq|TRANSCRIPTOMIC SINGLE CELL|cDNA	10x Genomics Chromium
PRJNA1314260	16	16	16	1	True	1	0	0.0	False			RNA-Seq|TRANSCRIPTOMIC|cDNA	bulk RNA-seq
PRJNA1321771	16	16	16	1	True	1	0	0.0	False			RNA-Seq|TRANSCRIPTOMIC|cDNA	bulk RNA-seq
PRJNA1328729	16	16	32	2	False	1	0	0.0	False			RNA-Seq|TRANSCRIPTOMIC|cDNA	bulk RNA-seq
PRJNA1334403	16	16	16	1	True	2	0	0.0	False			ATAC-seq|GENOMIC|other;RNA-Seq|TRANSCRIPTOMIC|cDNA	bulk RNA-seq
PRJNA1346141	16	16	16	1	True	1	0	0.0	False			RNA-Seq|TRANSCRIPTOMIC|PolyA	bulk RNA-seq
PRJNA1363908	16	16	16	1	True	1	0	0.0	False			ATAC-seq|GENOMIC|other	bulk RNA-seq
PRJNA1365773	16	16	16	1	True	1	0	0.0	False			RNA-Seq|TRANSCRIPTOMIC SINGLE CELL|cDNA	10x Genomics Chromium
PRJNA1366384	16	16	16	1	True	1	0	0.0	False			RNA-Seq|TRANSCRIPTOMIC|cDNA	bulk RNA-seq
PRJNA1367011	16	16	32	2	False	1	0	0.0	False			RNA-Seq|TRANSCRIPTOMIC|cDNA	bulk RNA-seq
PRJNA1370926	16	16	16	1	True	1	0	0.0	False			RNA-Seq|TRANSCRIPTOMIC SINGLE CELL|cDNA	Parse Biosciences
PRJNA1375562	16	16	16	1	True	1	0	0.0	False			RNA-Seq|TRANSCRIPTOMIC|cDNA	bulk RNA-seq
PRJNA1378879	16	16	16	1	True	2	0	0.0	False			OTHER|TRANSCRIPTOMIC|other;RNA-Seq|TRANSCRIPTOMIC|cDNA	bulk RNA-seq
PRJNA1387429	16	16	16	1	True	1	0	0.0	False			OTHER|GENOMIC|other	bulk RNA-seq
PRJNA1401785	16	16	32	2	False	1	0	0.0	False			RNA-Seq|TRANSCRIPTOMIC|cDNA	bulk RNA-seq
PRJNA1415820	16	16	32	2	False	1	0	0.0	False			RNA-Seq|TRANSCRIPTOMIC|cDNA	bulk RNA-seq
PRJNA1431462	16	16	16	1	True	1	0	0.0	False			RNA-Seq|TRANSCRIPTOMIC|cDNA	bulk RNA-seq
PRJNA1433256	16	16	16	1	True	1	0	0.0	False			RNA-Seq|TRANSCRIPTOMIC|cDNA	TruSeq Stranded mRNA
PRJNA1434511	16	16	16	1	True	1	0	0.0	False			RNA-Seq|TRANSCRIPTOMIC|cDNA	bulk RNA-seq
PRJNA1435857	16	16	22	2	False	2	0	0.0	False			OTHER|TRANSCRIPTOMIC|other;RNA-Seq|TRANSCRIPTOMIC|cDNA	bulk RNA-seq
PRJNA1441585	16	16	64	4	False	2	4	0.5	False		4.0	OTHER|TRANSCRIPTOMIC|other;RNA-Seq|TRANSCRIPTOMIC SINGLE CELL|cDNA	10x Genomics Chromium
PRJNA1445038	16	16	16	1	True	1	0	0.0	False			RNA-Seq|TRANSCRIPTOMIC|cDNA	bulk RNA-seq
PRJNA1446799	16	16	16	1	True	1	0	0.0	False			RNA-Seq|TRANSCRIPTOMIC|cDNA	bulk RNA-seq
PRJNA1456597	16	16	16	1	True	2	0	0.0	False			OTHER|OTHER|other;RNA-Seq|TRANSCRIPTOMIC SINGLE CELL|cDNA	Parse Biosciences
PRJNA1458062	16	16	16	1	True	1	0	0.0	False			RNA-Seq|TRANSCRIPTOMIC|cDNA	bulk RNA-seq
PRJNA1465226	16	16	16	1	True	1	0	0.0	False			OTHER|GENOMIC|other	bulk RNA-seq
PRJNA1466508	16	16	16	1	True	1	0	0.0	False			RNA-Seq|TRANSCRIPTOMIC|cDNA	bulk RNA-seq
PRJNA1467691	16	16	16	1	True	1	0	0.0	False			RNA-Seq|TRANSCRIPTOMIC|cDNA	single nucleus RNA-seq;bulk RNA-seq
PRJNA1490639	16	16	48	3	False	1	0	0.0	False			RNA-Seq|TRANSCRIPTOMIC SINGLE CELL|cDNA	10x Genomics Chromium
PRJNA1497366	16	16	16	1	True	2	0	0.0	False			RNA-Seq|TRANSCRIPTOMIC|Inverse rRNA;RNA-Seq|TRANSCRIPTOMIC|size fractionation	bulk RNA-seq
PRJNA395736	16	16	64	4	False	1	0	0.0	False			RNA-Seq|TRANSCRIPTOMIC|cDNA	TruSeq Stranded mRNA
PRJNA453569	16	16	16	1	True	1	0	0.0	False			RNA-Seq|TRANSCRIPTOMIC|cDNA	Drop-seq
PRJNA470939	16	16	56	4	False	1	0	0.0	False			RNA-Seq|TRANSCRIPTOMIC|cDNA	bulk RNA-seq
PRJNA481730	16	16	16	1	True	1	0	0.0	False			RNA-Seq|TRANSCRIPTOMIC|cDNA	TruSeq Stranded mRNA
PRJNA504645	16	16	16	1	True	1	6	0.875	False		2.67	RNA-Seq|TRANSCRIPTOMIC|cDNA	Drop-seq
PRJNA515851	16	16	32	2	False	1	0	0.0	False			RNA-Seq|TRANSCRIPTOMIC|cDNA	10x Genomics Chromium
PRJNA517325	16	16	16	1	True	1	0	0.0	False			RNA-Seq|TRANSCRIPTOMIC|cDNA	bulk RNA-seq
PRJNA525415	16	16	16	1	True	2	0	0.0	False			RNA-Seq|TRANSCRIPTOMIC|RANDOM;WGS|GENOMIC|RANDOM	TruSeq Stranded mRNA
PRJNA542596	16	16	16	1	True	1	0	0.0	False			RNA-Seq|TRANSCRIPTOMIC|cDNA	bulk RNA-seq
PRJNA549453	16	16	16	1	True	1	0	0.0	False			RNA-Seq|TRANSCRIPTOMIC|cDNA	bulk RNA-seq
PRJNA551597	16	16	16	1	True	1	0	0.0	False			RNA-Seq|TRANSCRIPTOMIC|cDNA	Drop-seq
PRJNA551758	16	16	16	1	True	1	0	0.0	False			RNA-Seq|TRANSCRIPTOMIC|cDNA	single nucleus RNA-seq
PRJNA555592	16	16	16	1	True	1	0	0.0	False			RNA-Seq|TRANSCRIPTOMIC|cDNA	bulk RNA-seq
PRJNA559176	16	16	16	1	True	1	0	0.0	False			RNA-Seq|TRANSCRIPTOMIC|cDNA	bulk RNA-seq
PRJNA564844	16	16	16	1	True	1	0	0.0	False			RNA-Seq|TRANSCRIPTOMIC|cDNA	TruSeq Stranded mRNA
PRJNA566346	16	16	16	1	True	1	0	0.0	False			RNA-Seq|TRANSCRIPTOMIC|cDNA	bulk RNA-seq
PRJNA594716	16	16	16	1	True	1	0	0.0	False			RNA-Seq|TRANSCRIPTOMIC|cDNA	TruSeq Stranded mRNA
PRJNA596473	16	16	16	1	True	1	0	0.0	False			RNA-Seq|TRANSCRIPTOMIC|cDNA	bulk RNA-seq
PRJNA601238	16	16	16	1	True	1	0	0.0	False			RNA-Seq|TRANSCRIPTOMIC|cDNA	bulk RNA-seq
PRJNA626585	16	16	16	1	True	1	0	0.0	False			RNA-Seq|TRANSCRIPTOMIC|cDNA	TruSeq Stranded mRNA
PRJNA637237	16	16	16	1	True	1	1	1.0	False		16.0	RNA-Seq|TRANSCRIPTOMIC|cDNA	TruSeq Stranded mRNA
PRJNA647411	16	16	120	16	False	1	10	0.2	False		1.6	RNA-Seq|TRANSCRIPTOMIC|cDNA	10x Genomics Chromium
PRJNA647892	16	16	16	1	True	1	0	0.0	False			RNA-Seq|TRANSCRIPTOMIC|cDNA	bulk RNA-seq
PRJNA655205	16	16	16	1	True	2	8	1.0	False		2.0	OTHER|TRANSCRIPTOMIC|other;RNA-Seq|TRANSCRIPTOMIC|cDNA	bulk RNA-seq
PRJNA661234	16	16	16	1	True	1	0	0.0	False			RNA-Seq|TRANSCRIPTOMIC|cDNA	bulk RNA-seq
PRJNA671713	16	16	64	4	False	1	0	0.0	False			RNA-Seq|TRANSCRIPTOMIC|cDNA	bulk RNA-seq
PRJNA698360	16	16	16	1	True	2	0	0.0	False			ATAC-seq|GENOMIC|other;RNA-Seq|TRANSCRIPTOMIC|cDNA	10x Genomics Chromium
PRJNA698946	16	16	16	1	True	1	0	0.0	False			RNA-Seq|TRANSCRIPTOMIC|cDNA	bulk RNA-seq
PRJNA702661	16	16	16	1	True	1	0	0.0	False			RNA-Seq|TRANSCRIPTOMIC|cDNA	Drop-seq
PRJNA713904	16	16	16	1	True	2	0	0.0	False			ATAC-seq|GENOMIC|other;RNA-Seq|TRANSCRIPTOMIC|cDNA	SPLiT-seq
PRJNA717303	16	16	16	1	True	1	0	0.0	False			RNA-Seq|TRANSCRIPTOMIC|cDNA	bulk RNA-seq
PRJNA728126	16	16	16	1	True	1	0	0.0	False			RNA-Seq|TRANSCRIPTOMIC|cDNA	bulk RNA-seq
PRJNA729100	16	16	16	1	True	1	0	0.0	False			RNA-Seq|TRANSCRIPTOMIC|cDNA	bulk RNA-seq
PRJNA730092	16	16	16	1	True	1	1	1.0	False		16.0	RNA-Seq|TRANSCRIPTOMIC|cDNA	bulk RNA-seq
PRJNA732372	16	16	16	1	True	1	0	0.0	False			RNA-Seq|TRANSCRIPTOMIC|cDNA	Drop-seq
PRJNA732379	16	16	16	1	True	1	0	0.0	False			RNA-Seq|TRANSCRIPTOMIC|cDNA	bulk RNA-seq
PRJNA737514	16	16	16	1	True	1	0	0.0	False			RNA-Seq|TRANSCRIPTOMIC|cDNA	bulk RNA-seq
PRJNA741195	16	16	16	1	True	1	0	0.0	False			RNA-Seq|TRANSCRIPTOMIC|cDNA	TruSeq Stranded mRNA
PRJNA742010	16	16	59	8	False	1	0	0.0	False			RNA-Seq|TRANSCRIPTOMIC|cDNA	bulk RNA-seq
PRJNA755663	16	16	16	1	True	1	0	0.0	False			RNA-Seq|TRANSCRIPTOMIC|cDNA	bulk RNA-seq
PRJNA756536	16	16	80	8	False	1	0	0.0	False			RNA-Seq|TRANSCRIPTOMIC|cDNA	10x Genomics Chromium
PRJNA762176	16	16	16	1	True	1	0	0.0	False			RNA-Seq|TRANSCRIPTOMIC|cDNA	bulk RNA-seq
PRJNA762487	16	16	16	1	True	1	0	0.0	False			RNA-Seq|TRANSCRIPTOMIC|cDNA	10x Genomics Chromium
PRJNA767567	16	16	16	1	True	1	0	0.0	False			RNA-Seq|TRANSCRIPTOMIC|cDNA	single nucleus RNA-seq
PRJNA768446	16	16	16	1	True	1	1	0.25	False		16.0	RNA-Seq|TRANSCRIPTOMIC|cDNA	bulk RNA-seq
PRJNA780562	16	16	16	1	True	1	0	0.0	False			RNA-Seq|TRANSCRIPTOMIC|cDNA	bulk RNA-seq
PRJNA781589	16	16	16	1	True	1	0	0.0	False			RNA-Seq|TRANSCRIPTOMIC|cDNA	bulk RNA-seq
PRJNA785585	16	16	19	2	False	2	0	0.0	False			RNA-Seq|TRANSCRIPTOMIC SINGLE CELL|cDNA;RNA-Seq|TRANSCRIPTOMIC|cDNA	single nucleus RNA-seq
PRJNA789769	16	16	64	4	False	1	0	0.0	False			RNA-Seq|TRANSCRIPTOMIC|cDNA	bulk RNA-seq
PRJNA790997	16	16	16	1	True	1	2	0.25	False		8.0	RNA-Seq|TRANSCRIPTOMIC|cDNA	bulk RNA-seq
PRJNA791686	16	16	16	1	True	1	0	0.0	False			RNA-Seq|TRANSCRIPTOMIC|cDNA	bulk RNA-seq
PRJNA794067	16	16	16	1	True	1	16	1.0	False		1.0	RNA-Seq|TRANSCRIPTOMIC|cDNA	bulk RNA-seq
PRJNA794180	16	16	16	1	True	1	0	0.0	False			RNA-Seq|TRANSCRIPTOMIC|cDNA	TruSeq Stranded mRNA
PRJNA794729	16	16	16	1	True	1	2	0.5	False		8.0	RNA-Seq|TRANSCRIPTOMIC|cDNA	bulk RNA-seq
PRJNA814236	16	16	16	1	True	1	0	0.0	False			RNA-Seq|TRANSCRIPTOMIC|cDNA	bulk RNA-seq
PRJNA823048	16	16	64	4	False	1	0	0.0	False			RNA-Seq|TRANSCRIPTOMIC|cDNA	TruSeq Stranded mRNA
PRJNA823057	16	16	64	4	False	1	0	0.0	False			RNA-Seq|TRANSCRIPTOMIC SINGLE CELL|cDNA	10x Genomics Chromium
PRJNA823660	16	16	77	12	False	2	0	0.0	False			RNA-Seq|TRANSCRIPTOMIC SINGLE CELL|cDNA;RNA-Seq|TRANSCRIPTOMIC|cDNA	10x Genomics Chromium
PRJNA826900	16	16	16	1	True	1	0	0.0	False			RNA-Seq|TRANSCRIPTOMIC|cDNA	bulk RNA-seq
PRJNA834032	16	16	16	1	True	1	0	0.0	False			RNA-Seq|TRANSCRIPTOMIC|cDNA	bulk RNA-seq
PRJNA837126	16	16	16	1	True	1	0	0.0	False			RNA-Seq|TRANSCRIPTOMIC|cDNA	bulk RNA-seq
PRJNA849945	16	16	16	1	True	1	0	0.0	False			RNA-Seq|TRANSCRIPTOMIC|cDNA	bulk RNA-seq
PRJNA866149	16	16	16	1	True	1	0	0.0	False			RNA-Seq|TRANSCRIPTOMIC|cDNA	bulk RNA-seq
PRJNA867008	16	16	16	1	True	1	0	0.0	False			RNA-Seq|TRANSCRIPTOMIC|cDNA	bulk RNA-seq
PRJNA868792	16	16	34	4	False	2	0	0.0	False			RNA-Seq|TRANSCRIPTOMIC SINGLE CELL|cDNA;RNA-Seq|TRANSCRIPTOMIC|cDNA	bulk RNA-seq
PRJNA872106	16	16	40	3	False	3	0	0.0	False			RNA-Seq|OTHER|cDNA;RNA-Seq|TRANSCRIPTOMIC SINGLE CELL|cDNA;RNA-Seq|TRANSCRIPTOMIC|cDNA	bulk RNA-seq
PRJNA874744	16	16	16	1	True	1	0	0.0	False			RNA-Seq|TRANSCRIPTOMIC|cDNA	bulk RNA-seq
PRJNA880616	16	16	16	1	True	1	0	0.0	False			RNA-Seq|TRANSCRIPTOMIC|cDNA	polyA selected RNA-seq
PRJNA882842	16	16	18	2	False	1	0	0.0	False			RNA-Seq|TRANSCRIPTOMIC|cDNA	bulk RNA-seq
PRJNA884116	16	16	16	1	True	1	0	0.0	False			RNA-Seq|TRANSCRIPTOMIC|cDNA	bulk RNA-seq
PRJNA891048	16	16	16	1	True	1	1	1.0	False		16.0	RNA-Seq|TRANSCRIPTOMIC|cDNA	bulk RNA-seq
PRJNA894543	16	16	16	1	True	1	0	0.0	False			RNA-Seq|TRANSCRIPTOMIC|cDNA	bulk RNA-seq
PRJNA903139	16	16	16	1	True	1	0	0.0	False			RNA-Seq|TRANSCRIPTOMIC SINGLE CELL|cDNA	single nucleus RNA-seq
PRJNA904759	16	16	16	1	True	1	0	0.0	False			RNA-Seq|TRANSCRIPTOMIC|PCR	bulk RNA-seq
PRJNA915381	16	16	16	1	True	1	0	0.0	False			RNA-Seq|TRANSCRIPTOMIC|cDNA	bulk RNA-seq
PRJNA922514	16	16	16	1	True	1	0	0.0	False			RNA-Seq|TRANSCRIPTOMIC|cDNA	bulk RNA-seq
PRJNA923814	16	16	16	1	True	1	0	0.0	False			RNA-Seq|TRANSCRIPTOMIC|cDNA	TruSeq Stranded mRNA
PRJNA932235	16	16	16	1	True	1	0	0.0	False			RNA-Seq|TRANSCRIPTOMIC|cDNA	bulk RNA-seq
PRJNA934395	16	16	28	2	False	1	0	0.0	False			RNA-Seq|TRANSCRIPTOMIC|cDNA	bulk RNA-seq
PRJNA950392	16	16	16	1	True	1	0	0.0	False			RNA-Seq|TRANSCRIPTOMIC|cDNA	bulk RNA-seq
PRJNA956282	16	16	16	1	True	1	0	0.0	False			RNA-Seq|TRANSCRIPTOMIC SINGLE CELL|cDNA	10x Genomics Chromium
PRJNA958247	16	16	16	1	True	1	0	0.0	False			RNA-Seq|TRANSCRIPTOMIC|cDNA	bulk RNA-seq
PRJNA961723	16	16	16	1	True	1	0	0.0	False			RNA-Seq|TRANSCRIPTOMIC SINGLE CELL|cDNA	Drop-seq
PRJNA963167	16	16	16	1	True	1	0	0.0	False			RNA-Seq|TRANSCRIPTOMIC|cDNA	bulk RNA-seq
PRJNA975617	16	16	16	1	True	1	0	0.0	False			RNA-Seq|TRANSCRIPTOMIC SINGLE CELL|cDNA	single nucleus RNA-seq
PRJNA975929	16	16	16	1	True	1	0	0.0	False			RNA-Seq|TRANSCRIPTOMIC|cDNA	bulk RNA-seq
PRJNA977697	16	16	16	1	True	1	3	0.75	False		5.33	RNA-Seq|TRANSCRIPTOMIC|cDNA	bulk RNA-seq
PRJNA982833	16	16	16	1	True	1	0	0.0	False			RNA-Seq|TRANSCRIPTOMIC|cDNA	TruSeq Stranded mRNA
PRJNA986563	16	16	16	1	True	1	0	0.0	False			RNA-Seq|TRANSCRIPTOMIC|Oligo-dT	bulk RNA-seq
PRJNA998061	16	16	16	1	True	2	0	0.0	False			RNA-Seq|OTHER|cDNA;RNA-Seq|TRANSCRIPTOMIC SINGLE CELL|cDNA	10x Genomics Chromium
PRJDB13497	15	15	15	1	True	1	0	0.0	False			RNA-Seq|TRANSCRIPTOMIC|cDNA_oligo_dT	bulk RNA-seq
PRJDB35988	15	15	15	1	True	1	0	0.0	False			RNA-Seq|TRANSCRIPTOMIC|cDNA	bulk RNA-seq
PRJDB36936	15	15	15	1	True	1	2	0.667	False		7.5	RNA-Seq|TRANSCRIPTOMIC|PolyA	bulk RNA-seq
PRJDB41237	15	15	15	1	True	1	0	0.0	False			RNA-Seq|TRANSCRIPTOMIC|RT-PCR	bulk RNA-seq
PRJEB111583	15	15	15	1	True	1	0	0.0	False			ATAC-seq|GENOMIC|other	bulk RNA-seq
PRJEB112741	15	15	15	1	True	1	0	0.0	False			RNA-Seq|TRANSCRIPTOMIC|cDNA	bulk RNA-seq
PRJEB23867	15	15	15	1	True	1	0	0.0	False			RNA-Seq|TRANSCRIPTOMIC|Oligo-dT	TruSeq Stranded mRNA
PRJEB26783	15	15	180	12	False	1	0	0.0	False			RNA-Seq|TRANSCRIPTOMIC|RT-PCR	TruSeq Stranded mRNA
PRJEB33941	15	15	30	2	False	1	0	0.0	False			RNA-Seq|TRANSCRIPTOMIC SINGLE CELL|Oligo-dT	single nucleus RNA-seq
PRJEB40184	15	15	15	1	True	1	0	0.0	False			RNA-Seq|TRANSCRIPTOMIC|Oligo-dT	TruSeq Stranded mRNA
PRJEB49477	15	15	60	4	False	1	0	0.0	False			ssRNA-seq|TRANSCRIPTOMIC SINGLE CELL|PolyA	bulk RNA-seq
PRJEB64800	15	15	15	1	True	1	0	0.0	False			RNA-Seq|TRANSCRIPTOMIC|PolyA	bulk RNA-seq
PRJEB81501	15	15	15	1	True	1	0	0.0	False			RNA-Seq|TRANSCRIPTOMIC|cDNA	TruSeq Stranded mRNA
PRJEB87284	15	15	15	1	True	1	15	1.0	False		1.0	RNA-Seq|TRANSCRIPTOMIC|PolyA	bulk RNA-seq
PRJEB91185	15	15	15	1	True	1	0	0.0	False			RNA-Seq|TRANSCRIPTOMIC|cDNA	bulk RNA-seq
PRJEB93873	15	15	15	1	True	1	0	0.0	False			RNA-Seq|TRANSCRIPTOMIC|unspecified	bulk RNA-seq
PRJNA1019777	15	15	15	1	True	1	0	0.0	False			RNA-Seq|TRANSCRIPTOMIC|cDNA	bulk RNA-seq
PRJNA1021690	15	15	15	1	True	1	0	0.0	False			RNA-Seq|TRANSCRIPTOMIC|cDNA	bulk RNA-seq
PRJNA1022482	15	15	15	1	True	1	0	0.0	False			RNA-Seq|TRANSCRIPTOMIC|cDNA	bulk RNA-seq
PRJNA1030083	15	15	15	1	True	2	0	0.0	False			RNA-Seq|TRANSCRIPTOMIC SINGLE CELL|cDNA;RNA-Seq|TRANSCRIPTOMIC|cDNA	bulk RNA-seq
PRJNA1031238	15	15	15	1	True	1	0	0.0	False			RNA-Seq|TRANSCRIPTOMIC|cDNA	bulk RNA-seq
PRJNA1049768	15	15	30	2	False	1	0	0.0	False			RNA-Seq|TRANSCRIPTOMIC SINGLE CELL|cDNA	10x Genomics Chromium
PRJNA1052595	15	15	15	1	True	1	0	0.0	False			RNA-Seq|TRANSCRIPTOMIC|cDNA	bulk RNA-seq
PRJNA1055489	15	15	15	1	True	1	0	0.0	False			RNA-Seq|TRANSCRIPTOMIC|cDNA	bulk RNA-seq
PRJNA1055530	15	15	15	1	True	1	0	0.0	False			RNA-Seq|TRANSCRIPTOMIC|cDNA	bulk RNA-seq
PRJNA1058465	15	15	30	2	False	1	0	0.0	False			RNA-Seq|TRANSCRIPTOMIC|cDNA	bulk RNA-seq
PRJNA1060671	15	15	15	1	True	1	0	0.0	False			RNA-Seq|TRANSCRIPTOMIC|cDNA	bulk RNA-seq
PRJNA1075139	15	15	15	1	True	1	0	0.0	False			RNA-Seq|TRANSCRIPTOMIC|cDNA	bulk RNA-seq
PRJNA1077364	15	15	15	1	True	1	0	0.0	False			RNA-Seq|TRANSCRIPTOMIC|cDNA	single nucleus RNA-seq;bulk RNA-seq
PRJNA1079834	15	15	27	3	False	1	4	0.296	False		3.75	RNA-Seq|TRANSCRIPTOMIC SINGLE CELL|cDNA	10x Genomics Chromium
PRJNA1081424	15	15	60	4	False	1	0	0.0	False			RNA-Seq|TRANSCRIPTOMIC|cDNA	bulk RNA-seq
PRJNA1090786	15	15	15	1	True	1	0	0.0	False			RNA-Seq|TRANSCRIPTOMIC|cDNA	bulk RNA-seq
PRJNA1106841	15	15	15	1	True	1	0	0.0	False			RNA-Seq|TRANSCRIPTOMIC|cDNA	bulk RNA-seq
PRJNA1109376	15	15	30	2	False	1	0	0.0	False			RNA-Seq|TRANSCRIPTOMIC SINGLE CELL|cDNA	bulk RNA-seq
PRJNA1111090	15	15	59	4	False	1	1	1.0	False		15.0	RNA-Seq|TRANSCRIPTOMIC|cDNA	bulk RNA-seq
PRJNA1121926	15	15	15	1	True	1	3	0.2	False		5.0	RNA-Seq|TRANSCRIPTOMIC|cDNA	bulk RNA-seq
PRJNA1130621	15	15	30	2	False	1	0	0.0	False			RNA-Seq|TRANSCRIPTOMIC|cDNA	bulk RNA-seq
PRJNA1134750	15	15	15	1	True	1	0	0.0	False			RNA-Seq|TRANSCRIPTOMIC|cDNA	bulk RNA-seq
PRJNA1139319	15	15	15	1	True	1	0	0.0	False			RNA-Seq|TRANSCRIPTOMIC|cDNA	bulk RNA-seq
PRJNA1142611	15	15	15	1	True	1	0	0.0	False			RNA-Seq|TRANSCRIPTOMIC|cDNA	bulk RNA-seq
PRJNA1150621	15	15	15	1	True	1	0	0.0	False			RNA-Seq|TRANSCRIPTOMIC|cDNA	bulk RNA-seq
PRJNA1155219	15	15	15	1	True	1	0	0.0	False			RNA-Seq|TRANSCRIPTOMIC|cDNA	bulk RNA-seq
PRJNA1156936	15	15	15	1	True	1	2	0.4	False		7.5	RNA-Seq|TRANSCRIPTOMIC|Oligo-dT	TruSeq Stranded mRNA
PRJNA1167900	15	15	15	1	True	1	0	0.0	False			RNA-Seq|TRANSCRIPTOMIC|PolyA	bulk RNA-seq
PRJNA1181923	15	15	15	1	True	1	2	0.8	False		7.5	RNA-Seq|TRANSCRIPTOMIC|Oligo-dT	bulk RNA-seq
PRJNA1193581	15	15	60	4	False	3	0	0.0	False			OTHER|OTHER|other;OTHER|TRANSCRIPTOMIC|other;RNA-Seq|TRANSCRIPTOMIC SINGLE CELL|cDNA	bulk RNA-seq
PRJNA1193632	15	15	15	1	True	1	0	0.0	False			RNA-Seq|TRANSCRIPTOMIC|cDNA	bulk RNA-seq
PRJNA1211638	15	15	15	1	True	1	0	0.0	False			RNA-Seq|TRANSCRIPTOMIC|cDNA	bulk RNA-seq
PRJNA1215432	15	15	15	1	True	1	0	0.0	False			RNA-Seq|TRANSCRIPTOMIC|cDNA	bulk RNA-seq
PRJNA1220578	15	15	15	1	True	1	0	0.0	False			RNA-Seq|TRANSCRIPTOMIC|cDNA	bulk RNA-seq
PRJNA1221270	15	15	15	1	True	1	0	0.0	False			RNA-Seq|TRANSCRIPTOMIC|cDNA	bulk RNA-seq
PRJNA1228015	15	15	15	1	True	1	1	1.0	False		15.0	RNA-Seq|TRANSCRIPTOMIC|cDNA	bulk RNA-seq
PRJNA1248486	15	15	15	1	True	1	5	1.0	False		3.0	RNA-Seq|TRANSCRIPTOMIC|cDNA	bulk RNA-seq
PRJNA1254272	15	15	15	1	True	1	0	0.0	False			RNA-Seq|TRANSCRIPTOMIC SINGLE CELL|cDNA	Parse Biosciences
PRJNA1255518	15	15	15	1	True	1	0	0.0	False			RNA-Seq|TRANSCRIPTOMIC|cDNA	bulk RNA-seq
PRJNA1257824	15	15	15	1	True	1	0	0.0	False			RNA-Seq|TRANSCRIPTOMIC|cDNA	bulk RNA-seq
PRJNA1268879	15	15	15	1	True	1	0	0.0	False			Hi-C|GENOMIC|other	single nucleus RNA-seq
PRJNA1272610	15	15	15	1	True	1	0	0.0	False			RNA-Seq|TRANSCRIPTOMIC|cDNA	bulk RNA-seq
PRJNA1280181	15	15	15	1	True	1	0	0.0	False			RNA-Seq|TRANSCRIPTOMIC|cDNA	bulk RNA-seq
PRJNA1297615	15	15	15	1	True	1	0	0.0	False			RNA-Seq|TRANSCRIPTOMIC|cDNA	bulk RNA-seq
PRJNA1303229	15	15	15	1	True	1	0	0.0	False			RNA-Seq|TRANSCRIPTOMIC|PolyA	bulk RNA-seq
PRJNA1303858	15	15	15	1	True	2	0	0.0	False			RNA-Seq|TRANSCRIPTOMIC SINGLE CELL|PolyA;RNA-Seq|TRANSCRIPTOMIC|PolyA	bulk RNA-seq
PRJNA1304555	15	15	15	1	True	1	0	0.0	False			RNA-Seq|TRANSCRIPTOMIC|cDNA	bulk RNA-seq
PRJNA1306671	15	15	15	1	True	1	0	0.0	False			RNA-Seq|TRANSCRIPTOMIC|cDNA	bulk RNA-seq
PRJNA1307311	15	15	15	1	True	1	0	0.0	False			RNA-Seq|TRANSCRIPTOMIC|cDNA	bulk RNA-seq
PRJNA1315043	15	15	15	1	True	1	0	0.0	False			RNA-Seq|TRANSCRIPTOMIC|cDNA	bulk RNA-seq
PRJNA1365249	15	15	15	1	True	1	0	0.0	False			RNA-Seq|TRANSCRIPTOMIC|cDNA	bulk RNA-seq
PRJNA1365793	15	15	15	1	True	1	0	0.0	False			RNA-Seq|TRANSCRIPTOMIC SINGLE CELL|cDNA	10x Genomics Chromium
PRJNA1373567	15	15	15	1	True	1	0	0.0	False			RNA-Seq|TRANSCRIPTOMIC|cDNA	bulk RNA-seq
PRJNA1390993	15	15	15	1	True	1	0	0.0	False			RNA-Seq|TRANSCRIPTOMIC|cDNA	bulk RNA-seq
PRJNA1395474	15	15	15	1	True	1	0	0.0	False			RNA-Seq|TRANSCRIPTOMIC|cDNA	bulk RNA-seq
PRJNA1423618	15	15	15	1	True	1	0	0.0	False			RNA-Seq|TRANSCRIPTOMIC SINGLE CELL|cDNA	BD Rhapsody
PRJNA1434475	15	15	15	1	True	1	0	0.0	False			RNA-Seq|TRANSCRIPTOMIC|cDNA	bulk RNA-seq
PRJNA1436547	15	15	15	1	True	1	2	0.533	False		7.5	RNA-Seq|TRANSCRIPTOMIC|cDNA	bulk RNA-seq
PRJNA1438147	15	15	15	1	True	1	0	0.0	False			RNA-Seq|TRANSCRIPTOMIC|cDNA	bulk RNA-seq
PRJNA1454770	15	15	15	1	True	1	0	0.0	False			RNA-Seq|TRANSCRIPTOMIC|cDNA	TruSeq Stranded mRNA
PRJNA1468540	15	15	15	1	True	1	0	0.0	False			RNA-Seq|TRANSCRIPTOMIC|cDNA	bulk RNA-seq
PRJNA1490700	15	15	15	1	True	1	0	0.0	False			RNA-Seq|TRANSCRIPTOMIC|cDNA	bulk RNA-seq
PRJNA1499179	15	15	15	1	True	1	0	0.0	False			RNA-Seq|TRANSCRIPTOMIC|cDNA	bulk RNA-seq
PRJNA287970	15	15	15	1	True	1	2	0.4	False		7.5	RNA-Seq|TRANSCRIPTOMIC|cDNA	bulk RNA-seq
PRJNA292085	15	15	15	1	True	1	6	0.6	False		2.5	RNA-Seq|TRANSCRIPTOMIC|cDNA	TruSeq Stranded mRNA
PRJNA310601	15	15	15	1	True	1	0	0.0	False			RNA-Seq|TRANSCRIPTOMIC|cDNA	TruSeq Stranded mRNA
PRJNA318908	15	15	30	2	False	1	0	0.0	False			RNA-Seq|TRANSCRIPTOMIC|cDNA	TruSeq Stranded mRNA
PRJNA430237	15	15	60	4	False	1	1	1.0	False		15.0	RNA-Seq|TRANSCRIPTOMIC|cDNA	Drop-seq
PRJNA430954	15	15	15	1	True	1	0	0.0	False			RNA-Seq|TRANSCRIPTOMIC|cDNA	TruSeq Stranded mRNA
PRJNA453957	15	15	15	1	True	1	0	0.0	False			RNA-Seq|TRANSCRIPTOMIC|cDNA	bulk RNA-seq
PRJNA488663	15	15	15	1	True	1	1	0.2	False		15.0	RNA-Seq|TRANSCRIPTOMIC|cDNA	bulk RNA-seq
PRJNA495013	15	15	15	1	True	1	3	0.6	False		5.0	RNA-Seq|TRANSCRIPTOMIC|cDNA	TruSeq Stranded mRNA
PRJNA505178	15	15	15	1	True	1	2	0.533	False		7.5	RNA-Seq|TRANSCRIPTOMIC|cDNA	bulk RNA-seq
PRJNA524625	15	15	15	1	True	1	2	1.0	False		7.5	RNA-Seq|TRANSCRIPTOMIC|cDNA	bulk RNA-seq
PRJNA532601	15	15	15	1	True	1	1	0.333	False		15.0	RNA-Seq|TRANSCRIPTOMIC|cDNA	Drop-seq
PRJNA551749	15	15	15	1	True	1	0	0.0	False			RNA-Seq|TRANSCRIPTOMIC|cDNA	single nucleus RNA-seq
PRJNA556427	15	15	18	2	False	1	0	0.0	False			RNA-Seq|TRANSCRIPTOMIC|cDNA	bulk RNA-seq
PRJNA606503	15	15	15	1	True	1	0	0.0	False			RNA-Seq|TRANSCRIPTOMIC|cDNA	bulk RNA-seq
PRJNA607959	15	15	15	1	True	1	0	0.0	False			RNA-Seq|TRANSCRIPTOMIC|cDNA	bulk RNA-seq
PRJNA627602	15	15	20	2	False	1	0	0.0	False			RNA-Seq|TRANSCRIPTOMIC|cDNA	bulk RNA-seq
PRJNA636879	15	15	15	1	True	1	0	0.0	False			RNA-Seq|TRANSCRIPTOMIC|RANDOM	TruSeq Stranded mRNA
PRJNA638393	15	15	15	1	True	1	0	0.0	False			RNA-Seq|TRANSCRIPTOMIC|cDNA	bulk RNA-seq
PRJNA648946	15	15	15	1	True	1	0	0.0	False			RNA-Seq|TRANSCRIPTOMIC|cDNA	bulk RNA-seq
PRJNA655943	15	15	30	2	False	1	0	0.0	False			RNA-Seq|TRANSCRIPTOMIC|cDNA	bulk RNA-seq
PRJNA661338	15	15	15	1	True	1	0	0.0	False			ATAC-seq|GENOMIC|other	bulk RNA-seq
PRJNA662949	15	15	15	1	True	1	0	0.0	False			RNA-Seq|TRANSCRIPTOMIC|cDNA	TruSeq Stranded mRNA
PRJNA665268	15	15	15	1	True	1	0	0.0	False			RNA-Seq|TRANSCRIPTOMIC|cDNA	bulk RNA-seq
PRJNA672685	15	15	15	1	True	1	0	0.0	False			RNA-Seq|TRANSCRIPTOMIC|cDNA	bulk RNA-seq
PRJNA680306	15	15	15	1	True	1	0	0.0	False			RNA-Seq|TRANSCRIPTOMIC|cDNA	bulk RNA-seq
PRJNA682629	15	15	33	3	False	1	1	0.212	False		15.0	RNA-Seq|TRANSCRIPTOMIC|cDNA	bulk RNA-seq
PRJNA701912	15	15	15	1	True	1	3	1.0	False		5.0	RNA-Seq|TRANSCRIPTOMIC|cDNA	TruSeq Stranded mRNA
PRJNA701913	15	15	15	1	True	1	0	0.0	False			RNA-Seq|TRANSCRIPTOMIC|cDNA	TruSeq Stranded mRNA
PRJNA731188	15	15	15	1	True	1	1	0.8	False		15.0	RNA-Seq|TRANSCRIPTOMIC|PolyA	bulk RNA-seq
PRJNA732787	15	15	15	1	True	1	0	0.0	False			RNA-Seq|TRANSCRIPTOMIC|cDNA	bulk RNA-seq
PRJNA742365	15	15	15	1	True	1	0	0.0	False			RNA-Seq|TRANSCRIPTOMIC|cDNA	bulk RNA-seq
PRJNA752052	15	15	15	1	True	2	0	0.0	False			OTHER|TRANSCRIPTOMIC|other;RNA-Seq|TRANSCRIPTOMIC|cDNA	10x Genomics Chromium
PRJNA755320	15	15	15	1	True	1	0	0.0	False			RNA-Seq|TRANSCRIPTOMIC|cDNA	bulk RNA-seq
PRJNA759246	15	15	60	4	False	1	0	0.0	False			RNA-Seq|TRANSCRIPTOMIC|cDNA	bulk RNA-seq
PRJNA763400	15	15	15	1	True	1	0	0.0	False			RNA-Seq|TRANSCRIPTOMIC|cDNA	TruSeq Stranded mRNA
PRJNA795485	15	15	15	1	True	1	0	0.0	False			RNA-Seq|TRANSCRIPTOMIC|cDNA	bulk RNA-seq
PRJNA803033	15	15	15	1	True	1	0	0.0	False			RNA-Seq|TRANSCRIPTOMIC|cDNA	TruSeq Stranded mRNA
PRJNA807676	15	15	30	2	False	1	0	0.0	False			RNA-Seq|TRANSCRIPTOMIC|cDNA	bulk RNA-seq
PRJNA814714	15	15	15	1	True	1	0	0.0	False			RNA-Seq|TRANSCRIPTOMIC|cDNA	bulk RNA-seq
PRJNA815304	15	15	15	1	True	1	0	0.0	False			RNA-Seq|TRANSCRIPTOMIC|cDNA	bulk RNA-seq
PRJNA816832	15	15	15	1	True	1	0	0.0	False			RNA-Seq|TRANSCRIPTOMIC|cDNA	bulk RNA-seq
PRJNA818895	15	15	15	1	True	1	0	0.0	False			RNA-Seq|TRANSCRIPTOMIC|cDNA	bulk RNA-seq
PRJNA835464	15	15	60	4	False	1	0	0.0	False			RNA-Seq|TRANSCRIPTOMIC|cDNA	bulk RNA-seq
PRJNA837576	15	15	15	1	True	1	0	0.0	False			RNA-Seq|TRANSCRIPTOMIC|cDNA	bulk RNA-seq
PRJNA840921	15	15	15	1	True	1	0	0.0	False			RNA-Seq|TRANSCRIPTOMIC|cDNA	bulk RNA-seq
PRJNA842666	15	15	15	1	True	1	5	1.0	False		3.0	RNA-Seq|TRANSCRIPTOMIC|cDNA	bulk RNA-seq
PRJNA845215	15	15	15	1	True	1	0	0.0	False			RNA-Seq|TRANSCRIPTOMIC|cDNA	bulk RNA-seq
PRJNA845528	15	15	15	1	True	1	4	0.8	False		3.75	RNA-Seq|TRANSCRIPTOMIC|cDNA	bulk RNA-seq
PRJNA853187	15	15	15	1	True	1	4	0.467	False		3.75	RNA-Seq|TRANSCRIPTOMIC|cDNA	bulk RNA-seq
PRJNA874422	15	15	19	2	False	1	0	0.0	False			RNA-Seq|TRANSCRIPTOMIC|cDNA	bulk RNA-seq
PRJNA875287	15	15	15	1	True	1	0	0.0	False			RNA-Seq|TRANSCRIPTOMIC|cDNA	bulk RNA-seq
PRJNA885091	15	15	15	1	True	1	0	0.0	False			RNA-Seq|TRANSCRIPTOMIC SINGLE CELL|cDNA	SPLiT-seq
PRJNA885501	15	15	15	1	True	1	0	0.0	False			RNA-Seq|TRANSCRIPTOMIC|cDNA	bulk RNA-seq
PRJNA896568	15	15	17	2	False	1	0	0.0	False			RNA-Seq|TRANSCRIPTOMIC|cDNA	bulk RNA-seq
PRJNA899099	15	15	15	1	True	1	0	0.0	False			RNA-Seq|TRANSCRIPTOMIC SINGLE CELL|cDNA	single nucleus RNA-seq
PRJNA916895	15	15	15	1	True	1	0	0.0	False			RNA-Seq|TRANSCRIPTOMIC|cDNA	bulk RNA-seq
PRJNA932234	15	15	15	1	True	1	0	0.0	False			RNA-Seq|TRANSCRIPTOMIC|cDNA	bulk RNA-seq
PRJNA937648	15	15	15	1	True	1	0	0.0	False			RNA-Seq|TRANSCRIPTOMIC|cDNA	bulk RNA-seq
PRJNA940416	15	15	15	1	True	1	0	0.0	False			RNA-Seq|TRANSCRIPTOMIC|cDNA	bulk RNA-seq
PRJNA952224	15	15	15	1	True	1	0	0.0	False			RNA-Seq|TRANSCRIPTOMIC|cDNA	bulk RNA-seq
PRJNA954783	15	15	15	1	True	1	0	0.0	False			RNA-Seq|TRANSCRIPTOMIC|cDNA	bulk RNA-seq
PRJNA974034	15	15	15	1	True	1	0	0.0	False			RNA-Seq|TRANSCRIPTOMIC|cDNA	bulk RNA-seq
PRJNA978615	15	15	15	1	True	1	0	0.0	False			RNA-Seq|TRANSCRIPTOMIC SINGLE CELL|cDNA	10x Genomics Chromium
PRJNA980730	15	15	15	1	True	1	0	0.0	False			RNA-Seq|TRANSCRIPTOMIC|cDNA	bulk RNA-seq
PRJNA986917	15	15	15	1	True	1	0	0.0	False			RNA-Seq|TRANSCRIPTOMIC|cDNA	bulk RNA-seq
PRJNA987525	15	15	15	1	True	1	0	0.0	False			RNA-Seq|TRANSCRIPTOMIC|cDNA	bulk RNA-seq
PRJNA989648	15	15	15	1	True	1	0	0.0	False			RNA-Seq|TRANSCRIPTOMIC|cDNA	bulk RNA-seq
PRJNA991432	15	15	15	1	True	1	0	0.0	False			RNA-Seq|TRANSCRIPTOMIC|cDNA	bulk RNA-seq
PRJNA991539	15	15	15	1	True	1	0	0.0	False			RNA-Seq|TRANSCRIPTOMIC|cDNA	bulk RNA-seq
PRJNA993151	15	15	15	1	True	1	0	0.0	False			RNA-Seq|TRANSCRIPTOMIC|cDNA	bulk RNA-seq
PRJNA993709	15	15	30	2	False	1	0	0.0	False			RNA-Seq|TRANSCRIPTOMIC|cDNA	bulk RNA-seq
PRJDB18034	14	14	14	1	True	2	0	0.0	False			RNA-Seq|TRANSCRIPTOMIC|Oligo-dT;RNA-Seq|TRANSCRIPTOMIC|other	bulk RNA-seq
PRJEB39543	14	14	208	16	False	1	3	0.346	False		4.67	ssRNA-seq|TRANSCRIPTOMIC SINGLE CELL|PolyA	10x Genomics Chromium
PRJEB43331	14	14	14	1	True	1	3	0.429	False		4.67	RNA-Seq|TRANSCRIPTOMIC|Inverse rRNA	bulk RNA-seq
PRJEB48152	14	14	14	1	True	1	0	0.0	False			RNA-Seq|TRANSCRIPTOMIC|Oligo-dT	bulk RNA-seq
PRJEB48604	14	14	14	1	True	1	0	0.0	False			RNA-Seq|TRANSCRIPTOMIC|PolyA	TruSeq Stranded mRNA
PRJEB61287	14	14	14	1	True	1	0	0.0	False			RNA-Seq|TRANSCRIPTOMIC SINGLE CELL|PolyA	10x Genomics Chromium
PRJEB77815	14	14	14	1	True	1	4	0.857	False		3.5	RNA-Seq|TRANSCRIPTOMIC|Oligo-dT	bulk RNA-seq
PRJNA1015691	14	14	14	1	True	1	0	0.0	False			RNA-Seq|TRANSCRIPTOMIC|cDNA	bulk RNA-seq
PRJNA1019659	14	14	14	1	True	1	0	0.0	False			RNA-Seq|TRANSCRIPTOMIC|cDNA	bulk RNA-seq
PRJNA1020812	14	14	26	4	False	1	0	0.0	False			RNA-Seq|TRANSCRIPTOMIC|cDNA	bulk RNA-seq
PRJNA1021744	14	14	14	1	True	1	0	0.0	False			RNA-Seq|TRANSCRIPTOMIC|cDNA	bulk RNA-seq
PRJNA1028278	14	14	14	1	True	1	1	0.143	False		14.0	RNA-Seq|GENOMIC|cDNA	bulk RNA-seq
PRJNA1051068	14	14	14	1	True	1	0	0.0	False			RNA-Seq|TRANSCRIPTOMIC|cDNA	bulk RNA-seq
PRJNA1058988	14	14	14	1	True	1	0	0.0	False			RNA-Seq|TRANSCRIPTOMIC|cDNA	bulk RNA-seq
PRJNA1083029	14	14	14	1	True	1	0	0.0	False			RNA-Seq|TRANSCRIPTOMIC|cDNA	bulk RNA-seq
PRJNA1100523	14	14	26	4	False	1	2	0.692	False		7.0	RNA-Seq|TRANSCRIPTOMIC SINGLE CELL|cDNA	10x Genomics Chromium
PRJNA1101001	14	14	14	1	True	1	0	0.0	False			RNA-Seq|TRANSCRIPTOMIC|cDNA	bulk RNA-seq
PRJNA1102383	14	14	14	1	True	1	0	0.0	False			RNA-Seq|TRANSCRIPTOMIC|cDNA	bulk RNA-seq
PRJNA1111050	14	14	14	1	True	1	0	0.0	False			RNA-Seq|TRANSCRIPTOMIC|cDNA	bulk RNA-seq
PRJNA1113626	14	14	28	2	False	1	0	0.0	False			RNA-Seq|TRANSCRIPTOMIC|cDNA	bulk RNA-seq
PRJNA1123289	14	14	14	1	True	1	4	1.0	False		3.5	RNA-Seq|TRANSCRIPTOMIC|cDNA	bulk RNA-seq
PRJNA1126154	14	14	34	4	False	1	0	0.0	False			RNA-Seq|TRANSCRIPTOMIC SINGLE CELL|cDNA	single nucleus RNA-seq
PRJNA1130035	14	14	14	1	True	1	0	0.0	False			RNA-Seq|TRANSCRIPTOMIC|cDNA	bulk RNA-seq
PRJNA1136019	14	14	14	1	True	1	0	0.0	False			ATAC-seq|GENOMIC|other	bulk RNA-seq
PRJNA1140261	14	14	14	1	True	1	0	0.0	False			RNA-Seq|TRANSCRIPTOMIC|cDNA	bulk RNA-seq
PRJNA1145434	14	14	14	1	True	1	1	1.0	False		14.0	RNA-Seq|TRANSCRIPTOMIC|cDNA	TruSeq Stranded mRNA
PRJNA1161395	14	14	14	1	True	1	0	0.0	False			RNA-Seq|TRANSCRIPTOMIC|cDNA	bulk RNA-seq
PRJNA1165764	14	14	14	1	True	1	0	0.0	False			RNA-Seq|TRANSCRIPTOMIC|cDNA	bulk RNA-seq
PRJNA1165765	14	14	14	1	True	1	4	0.571	False		3.5	RNA-Seq|TRANSCRIPTOMIC SINGLE CELL|cDNA	10x Genomics Chromium
PRJNA1179499	14	14	14	1	True	1	0	0.0	False			RNA-Seq|TRANSCRIPTOMIC|cDNA	bulk RNA-seq
PRJNA1185781	14	14	14	1	True	1	0	0.0	False			RNA-Seq|TRANSCRIPTOMIC|cDNA	bulk RNA-seq
PRJNA1193558	14	14	14	1	True	2	3	0.429	False		4.67	OTHER|TRANSCRIPTOMIC|other;RNA-Seq|TRANSCRIPTOMIC SINGLE CELL|cDNA	10x Genomics Chromium
PRJNA1206194	14	14	14	1	True	1	0	0.0	False			RNA-Seq|TRANSCRIPTOMIC SINGLE CELL|cDNA	Parse Biosciences
PRJNA1216275	14	14	15	2	False	1	0	0.0	False			RNA-Seq|TRANSCRIPTOMIC|cDNA	bulk RNA-seq
PRJNA1216304	14	14	14	1	True	1	0	0.0	False			RNA-Seq|TRANSCRIPTOMIC|cDNA	bulk RNA-seq
PRJNA1218445	14	14	87	10	False	2	0	0.0	False			OTHER|TRANSCRIPTOMIC|other;RNA-Seq|TRANSCRIPTOMIC SINGLE CELL|cDNA	BD Rhapsody
PRJNA1221534	14	14	14	1	True	1	0	0.0	False			RNA-Seq|TRANSCRIPTOMIC|cDNA	TruSeq Stranded mRNA
PRJNA1234191	14	14	14	1	True	1	4	0.5	False		3.5	RNA-Seq|TRANSCRIPTOMIC|cDNA	bulk RNA-seq
PRJNA1241693	14	14	14	1	True	1	0	0.0	False			RNA-Seq|TRANSCRIPTOMIC|cDNA	bulk RNA-seq
PRJNA1251589	14	14	33	3	False	1	0	0.0	False			RNA-Seq|TRANSCRIPTOMIC SINGLE CELL|cDNA	single nucleus RNA-seq
PRJNA1262485	14	14	14	1	True	1	0	0.0	False			RNA-Seq|TRANSCRIPTOMIC|cDNA	bulk RNA-seq
PRJNA1263606	14	14	14	1	True	1	0	0.0	False			RNA-Seq|TRANSCRIPTOMIC|cDNA	bulk RNA-seq
PRJNA1266726	14	14	14	1	True	1	0	0.0	False			RNA-Seq|TRANSCRIPTOMIC|cDNA	bulk RNA-seq
PRJNA1266962	14	14	14	1	True	1	0	0.0	False			RNA-Seq|TRANSCRIPTOMIC|cDNA	bulk RNA-seq
PRJNA1271778	14	14	14	1	True	1	0	0.0	False			OTHER|GENOMIC|other	10x Genomics Chromium
PRJNA1272070	14	14	14	1	True	1	0	0.0	False			RNA-Seq|TRANSCRIPTOMIC|cDNA	bulk RNA-seq
PRJNA1292123	14	14	14	1	True	1	0	0.0	False			RNA-Seq|TRANSCRIPTOMIC|cDNA	bulk RNA-seq
PRJNA1293954	14	14	14	1	True	1	0	0.0	False			RNA-Seq|TRANSCRIPTOMIC SINGLE CELL|cDNA	Drop-seq
PRJNA1301565	14	14	14	1	True	1	3	0.929	False		4.67	RNA-Seq|TRANSCRIPTOMIC|Oligo-dT	bulk RNA-seq
PRJNA1308451	14	14	14	1	True	2	3	0.214	False		4.67	RNA-Seq|TRANSCRIPTOMIC|PolyA;WGS|GENOMIC|RANDOM	bulk RNA-seq
PRJNA1321881	14	14	14	1	True	1	0	0.0	False			RNA-Seq|TRANSCRIPTOMIC|cDNA	bulk RNA-seq
PRJNA1330028	14	14	14	1	True	1	0	0.0	False			RNA-Seq|TRANSCRIPTOMIC|cDNA	bulk RNA-seq
PRJNA1330156	14	14	28	2	False	1	0	0.0	False			RNA-Seq|TRANSCRIPTOMIC SINGLE CELL|cDNA	10x Genomics Chromium;single nucleus RNA-seq
PRJNA1336006	14	14	21	3	False	2	0	0.0	False			OTHER|TRANSCRIPTOMIC|other;RNA-Seq|TRANSCRIPTOMIC SINGLE CELL|cDNA	10x Genomics Chromium
PRJNA1367601	14	14	14	1	True	1	0	0.0	False			OTHER|GENOMIC|other	bulk RNA-seq
PRJNA1369606	14	14	14	1	True	1	0	0.0	False			RNA-Seq|TRANSCRIPTOMIC|cDNA	bulk RNA-seq
PRJNA1378077	14	14	14	1	True	1	0	0.0	False			RNA-Seq|TRANSCRIPTOMIC|cDNA	bulk RNA-seq
PRJNA1391008	14	14	14	1	True	1	0	0.0	False			RNA-Seq|TRANSCRIPTOMIC|cDNA	bulk RNA-seq
PRJNA1402139	14	14	14	1	True	1	0	0.0	False			RNA-Seq|TRANSCRIPTOMIC|cDNA	bulk RNA-seq
PRJNA1414663	14	14	14	1	True	1	0	0.0	False			RNA-Seq|TRANSCRIPTOMIC|cDNA	bulk RNA-seq
PRJNA1423278	14	14	14	1	True	1	0	0.0	False			RNA-Seq|TRANSCRIPTOMIC|cDNA	bulk RNA-seq
PRJNA1438204	14	14	14	1	True	1	0	0.0	False			RNA-Seq|TRANSCRIPTOMIC SINGLE CELL|cDNA	10x Genomics Chromium
PRJNA1442706	14	14	14	1	True	3	2	1.0	False		7.0	ATAC-seq|TRANSCRIPTOMIC SINGLE CELL|other;RNA-Seq|TRANSCRIPTOMIC SINGLE CELL|cDNA;RNA-Seq|TRANSCRIPTOMIC|cDNA	bulk RNA-seq
PRJNA1450587	14	14	14	1	True	1	0	0.0	False			RNA-Seq|TRANSCRIPTOMIC|cDNA	bulk RNA-seq
PRJNA1482132	14	14	14	1	True	1	0	0.0	False			RNA-Seq|TRANSCRIPTOMIC|cDNA	bulk RNA-seq
PRJNA325325	14	14	14	1	True	1	0	0.0	False			RNA-Seq|TRANSCRIPTOMIC|cDNA	TruSeq Stranded mRNA
PRJNA357683	14	14	14	1	True	1	0	0.0	False			RNA-Seq|TRANSCRIPTOMIC|cDNA	TruSeq Stranded mRNA
PRJNA438501	14	14	14	1	True	1	3	0.786	False		4.67	RNA-Seq|TRANSCRIPTOMIC|cDNA	TruSeq Stranded mRNA
PRJNA475131	14	14	14	1	True	1	0	0.0	False			RNA-Seq|TRANSCRIPTOMIC|cDNA	Drop-seq
PRJNA487317	14	14	14	1	True	1	0	0.0	False			RNA-Seq|TRANSCRIPTOMIC|cDNA	Drop-seq
PRJNA492299	14	14	14	1	True	1	0	0.0	False			RNA-Seq|TRANSCRIPTOMIC|cDNA	TruSeq Stranded mRNA
PRJNA560646	14	14	176	24	False	1	0	0.0	False			RNA-Seq|TRANSCRIPTOMIC|cDNA	10x Genomics Chromium
PRJNA573954	14	14	14	1	True	1	0	0.0	False			RNA-Seq|TRANSCRIPTOMIC|cDNA	bulk RNA-seq
PRJNA588453	14	14	14	1	True	1	0	0.0	False			RNA-Seq|TRANSCRIPTOMIC|cDNA	bulk RNA-seq
PRJNA608912	14	14	56	4	False	1	0	0.0	False			RNA-Seq|TRANSCRIPTOMIC|cDNA	10x Genomics Chromium
PRJNA612725	14	14	14	1	True	1	0	0.0	False			RNA-Seq|TRANSCRIPTOMIC|cDNA	polyA selected RNA-seq
PRJNA677826	14	14	14	1	True	1	0	0.0	False			RNA-Seq|TRANSCRIPTOMIC|cDNA	bulk RNA-seq
PRJNA679285	14	14	14	1	True	1	0	0.0	False			RNA-Seq|TRANSCRIPTOMIC|cDNA	bulk RNA-seq
PRJNA692373	14	14	14	1	True	1	0	0.0	False			RNA-Seq|TRANSCRIPTOMIC|cDNA	polyA selected RNA-seq
PRJNA706505	14	14	32	4	False	2	0	0.0	False			ATAC-seq|GENOMIC|other;RNA-Seq|TRANSCRIPTOMIC|cDNA	bulk RNA-seq
PRJNA715582	14	14	16	2	False	1	0	0.0	False			RNA-Seq|TRANSCRIPTOMIC|cDNA	bulk RNA-seq
PRJNA734482	14	14	14	1	True	1	0	0.0	False			RNA-Seq|TRANSCRIPTOMIC|RT-PCR	bulk RNA-seq
PRJNA741993	14	14	28	2	False	1	0	0.0	False			RNA-Seq|TRANSCRIPTOMIC|cDNA	bulk RNA-seq
PRJNA759181	14	14	14	1	True	1	0	0.0	False			RNA-Seq|TRANSCRIPTOMIC|cDNA	single nucleus RNA-seq
PRJNA762311	14	14	14	1	True	1	2	0.714	False		7.0	RNA-Seq|TRANSCRIPTOMIC|cDNA	bulk RNA-seq
PRJNA789577	14	14	24	2	False	1	0	0.0	False			RNA-Seq|TRANSCRIPTOMIC|cDNA	bulk RNA-seq
PRJNA795772	14	14	60	8	False	2	6	1.0	False		2.33	ATAC-seq|TRANSCRIPTOMIC|other;RNA-Seq|TRANSCRIPTOMIC|cDNA	10x Genomics Chromium
PRJNA795988	14	14	14	1	True	1	0	0.0	False			RNA-Seq|TRANSCRIPTOMIC|cDNA	bulk RNA-seq
PRJNA800409	14	14	14	1	True	1	0	0.0	False			RNA-Seq|TRANSCRIPTOMIC|cDNA	bulk RNA-seq
PRJNA802023	14	14	14	1	True	1	1	0.286	False		14.0	RNA-Seq|TRANSCRIPTOMIC|cDNA	bulk RNA-seq
PRJNA802660	14	14	14	1	True	1	4	0.571	False		3.5	ChIP-Seq|GENOMIC|ChIP	bulk RNA-seq
PRJNA802670	14	14	14	1	True	1	0	0.0	False			RNA-Seq|TRANSCRIPTOMIC|cDNA	bulk RNA-seq
PRJNA804532	14	14	14	1	True	1	0	0.0	False			RNA-Seq|TRANSCRIPTOMIC|cDNA	10x Genomics Chromium;bulk RNA-seq
PRJNA810432	14	14	14	1	True	1	0	0.0	False			RNA-Seq|TRANSCRIPTOMIC|cDNA	bulk RNA-seq
PRJNA813635	14	14	14	1	True	1	0	0.0	False			RNA-Seq|TRANSCRIPTOMIC|cDNA	bulk RNA-seq
PRJNA814700	14	14	14	1	True	1	0	0.0	False			RNA-Seq|TRANSCRIPTOMIC|cDNA	bulk RNA-seq
PRJNA818674	14	14	20	4	False	1	0	0.0	False			RNA-Seq|TRANSCRIPTOMIC|cDNA	bulk RNA-seq
PRJNA835465	14	14	56	4	False	1	0	0.0	False			RNA-Seq|TRANSCRIPTOMIC|cDNA	bulk RNA-seq
PRJNA835744	14	14	15	2	False	1	0	0.0	False			RNA-Seq|TRANSCRIPTOMIC SINGLE CELL|cDNA	BD Rhapsody
PRJNA836599	14	14	14	1	True	1	0	0.0	False			RNA-Seq|TRANSCRIPTOMIC|cDNA	bulk RNA-seq
PRJNA858797	14	14	28	2	False	1	0	0.0	False			RNA-Seq|TRANSCRIPTOMIC|cDNA	bulk RNA-seq
PRJNA861257	14	14	19	2	False	1	0	0.0	False			RNA-Seq|TRANSCRIPTOMIC|cDNA	bulk RNA-seq
PRJNA876567	14	14	14	1	True	1	0	0.0	False			RNA-Seq|TRANSCRIPTOMIC|cDNA	bulk RNA-seq
PRJNA879408	14	14	14	1	True	1	0	0.0	False			RNA-Seq|TRANSCRIPTOMIC|cDNA	bulk RNA-seq
PRJNA894955	14	14	56	4	False	1	0	0.0	False			RNA-Seq|TRANSCRIPTOMIC SINGLE CELL|cDNA	Drop-seq
PRJNA901018	14	14	14	1	True	1	0	0.0	False			RNA-Seq|TRANSCRIPTOMIC|cDNA	inDrop
PRJNA914252	14	14	14	1	True	1	0	0.0	False			RNA-Seq|TRANSCRIPTOMIC|cDNA	bulk RNA-seq
PRJNA924750	14	14	28	2	False	2	0	0.0	False			ATAC-seq|GENOMIC|other;RNA-Seq|TRANSCRIPTOMIC SINGLE CELL|cDNA	10x Genomics Chromium
PRJNA929224	14	14	14	1	True	1	0	0.0	False			RNA-Seq|TRANSCRIPTOMIC|cDNA	bulk RNA-seq
PRJNA945403	14	14	14	1	True	1	0	0.0	False			RNA-Seq|TRANSCRIPTOMIC|cDNA	bulk RNA-seq
PRJNA961697	14	14	14	1	True	1	0	0.0	False			RNA-Seq|TRANSCRIPTOMIC|cDNA	bulk RNA-seq
PRJNA962145	14	14	14	1	True	1	0	0.0	False			RNA-Seq|TRANSCRIPTOMIC|cDNA	single nucleus RNA-seq;bulk RNA-seq
PRJNA976677	14	14	14	1	True	1	0	0.0	False			OTHER|TRANSCRIPTOMIC|other	bulk RNA-seq
PRJNA982133	14	14	14	1	True	1	0	0.0	False			RNA-Seq|TRANSCRIPTOMIC|cDNA	bulk RNA-seq
PRJNA989047	14	14	93	16	False	1	2	0.344	False		7.0	RNA-Seq|TRANSCRIPTOMIC SINGLE CELL|cDNA	10x Genomics Chromium
PRJNA996594	14	14	14	1	True	1	1	0.429	False		14.0	RNA-Seq|TRANSCRIPTOMIC|cDNA	bulk RNA-seq
PRJNA998365	14	14	28	2	False	1	0	0.0	False			RNA-Seq|TRANSCRIPTOMIC|cDNA	bulk RNA-seq
PRJDB19215	13	13	13	1	True	2	0	0.0	False			RNA-Seq|TRANSCRIPTOMIC|cDNA;ssRNA-seq|TRANSCRIPTOMIC SINGLE CELL|cDNA	single nucleus RNA-seq;bulk RNA-seq
PRJEB29259	13	13	52	4	False	1	0	0.0	False			ssRNA-seq|TRANSCRIPTOMIC|PolyA	bulk RNA-seq
PRJEB39891	13	13	13	1	True	1	0	0.0	False			ssRNA-seq|TRANSCRIPTOMIC|PolyA	TruSeq Stranded mRNA
PRJEB40989	13	13	26	2	False	1	0	0.0	False			RNA-Seq|TRANSCRIPTOMIC|RANDOM	TruSeq Stranded mRNA
PRJNA1001925	13	13	128	18	False	1	0	0.0	False			RNA-Seq|TRANSCRIPTOMIC|cDNA	bulk RNA-seq
PRJNA1021989	13	13	13	1	True	1	3	0.615	False		4.33	RNA-Seq|TRANSCRIPTOMIC|cDNA	bulk RNA-seq
PRJNA1034556	13	13	13	1	True	1	1	1.0	False		13.0	Hi-C|GENOMIC|other	bulk RNA-seq
PRJNA1036594	13	13	13	1	True	1	0	0.0	False			RNA-Seq|TRANSCRIPTOMIC|cDNA	bulk RNA-seq
PRJNA1065313	13	13	13	1	True	1	0	0.0	False			RNA-Seq|TRANSCRIPTOMIC|cDNA	bulk RNA-seq
PRJNA1065472	13	13	33	5	False	1	0	0.0	False			RNA-Seq|TRANSCRIPTOMIC SINGLE CELL|cDNA	Parse Biosciences
PRJNA1074759	13	13	39	3	False	1	0	0.0	False			RNA-Seq|TRANSCRIPTOMIC|cDNA	single nucleus RNA-seq;bulk RNA-seq
PRJNA1079390	13	13	13	1	True	1	1	0.462	False		13.0	RNA-Seq|TRANSCRIPTOMIC|cDNA	10x Genomics Chromium
PRJNA1091360	13	13	13	1	True	1	0	0.0	False			RNA-Seq|TRANSCRIPTOMIC|cDNA	bulk RNA-seq
PRJNA1104143	13	13	13	1	True	1	0	0.0	False			RNA-Seq|TRANSCRIPTOMIC SINGLE CELL|cDNA	BD Rhapsody
PRJNA1125874	13	13	13	1	True	1	0	0.0	False			RNA-Seq|TRANSCRIPTOMIC|cDNA	single nucleus RNA-seq;bulk RNA-seq
PRJNA1126389	13	13	13	1	True	1	0	0.0	False			RNA-Seq|TRANSCRIPTOMIC|cDNA	bulk RNA-seq
PRJNA1129070	13	13	13	1	True	1	0	0.0	False			ATAC-seq|GENOMIC|other	bulk RNA-seq
PRJNA1240324	13	13	13	1	True	1	0	0.0	False			RNA-Seq|TRANSCRIPTOMIC|cDNA	bulk RNA-seq
PRJNA1241774	13	13	13	1	True	1	1	0.077	False		13.0	RNA-Seq|TRANSCRIPTOMIC|cDNA	bulk RNA-seq
PRJNA1242906	13	13	13	1	True	1	3	0.462	False		4.33	RNA-Seq|TRANSCRIPTOMIC|cDNA	bulk RNA-seq
PRJNA1255077	13	13	13	1	True	1	1	0.462	False		13.0	OTHER|GENOMIC|other	bulk RNA-seq
PRJNA1269438	13	13	13	1	True	1	3	0.462	False		4.33	RNA-Seq|TRANSCRIPTOMIC|cDNA	bulk RNA-seq
PRJNA1276510	13	13	29	9	False	2	0	0.0	False			ATAC-seq|GENOMIC SINGLE CELL|other;RNA-Seq|TRANSCRIPTOMIC|cDNA	10x Genomics Chromium;bulk RNA-seq
PRJNA1278709	13	13	52	4	False	1	2	0.308	False		6.5	RNA-Seq|TRANSCRIPTOMIC|cDNA	bulk RNA-seq
PRJNA1279978	13	13	13	1	True	1	0	0.0	False			RNA-Seq|TRANSCRIPTOMIC|cDNA	bulk RNA-seq
PRJNA1367603	13	13	13	1	True	1	0	0.0	False			RNA-Seq|TRANSCRIPTOMIC|cDNA	bulk RNA-seq
PRJNA1368664	13	13	26	2	False	1	0	0.0	False			RNA-Seq|TRANSCRIPTOMIC|cDNA	bulk RNA-seq
PRJNA1369608	13	13	13	1	True	1	0	0.0	False			RNA-Seq|TRANSCRIPTOMIC|cDNA	bulk RNA-seq
PRJNA1398814	13	13	13	1	True	1	1	0.462	False		13.0	RNA-Seq|TRANSCRIPTOMIC|cDNA	bulk RNA-seq
PRJNA1431097	13	13	13	1	True	2	0	0.0	False			Bisulfite-Seq|GENOMIC|RANDOM;RNA-Seq|TRANSCRIPTOMIC|PolyA	bulk RNA-seq
PRJNA1433385	13	13	13	1	True	1	0	0.0	False			RNA-Seq|TRANSCRIPTOMIC|cDNA	bulk RNA-seq
PRJNA1446804	13	13	13	1	True	1	0	0.0	False			RNA-Seq|TRANSCRIPTOMIC|cDNA	bulk RNA-seq
PRJNA1453940	13	13	13	1	True	1	0	0.0	False			RNA-Seq|TRANSCRIPTOMIC|cDNA	bulk RNA-seq
PRJNA1463268	13	13	31	4	False	3	0	0.0	False			OTHER|TRANSCRIPTOMIC|other;RNA-Seq|TRANSCRIPTOMIC SINGLE CELL|cDNA;RNA-Seq|TRANSCRIPTOMIC|cDNA	bulk RNA-seq
PRJNA1473604	13	13	14	2	False	2	3	1.0	False		4.33	RNA-Seq|TRANSCRIPTOMIC SINGLE CELL|cDNA;RNA-Seq|TRANSCRIPTOMIC|cDNA	bulk RNA-seq
PRJNA1485014	13	13	13	1	True	1	0	0.0	False			RNA-Seq|TRANSCRIPTOMIC|RANDOM PCR	bulk RNA-seq
PRJNA1490638	13	13	13	1	True	1	0	0.0	False			RNA-Seq|TRANSCRIPTOMIC SINGLE CELL|cDNA	10x Genomics Chromium
PRJNA217498	13	13	13	1	True	1	0	0.0	False			RNA-Seq|TRANSCRIPTOMIC|cDNA	polyA selected RNA-seq
PRJNA290516	13	13	13	1	True	1	0	0.0	False			RNA-Seq|TRANSCRIPTOMIC|cDNA	polyA selected RNA-seq
PRJNA393886	13	13	13	1	True	2	6	0.462	False		2.17	ChIP-Seq|GENOMIC|ChIP;RNA-Seq|TRANSCRIPTOMIC|cDNA	Drop-seq
PRJNA413788	13	13	13	1	True	1	0	0.0	False			RNA-Seq|TRANSCRIPTOMIC|cDNA	TruSeq Stranded mRNA
PRJNA433889	13	13	13	1	True	1	0	0.0	False			RNA-Seq|TRANSCRIPTOMIC|cDNA	bulk RNA-seq
PRJNA434723	13	13	13	1	True	1	0	0.0	False			RNA-Seq|TRANSCRIPTOMIC|cDNA	bulk RNA-seq
PRJNA481681	13	13	13	1	True	1	0	0.0	False			RNA-Seq|TRANSCRIPTOMIC|cDNA	Drop-seq
PRJNA510633	13	13	13	1	True	1	0	0.0	False			RNA-Seq|TRANSCRIPTOMIC|cDNA	Drop-seq
PRJNA520853	13	13	37	4	False	1	0	0.0	False			RNA-Seq|TRANSCRIPTOMIC|cDNA	Drop-seq;bulk RNA-seq
PRJNA528303	13	13	13	1	True	1	0	0.0	False			RNA-Seq|TRANSCRIPTOMIC|cDNA	bulk RNA-seq
PRJNA565671	13	13	13	1	True	1	0	0.0	False			RNA-Seq|TRANSCRIPTOMIC|cDNA	bulk RNA-seq
PRJNA591892	13	13	13	1	True	1	0	0.0	False			RNA-Seq|TRANSCRIPTOMIC|cDNA	TruSeq Stranded mRNA
PRJNA601464	13	13	13	1	True	1	0	0.0	False			RNA-Seq|TRANSCRIPTOMIC|cDNA	bulk RNA-seq
PRJNA604614	13	13	21	2	False	1	0	0.0	False			RNA-Seq|TRANSCRIPTOMIC|cDNA	bulk RNA-seq
PRJNA643511	13	13	13	1	True	1	3	0.385	False		4.33	RNA-Seq|TRANSCRIPTOMIC|cDNA	bulk RNA-seq
PRJNA646723	13	13	13	1	True	1	2	0.615	False		6.5	RNA-Seq|TRANSCRIPTOMIC|cDNA	10x Genomics Chromium
PRJNA648028	13	29	29	3	False	3	0	0.0	False			ATAC-seq|OTHER|PCR;RNA-Seq|TRANSCRIPTOMIC SINGLE CELL|RT-PCR;RNA-Seq|TRANSCRIPTOMIC|RT-PCR	single nucleus RNA-seq;bulk RNA-seq
PRJNA656850	13	13	16	4	False	1	1	0.25	False		13.0	RNA-Seq|TRANSCRIPTOMIC|cDNA	bulk RNA-seq
PRJNA674221	13	13	13	1	True	1	13	1.0	False		1.0	RNA-Seq|TRANSCRIPTOMIC|cDNA	polyA selected RNA-seq
PRJNA674228	13	13	13	1	True	1	13	1.0	False		1.0	RNA-Seq|TRANSCRIPTOMIC|cDNA	polyA selected RNA-seq
PRJNA674232	13	13	13	1	True	1	13	1.0	False		1.0	RNA-Seq|TRANSCRIPTOMIC|cDNA	polyA selected RNA-seq
PRJNA674238	13	13	13	1	True	1	13	1.0	False		1.0	RNA-Seq|TRANSCRIPTOMIC|cDNA	polyA selected RNA-seq
PRJNA674244	13	13	13	1	True	1	13	1.0	False		1.0	RNA-Seq|TRANSCRIPTOMIC|cDNA	polyA selected RNA-seq
PRJNA675351	13	13	13	1	True	1	0	0.0	False			RNA-Seq|TRANSCRIPTOMIC|cDNA	TruSeq Stranded mRNA
PRJNA678755	13	13	13	1	True	1	0	0.0	False			RNA-Seq|TRANSCRIPTOMIC|cDNA	bulk RNA-seq
PRJNA730026	13	13	13	1	True	1	0	0.0	False			RNA-Seq|TRANSCRIPTOMIC|cDNA	10x Genomics Chromium
PRJNA734266	13	13	13	1	True	1	0	0.0	False			RNA-Seq|TRANSCRIPTOMIC|cDNA	TruSeq Stranded mRNA
PRJNA735382	13	13	13	1	True	2	0	0.0	False			ATAC-seq|GENOMIC|other;RNA-Seq|TRANSCRIPTOMIC|cDNA	bulk RNA-seq
PRJNA763815	13	13	13	1	True	1	0	0.0	False			RNA-Seq|TRANSCRIPTOMIC|cDNA	bulk RNA-seq
PRJNA777798	13	13	13	1	True	1	0	0.0	False			RNA-Seq|TRANSCRIPTOMIC|cDNA	bulk RNA-seq
PRJNA787491	13	13	13	1	True	1	0	0.0	False			RNA-Seq|TRANSCRIPTOMIC|cDNA	polyA selected RNA-seq
PRJNA787611	13	13	13	1	True	1	0	0.0	False			RNA-Seq|TRANSCRIPTOMIC|cDNA	10x Genomics Chromium
PRJNA812526	13	13	13	1	True	1	0	0.0	False			RNA-Seq|TRANSCRIPTOMIC|cDNA	bulk RNA-seq
PRJNA819029	13	13	13	1	True	1	0	0.0	False			OTHER|TRANSCRIPTOMIC|other	single nucleus RNA-seq
PRJNA846318	13	13	13	1	True	1	0	0.0	False			RNA-Seq|TRANSCRIPTOMIC|cDNA	bulk RNA-seq
PRJNA855240	13	13	13	1	True	1	0	0.0	False			RNA-Seq|TRANSCRIPTOMIC|cDNA	bulk RNA-seq
PRJNA861838	13	13	13	1	True	1	0	0.0	False			RNA-Seq|TRANSCRIPTOMIC|cDNA	bulk RNA-seq
PRJNA873051	13	13	38	8	False	1	8	0.421	False		1.62	RNA-Seq|TRANSCRIPTOMIC SINGLE CELL|cDNA	10x Genomics Chromium
PRJNA887398	13	13	13	1	True	1	0	0.0	False			RNA-Seq|TRANSCRIPTOMIC|cDNA	bulk RNA-seq
PRJNA931582	13	13	16	2	False	1	2	0.375	False		6.5	RNA-Seq|TRANSCRIPTOMIC SINGLE CELL|cDNA	BD Rhapsody
PRJNA940801	13	13	13	1	True	1	1	1.0	False		13.0	RNA-Seq|TRANSCRIPTOMIC|cDNA	bulk RNA-seq
PRJNA945433	13	13	28	3	False	1	0	0.0	False			RNA-Seq|TRANSCRIPTOMIC SINGLE CELL|cDNA	Drop-seq
PRJNA949255	13	13	13	1	True	1	0	0.0	False			RNA-Seq|TRANSCRIPTOMIC SINGLE CELL|cDNA	10x Genomics Chromium
PRJNA955816	13	13	13	1	True	1	9	1.0	False		1.44	RNA-Seq|TRANSCRIPTOMIC|cDNA	bulk RNA-seq
PRJNA989155	13	13	13	1	True	1	0	0.0	False			RNA-Seq|TRANSCRIPTOMIC|cDNA	bulk RNA-seq
PRJNA993024	13	13	13	1	True	1	0	0.0	False			RNA-Seq|TRANSCRIPTOMIC SINGLE CELL|cDNA	Parse Biosciences
PRJDB12720	12	12	12	1	True	1	0	0.0	False			RNA-Seq|TRANSCRIPTOMIC|PolyA	bulk RNA-seq
PRJDB12930	12	12	12	1	True	1	0	0.0	False			RNA-Seq|TRANSCRIPTOMIC|PolyA	single nucleus RNA-seq
PRJDB20443	12	12	12	1	True	1	0	0.0	False			RNA-Seq|TRANSCRIPTOMIC|Oligo-dT	BD Rhapsody
PRJDB20473	12	12	12	1	True	1	0	0.0	False			RNA-Seq|TRANSCRIPTOMIC|RANDOM	bulk RNA-seq
PRJDB31790	12	12	12	1	True	1	0	0.0	False			RNA-Seq|TRANSCRIPTOMIC|PCR	10x Genomics Chromium
PRJDB39441	12	12	12	1	True	1	0	0.0	False			RNA-Seq|TRANSCRIPTOMIC|PolyA	bulk RNA-seq
PRJDB39541	12	13	13	2	False	1	8	0.692	False		1.5	RNA-Seq|TRANSCRIPTOMIC|RT-PCR	bulk RNA-seq
PRJDB40266	12	12	12	1	True	1	0	0.0	False			RNA-Seq|TRANSCRIPTOMIC|PolyA	bulk RNA-seq
PRJDB42128	12	12	12	1	True	1	0	0.0	False			RNA-Seq|TRANSCRIPTOMIC|PolyA	bulk RNA-seq
PRJEB101137	12	12	12	1	True	1	0	0.0	False			RNA-Seq|TRANSCRIPTOMIC|PCR	bulk RNA-seq
PRJEB102297	12	12	12	1	True	1	0	0.0	False			RNA-Seq|TRANSCRIPTOMIC|Oligo-dT	bulk RNA-seq
PRJEB104731	12	12	12	1	True	1	0	0.0	False			ssRNA-seq|TRANSCRIPTOMIC|Inverse rRNA	bulk RNA-seq
PRJEB106416	12	12	12	1	True	1	0	0.0	False			RNA-Seq|TRANSCRIPTOMIC|PolyA	bulk RNA-seq
PRJEB23373	12	12	12	1	True	1	0	0.0	False			RNA-Seq|TRANSCRIPTOMIC|Oligo-dT	TruSeq Stranded mRNA
PRJEB24068	12	12	12	1	True	1	0	0.0	False			RNA-Seq|TRANSCRIPTOMIC|RANDOM	bulk RNA-seq
PRJEB25777	12	12	12	1	True	1	0	0.0	False			ssRNA-seq|TRANSCRIPTOMIC|RANDOM	TruSeq Stranded mRNA
PRJEB27652	12	12	12	1	True	1	0	0.0	False			ssRNA-seq|TRANSCRIPTOMIC|Oligo-dT	bulk RNA-seq
PRJEB28675	12	12	12	1	True	1	0	0.0	False			RNA-Seq|TRANSCRIPTOMIC|RANDOM	TruSeq Stranded mRNA
PRJEB35462	12	12	12	1	True	1	0	0.0	False			ssRNA-seq|TRANSCRIPTOMIC|RANDOM	TruSeq Stranded mRNA
PRJEB37853	12	12	12	1	True	1	0	0.0	False			ssRNA-seq|TRANSCRIPTOMIC|Oligo-dT	TruSeq Stranded mRNA
PRJEB41687	12	12	12	1	True	1	0	0.0	False			RNA-Seq|TRANSCRIPTOMIC|Inverse rRNA	TruSeq Stranded mRNA
PRJEB42177	12	12	12	1	True	1	0	0.0	False			RNA-Seq|TRANSCRIPTOMIC|PolyA	bulk RNA-seq
PRJEB44302	12	12	12	1	True	1	0	0.0	False			RNA-Seq|TRANSCRIPTOMIC|cDNA	TruSeq Stranded mRNA
PRJEB46181	12	12	12	1	True	1	0	0.0	False			RNA-Seq|TRANSCRIPTOMIC|Inverse rRNA	TruSeq Stranded mRNA
PRJEB47133	12	12	12	1	True	1	0	0.0	False			RNA-Seq|TRANSCRIPTOMIC|RANDOM	bulk RNA-seq
PRJEB50282	12	12	12	1	True	1	0	0.0	False			RNA-Seq|TRANSCRIPTOMIC|RANDOM	TruSeq Stranded mRNA
PRJEB51227	12	12	12	1	True	1	0	0.0	False			RNA-Seq|TRANSCRIPTOMIC|cDNA	bulk RNA-seq
PRJEB51435	12	12	12	1	True	1	0	0.0	False			RNA-Seq|TRANSCRIPTOMIC|PCR	TruSeq Stranded mRNA
PRJEB55293	12	12	12	1	True	1	0	0.0	False			RNA-Seq|TRANSCRIPTOMIC|PolyA	bulk RNA-seq
PRJEB56194	12	12	24	2	False	1	3	1.0	False		4.0	RNA-Seq|TRANSCRIPTOMIC|Oligo-dT	bulk RNA-seq
PRJEB58089	12	12	24	2	False	1	0	0.0	False			ssRNA-seq|TRANSCRIPTOMIC|Oligo-dT	polyA selected RNA-seq
PRJEB58298	12	12	12	1	True	1	0	0.0	False			OTHER|TRANSCRIPTOMIC|RANDOM	bulk RNA-seq
PRJEB58306	12	12	12	1	True	1	0	0.0	False			RNA-Seq|TRANSCRIPTOMIC|PolyA	bulk RNA-seq
PRJEB58338	12	12	48	4	False	1	0	0.0	False			ssRNA-seq|TRANSCRIPTOMIC|Inverse rRNA	TruSeq Stranded mRNA
PRJEB62867	12	12	12	1	True	1	0	0.0	False			ssRNA-seq|TRANSCRIPTOMIC|PolyA	TruSeq Stranded mRNA
PRJEB67355	12	12	12	1	True	1	0	0.0	False			RNA-Seq|TRANSCRIPTOMIC|PolyA	bulk RNA-seq
PRJEB67556	12	12	12	1	True	1	0	0.0	False			RNA-Seq|TRANSCRIPTOMIC|PolyA	bulk RNA-seq
PRJEB74283	12	12	12	1	True	1	0	0.0	False			RNA-Seq|TRANSCRIPTOMIC|Oligo-dT	bulk RNA-seq
PRJEB76158	12	12	12	1	True	1	0	0.0	False			RNA-Seq|TRANSCRIPTOMIC|cDNA	TruSeq Stranded mRNA
PRJEB76182	12	12	12	1	True	1	3	1.0	False		4.0	RNA-Seq|TRANSCRIPTOMIC|Oligo-dT	bulk RNA-seq
PRJEB83625	12	12	12	1	True	1	0	0.0	False			RNA-Seq|TRANSCRIPTOMIC|cDNA	bulk RNA-seq
PRJEB90170	12	12	12	1	True	1	0	0.0	False			RNA-Seq|TRANSCRIPTOMIC|Oligo-dT	bulk RNA-seq
PRJEB97466	12	12	12	1	True	1	0	0.0	False			RNA-Seq|TRANSCRIPTOMIC|Oligo-dT	bulk RNA-seq
PRJEB97473	12	12	12	1	True	1	0	0.0	False			RNA-Seq|TRANSCRIPTOMIC|PolyA	TruSeq Stranded mRNA
PRJNA1003104	12	12	12	1	True	1	0	0.0	False			RNA-Seq|TRANSCRIPTOMIC|cDNA	bulk RNA-seq
PRJNA1005668	12	12	12	1	True	1	0	0.0	False			RNA-Seq|TRANSCRIPTOMIC|cDNA	bulk RNA-seq
PRJNA1011248	12	12	12	1	True	1	0	0.0	False			RNA-Seq|TRANSCRIPTOMIC|cDNA	bulk RNA-seq
PRJNA1013126	12	12	12	1	True	1	0	0.0	False			RNA-Seq|TRANSCRIPTOMIC|cDNA	bulk RNA-seq
PRJNA1014012	12	12	12	1	True	1	0	0.0	False			RNA-Seq|TRANSCRIPTOMIC|cDNA	bulk RNA-seq
PRJNA1015668	12	12	12	1	True	1	0	0.0	False			RNA-Seq|TRANSCRIPTOMIC|RANDOM	bulk RNA-seq
PRJNA1017390	12	12	12	1	True	1	0	0.0	False			OTHER|OTHER|other	bulk RNA-seq
PRJNA1017828	12	12	12	1	True	1	0	0.0	False			RNA-Seq|TRANSCRIPTOMIC SINGLE CELL|cDNA	bulk RNA-seq
PRJNA1019140	12	12	12	1	True	1	0	0.0	False			RNA-Seq|TRANSCRIPTOMIC|cDNA	bulk RNA-seq
PRJNA1020747	12	12	12	1	True	1	0	0.0	False			RNA-Seq|TRANSCRIPTOMIC|cDNA	bulk RNA-seq
PRJNA1022779	12	12	26	4	False	1	0	0.0	False			RNA-Seq|TRANSCRIPTOMIC SINGLE CELL|cDNA	10x Genomics Chromium
PRJNA1023195	12	12	12	1	True	1	0	0.0	False			RNA-Seq|TRANSCRIPTOMIC|cDNA	bulk RNA-seq
PRJNA1023287	12	12	12	1	True	1	0	0.0	False			RNA-Seq|TRANSCRIPTOMIC|cDNA	bulk RNA-seq
PRJNA1023914	12	12	12	1	True	1	2	1.0	False		6.0	RNA-Seq|TRANSCRIPTOMIC|PolyA	bulk RNA-seq
PRJNA1023959	12	12	12	1	True	1	0	0.0	False			RNA-Seq|TRANSCRIPTOMIC|cDNA	TruSeq Stranded mRNA
PRJNA1026586	12	12	12	1	True	1	2	1.0	False		6.0	WXS|GENOMIC|Hybrid Selection	bulk RNA-seq
PRJNA1027456	12	12	12	1	True	1	0	0.0	False			RNA-Seq|TRANSCRIPTOMIC|cDNA	bulk RNA-seq
PRJNA1030304	12	12	12	1	True	1	0	0.0	False			RNA-Seq|TRANSCRIPTOMIC|cDNA	bulk RNA-seq
PRJNA1033650	12	12	12	1	True	1	0	0.0	False			RNA-Seq|TRANSCRIPTOMIC|cDNA	bulk RNA-seq
PRJNA1034045	12	12	12	1	True	1	0	0.0	False			RNA-Seq|TRANSCRIPTOMIC|cDNA	bulk RNA-seq
PRJNA1034554	12	12	12	1	True	1	2	1.0	False		6.0	ChIP-Seq|GENOMIC|ChIP	bulk RNA-seq
PRJNA1035011	12	12	12	1	True	1	0	0.0	False			RNA-Seq|TRANSCRIPTOMIC|cDNA	bulk RNA-seq
PRJNA1036557	12	12	12	1	True	1	0	0.0	False			RNA-Seq|TRANSCRIPTOMIC|cDNA	bulk RNA-seq
PRJNA1038740	12	12	12	1	True	1	0	0.0	False			RNA-Seq|TRANSCRIPTOMIC|cDNA	bulk RNA-seq
PRJNA1038744	12	12	12	1	True	1	0	0.0	False			RNA-Seq|TRANSCRIPTOMIC|cDNA	bulk RNA-seq
PRJNA1039821	12	12	96	8	False	1	0	0.0	False			RNA-Seq|TRANSCRIPTOMIC|cDNA	bulk RNA-seq
PRJNA1040139	12	12	12	1	True	1	0	0.0	False			RNA-Seq|TRANSCRIPTOMIC|cDNA	bulk RNA-seq
PRJNA1041816	12	12	12	1	True	1	0	0.0	False			RNA-Seq|TRANSCRIPTOMIC|cDNA	bulk RNA-seq
PRJNA1042661	12	12	12	1	True	1	0	0.0	False			RNA-Seq|TRANSCRIPTOMIC|cDNA_oligo_dT	bulk RNA-seq
PRJNA1045800	12	12	12	1	True	1	0	0.0	False			RNA-Seq|TRANSCRIPTOMIC|Oligo-dT	bulk RNA-seq
PRJNA1046371	12	12	12	1	True	1	8	0.667	False		1.5	RNA-Seq|TRANSCRIPTOMIC|cDNA	bulk RNA-seq
PRJNA1048983	12	12	12	1	True	1	0	0.0	False			RNA-Seq|TRANSCRIPTOMIC|cDNA	bulk RNA-seq
PRJNA1050199	12	12	12	1	True	1	0	0.0	False			RNA-Seq|TRANSCRIPTOMIC|cDNA	bulk RNA-seq
PRJNA1051055	12	12	48	4	False	1	0	0.0	False			RNA-Seq|TRANSCRIPTOMIC SINGLE CELL|cDNA	10x Genomics Chromium
PRJNA1051076	12	12	48	4	False	1	0	0.0	False			RNA-Seq|TRANSCRIPTOMIC|cDNA	bulk RNA-seq
PRJNA1052661	12	12	12	1	True	1	0	0.0	False			RNA-Seq|TRANSCRIPTOMIC|cDNA	bulk RNA-seq
PRJNA1054210	12	12	12	1	True	1	0	0.0	False			RNA-Seq|GENOMIC|PolyA	bulk RNA-seq
PRJNA1056265	12	12	12	1	True	1	0	0.0	False			RNA-Seq|TRANSCRIPTOMIC|cDNA	TruSeq Stranded mRNA
PRJNA1057209	12	12	12	1	True	1	1	0.5	False		12.0	RNA-Seq|TRANSCRIPTOMIC|cDNA	bulk RNA-seq
PRJNA1057863	12	12	12	1	True	1	0	0.0	False			ChIP-Seq|GENOMIC|ChIP	bulk RNA-seq
PRJNA1060714	12	12	48	4	False	1	0	0.0	False			RNA-Seq|TRANSCRIPTOMIC|cDNA	bulk RNA-seq
PRJNA1061201	12	12	48	4	False	1	0	0.0	False			RNA-Seq|TRANSCRIPTOMIC SINGLE CELL|cDNA	10x Genomics Chromium
PRJNA1063246	12	12	12	1	True	1	2	1.0	False		6.0	RNA-Seq|TRANSCRIPTOMIC|cDNA	bulk RNA-seq
PRJNA1063694	12	12	12	1	True	1	0	0.0	False			RNA-Seq|TRANSCRIPTOMIC|cDNA	bulk RNA-seq
PRJNA1064026	12	12	24	2	False	1	0	0.0	False			RNA-Seq|TRANSCRIPTOMIC|cDNA	bulk RNA-seq
PRJNA1064939	12	12	12	1	True	1	0	0.0	False			RNA-Seq|TRANSCRIPTOMIC|cDNA	bulk RNA-seq
PRJNA1065856	12	12	12	1	True	1	0	0.0	False			RNA-Seq|TRANSCRIPTOMIC|cDNA	bulk RNA-seq
PRJNA1067685	12	12	12	1	True	1	0	0.0	False			RNA-Seq|TRANSCRIPTOMIC|cDNA	bulk RNA-seq
PRJNA1067989	12	12	48	4	False	1	0	0.0	False			ATAC-seq|GENOMIC SINGLE CELL|other	single nucleus RNA-seq
PRJNA1072640	12	12	12	1	True	1	0	0.0	False			RNA-Seq|TRANSCRIPTOMIC|cDNA	bulk RNA-seq
PRJNA1072694	12	12	12	1	True	1	1	0.333	False		12.0	Bisulfite-Seq|GENOMIC|RANDOM	inDrop
PRJNA1073447	12	12	12	1	True	1	4	1.0	False		3.0	RNA-Seq|TRANSCRIPTOMIC|cDNA	bulk RNA-seq
PRJNA1073933	12	12	12	1	True	1	0	0.0	False			RNA-Seq|TRANSCRIPTOMIC|cDNA	bulk RNA-seq
PRJNA1073982	12	12	12	1	True	1	0	0.0	False			RNA-Seq|TRANSCRIPTOMIC|PolyA	bulk RNA-seq
PRJNA1074700	12	12	12	1	True	1	6	1.0	False		2.0	ssRNA-seq|TRANSCRIPTOMIC|cDNA	bulk RNA-seq
PRJNA1075129	12	12	12	1	True	1	0	0.0	False			RNA-Seq|TRANSCRIPTOMIC|cDNA	bulk RNA-seq
PRJNA1079833	12	12	12	1	True	1	4	1.0	False		3.0	RNA-Seq|TRANSCRIPTOMIC|cDNA	bulk RNA-seq
PRJNA1080196	12	12	96	8	False	1	0	0.0	False			RNA-Seq|TRANSCRIPTOMIC SINGLE CELL|cDNA	bulk RNA-seq
PRJNA1081450	12	12	12	1	True	1	0	0.0	False			RNA-Seq|TRANSCRIPTOMIC|cDNA	TruSeq Stranded mRNA
PRJNA1086451	12	12	12	1	True	1	0	0.0	False			RNA-Seq|TRANSCRIPTOMIC|cDNA	bulk RNA-seq
PRJNA1086521	12	12	24	2	False	1	1	1.0	False		12.0	RNA-Seq|TRANSCRIPTOMIC|cDNA	bulk RNA-seq
PRJNA1086946	12	12	12	1	True	1	0	0.0	False			RNA-Seq|TRANSCRIPTOMIC|cDNA	single nucleus RNA-seq
PRJNA1090238	12	12	12	1	True	1	0	0.0	False			RNA-Seq|TRANSCRIPTOMIC|cDNA	bulk RNA-seq
PRJNA1090460	12	12	12	1	True	1	0	0.0	False			RNA-Seq|TRANSCRIPTOMIC|cDNA	bulk RNA-seq
PRJNA1091908	12	12	12	1	True	1	4	0.333	False		3.0	RNA-Seq|TRANSCRIPTOMIC|cDNA	bulk RNA-seq
PRJNA1098021	12	12	24	2	False	1	0	0.0	False			RNA-Seq|TRANSCRIPTOMIC|cDNA	bulk RNA-seq
PRJNA1098411	12	12	12	1	True	1	0	0.0	False			RNA-Seq|TRANSCRIPTOMIC SINGLE CELL|cDNA	bulk RNA-seq
PRJNA1100201	12	12	12	1	True	1	0	0.0	False			RNA-Seq|TRANSCRIPTOMIC|cDNA	bulk RNA-seq
PRJNA1100584	12	12	12	1	True	1	0	0.0	False			RNA-Seq|TRANSCRIPTOMIC|cDNA	bulk RNA-seq
PRJNA1102013	12	12	12	1	True	1	1	0.5	False		12.0	RNA-Seq|TRANSCRIPTOMIC|cDNA	TruSeq Stranded mRNA
PRJNA1103240	12	12	12	1	True	1	0	0.0	False			RNA-Seq|TRANSCRIPTOMIC|cDNA	bulk RNA-seq
PRJNA1104166	12	12	12	1	True	1	0	0.0	False			RNA-Seq|TRANSCRIPTOMIC|cDNA	bulk RNA-seq
PRJNA1109443	12	12	12	1	True	1	0	0.0	False			RNA-Seq|TRANSCRIPTOMIC|PolyA	bulk RNA-seq
PRJNA1109845	12	12	24	2	False	1	0	0.0	False			RNA-Seq|TRANSCRIPTOMIC|cDNA	bulk RNA-seq
PRJNA1111017	12	12	12	1	True	1	0	0.0	False			RNA-Seq|TRANSCRIPTOMIC SINGLE CELL|cDNA	10x Genomics Chromium
PRJNA1112851	12	12	12	1	True	1	0	0.0	False			RNA-Seq|TRANSCRIPTOMIC|cDNA	bulk RNA-seq
PRJNA1113625	12	12	20	2	False	1	0	0.0	False			RNA-Seq|TRANSCRIPTOMIC SINGLE CELL|cDNA	bulk RNA-seq
PRJNA1118711	12	12	17	2	False	1	3	0.353	False		4.0	RNA-Seq|TRANSCRIPTOMIC|cDNA	bulk RNA-seq
PRJNA1119480	12	12	12	1	True	1	0	0.0	False			RNA-Seq|TRANSCRIPTOMIC|cDNA	bulk RNA-seq
PRJNA1121403	12	12	24	2	False	1	0	0.0	False			RNA-Seq|TRANSCRIPTOMIC|cDNA	bulk RNA-seq
PRJNA1121918	12	12	12	1	True	1	0	0.0	False			RNA-Seq|TRANSCRIPTOMIC|cDNA	bulk RNA-seq
PRJNA1123743	12	12	12	1	True	1	0	0.0	False			RNA-Seq|TRANSCRIPTOMIC|cDNA	bulk RNA-seq
PRJNA1124002	12	12	12	1	True	1	0	0.0	False			RNA-Seq|TRANSCRIPTOMIC|cDNA	bulk RNA-seq
PRJNA1125348	12	12	12	1	True	1	0	0.0	False			RNA-Seq|TRANSCRIPTOMIC|cDNA	bulk RNA-seq
PRJNA1125380	12	12	12	1	True	1	6	1.0	False		2.0	RNA-Seq|TRANSCRIPTOMIC|cDNA	bulk RNA-seq
PRJNA1126646	12	12	12	1	True	1	0	0.0	False			RNA-Seq|TRANSCRIPTOMIC|cDNA	bulk RNA-seq
PRJNA1127557	12	12	12	1	True	1	0	0.0	False			RNA-Seq|TRANSCRIPTOMIC SINGLE CELL|cDNA	10x Genomics Chromium
PRJNA1128700	12	12	12	1	True	1	0	0.0	False			RNA-Seq|TRANSCRIPTOMIC|cDNA	10x Genomics Chromium;bulk RNA-seq
PRJNA1128705	12	12	12	1	True	1	0	0.0	False			RNA-Seq|TRANSCRIPTOMIC|cDNA	bulk RNA-seq
PRJNA1129825	12	12	12	1	True	1	2	1.0	False		6.0	RNA-Seq|TRANSCRIPTOMIC|cDNA	bulk RNA-seq
PRJNA1132961	12	12	12	1	True	1	0	0.0	False			RNA-Seq|TRANSCRIPTOMIC|cDNA	bulk RNA-seq
PRJNA1133695	12	12	12	1	True	1	12	1.0	False		1.0	RNA-Seq|TRANSCRIPTOMIC|cDNA	bulk RNA-seq
PRJNA1135997	12	12	12	1	True	1	0	0.0	False			RNA-Seq|TRANSCRIPTOMIC|cDNA	bulk RNA-seq
PRJNA1137297	12	12	12	1	True	1	1	0.333	False		12.0	RNA-Seq|TRANSCRIPTOMIC|cDNA	bulk RNA-seq
PRJNA1140202	12	12	12	1	True	1	0	0.0	False			RNA-Seq|TRANSCRIPTOMIC|cDNA	bulk RNA-seq
PRJNA1141979	12	12	42	4	False	1	0	0.0	False			RNA-Seq|TRANSCRIPTOMIC SINGLE CELL|cDNA	10x Genomics Chromium
PRJNA1142033	12	12	12	1	True	1	0	0.0	False			RNA-Seq|TRANSCRIPTOMIC|cDNA	bulk RNA-seq
PRJNA1143533	12	12	12	1	True	1	3	0.25	False		4.0	RNA-Seq|TRANSCRIPTOMIC|PCR	TruSeq Stranded mRNA
PRJNA1144470	12	12	12	1	True	1	0	0.0	False			ssRNA-seq|TRANSCRIPTOMIC|cDNA	bulk RNA-seq
PRJNA1144887	12	12	12	1	True	1	0	0.0	False			RNA-Seq|TRANSCRIPTOMIC|cDNA	bulk RNA-seq
PRJNA1145378	12	12	12	1	True	2	2	1.0	False		6.0	OTHER|TRANSCRIPTOMIC|other;RNA-Seq|TRANSCRIPTOMIC|cDNA	polyA selected RNA-seq
PRJNA1145869	12	12	12	1	True	1	0	0.0	False			RNA-Seq|TRANSCRIPTOMIC|cDNA	bulk RNA-seq
PRJNA1146079	12	12	12	1	True	1	0	0.0	False			RNA-Seq|TRANSCRIPTOMIC|cDNA	bulk RNA-seq
PRJNA1148159	12	12	12	1	True	1	0	0.0	False			RNA-Seq|TRANSCRIPTOMIC|cDNA	bulk RNA-seq
PRJNA1148601	12	12	12	1	True	1	0	0.0	False			RNA-Seq|TRANSCRIPTOMIC|cDNA	bulk RNA-seq;TruSeq Stranded mRNA
PRJNA1148641	12	12	12	1	True	1	0	0.0	False			RNA-Seq|TRANSCRIPTOMIC|cDNA	bulk RNA-seq
PRJNA1149089	12	12	96	8	False	1	0	0.0	False			RNA-Seq|TRANSCRIPTOMIC SINGLE CELL|cDNA	10x Genomics Chromium
PRJNA1150537	12	12	12	1	True	1	0	0.0	False			RNA-Seq|TRANSCRIPTOMIC|cDNA	bulk RNA-seq
PRJNA1150629	12	12	12	1	True	1	0	0.0	False			RNA-Seq|TRANSCRIPTOMIC|cDNA	bulk RNA-seq
PRJNA1152504	12	12	12	1	True	1	0	0.0	False			RNA-Seq|TRANSCRIPTOMIC|RANDOM	bulk RNA-seq
PRJNA1154456	12	12	12	1	True	1	0	0.0	False			RNA-Seq|TRANSCRIPTOMIC|RANDOM	bulk RNA-seq
PRJNA1156755	12	12	41	4	False	1	0	0.0	False			RNA-Seq|TRANSCRIPTOMIC SINGLE CELL|cDNA	10x Genomics Chromium
PRJNA1156797	12	12	12	1	True	1	0	0.0	False			RNA-Seq|TRANSCRIPTOMIC|cDNA	bulk RNA-seq
PRJNA1157414	12	12	12	1	True	1	0	0.0	False			RNA-Seq|TRANSCRIPTOMIC|cDNA	bulk RNA-seq
PRJNA1160333	12	12	12	1	True	2	1	1.0	False		12.0	OTHER|OTHER|other;OTHER|TRANSCRIPTOMIC|other	10x Genomics Chromium
PRJNA1161696	12	12	12	1	True	1	0	0.0	False			RNA-Seq|TRANSCRIPTOMIC|cDNA	bulk RNA-seq
PRJNA1168996	12	12	12	1	True	1	0	0.0	False			RNA-Seq|TRANSCRIPTOMIC|cDNA	bulk RNA-seq
PRJNA1170252	12	12	12	1	True	1	0	0.0	False			RNA-Seq|TRANSCRIPTOMIC|cDNA	bulk RNA-seq
PRJNA1171759	12	12	24	2	False	1	0	0.0	False			RNA-Seq|TRANSCRIPTOMIC|cDNA	TruSeq Stranded mRNA
PRJNA1172720	12	12	12	1	True	1	0	0.0	False			RNA-Seq|TRANSCRIPTOMIC|cDNA	bulk RNA-seq
PRJNA1175372	12	12	24	2	False	1	0	0.0	False			ATAC-seq|GENOMIC|other	bulk RNA-seq
PRJNA1175382	12	12	12	1	True	1	0	0.0	False			RNA-Seq|TRANSCRIPTOMIC|cDNA	bulk RNA-seq
PRJNA1175619	12	12	12	1	True	1	0	0.0	False			RNA-Seq|TRANSCRIPTOMIC|cDNA	bulk RNA-seq
PRJNA1178877	12	12	12	1	True	1	0	0.0	False			RNA-Seq|TRANSCRIPTOMIC SINGLE CELL|PCR	bulk RNA-seq
PRJNA1179863	12	12	12	1	True	1	0	0.0	False			RNA-Seq|TRANSCRIPTOMIC|cDNA	bulk RNA-seq
PRJNA1181760	12	12	48	4	False	1	0	0.0	False			RNA-Seq|TRANSCRIPTOMIC|cDNA	bulk RNA-seq
PRJNA1182401	12	12	12	1	True	2	0	0.0	False			RNA-Seq|TRANSCRIPTOMIC SINGLE CELL|cDNA;RNA-Seq|TRANSCRIPTOMIC|cDNA	bulk RNA-seq
PRJNA1182704	12	12	12	1	True	1	1	1.0	False		12.0	RNA-Seq|TRANSCRIPTOMIC|cDNA	bulk RNA-seq
PRJNA1183391	12	12	12	1	True	1	0	0.0	False			OTHER|GENOMIC|other	BD Rhapsody
PRJNA1184143	12	12	12	1	True	1	2	0.667	False		6.0	RNA-Seq|TRANSCRIPTOMIC|cDNA	bulk RNA-seq
PRJNA1189530	12	12	12	1	True	1	0	0.0	False			RNA-Seq|TRANSCRIPTOMIC|cDNA	bulk RNA-seq
PRJNA1191359	12	12	12	1	True	1	0	0.0	False			RNA-Seq|TRANSCRIPTOMIC SINGLE CELL|cDNA	10x Genomics Chromium
PRJNA1193094	12	12	12	1	True	1	0	0.0	False			RNA-Seq|TRANSCRIPTOMIC|cDNA	bulk RNA-seq
PRJNA1194046	12	12	12	1	True	2	0	0.0	False			RNA-Seq|TRANSCRIPTOMIC|PolyA;RNA-Seq|TRANSCRIPTOMIC|cDNA	bulk RNA-seq
PRJNA1198502	12	12	12	1	True	1	0	0.0	False			RNA-Seq|TRANSCRIPTOMIC|cDNA	bulk RNA-seq
PRJNA1198628	12	12	12	1	True	1	0	0.0	False			RNA-Seq|TRANSCRIPTOMIC|cDNA	bulk RNA-seq
PRJNA1198918	12	12	24	2	False	2	0	0.0	False			RNA-Seq|TRANSCRIPTOMIC SINGLE CELL|cDNA;RNA-Seq|TRANSCRIPTOMIC|cDNA	bulk RNA-seq
PRJNA1200028	12	12	12	1	True	1	0	0.0	False			RNA-Seq|TRANSCRIPTOMIC|cDNA	bulk RNA-seq
PRJNA1201063	12	12	12	1	True	1	1	0.5	False		12.0	RNA-Seq|TRANSCRIPTOMIC|cDNA	TruSeq Stranded mRNA
PRJNA1209002	12	12	24	2	False	1	1	1.0	False		12.0	RNA-Seq|TRANSCRIPTOMIC|cDNA	bulk RNA-seq
PRJNA1209897	12	12	12	1	True	1	0	0.0	False			RNA-Seq|TRANSCRIPTOMIC|cDNA	bulk RNA-seq
PRJNA1213116	12	12	12	1	True	1	0	0.0	False			RNA-Seq|TRANSCRIPTOMIC|cDNA	bulk RNA-seq
PRJNA1213801	12	12	12	1	True	1	0	0.0	False			RNA-Seq|TRANSCRIPTOMIC|cDNA	bulk RNA-seq
PRJNA1214809	12	12	12	1	True	1	0	0.0	False			RNA-Seq|TRANSCRIPTOMIC|cDNA	bulk RNA-seq
PRJNA1223797	12	12	18	2	False	1	0	0.0	False			RNA-Seq|TRANSCRIPTOMIC|cDNA	bulk RNA-seq
PRJNA1224443	12	12	12	1	True	1	0	0.0	False			RNA-Seq|TRANSCRIPTOMIC|cDNA	bulk RNA-seq
PRJNA1224825	12	12	12	1	True	1	0	0.0	False			RNA-Seq|TRANSCRIPTOMIC|cDNA	bulk RNA-seq
PRJNA1226664	12	12	12	1	True	2	0	0.0	False			ATAC-seq|GENOMIC SINGLE CELL|other;RNA-Seq|TRANSCRIPTOMIC SINGLE CELL|cDNA	BD Rhapsody
PRJNA1230151	12	12	12	1	True	1	0	0.0	False			RNA-Seq|TRANSCRIPTOMIC SINGLE CELL|cDNA	bulk RNA-seq
PRJNA1230890	12	12	21	4	False	1	0	0.0	False			RNA-Seq|TRANSCRIPTOMIC SINGLE CELL|cDNA	10x Genomics Chromium
PRJNA1231515	12	12	12	1	True	1	0	0.0	False			RNA-Seq|TRANSCRIPTOMIC|cDNA	bulk RNA-seq
PRJNA1232078	12	12	12	1	True	1	0	0.0	False			RNA-Seq|TRANSCRIPTOMIC|cDNA	bulk RNA-seq
PRJNA1232811	12	12	12	1	True	1	0	0.0	False			RNA-Seq|TRANSCRIPTOMIC|cDNA	bulk RNA-seq
PRJNA1234190	12	12	12	1	True	1	0	0.0	False			RNA-Seq|TRANSCRIPTOMIC|cDNA	bulk RNA-seq
PRJNA1236292	12	12	12	1	True	1	0	0.0	False			RNA-Seq|TRANSCRIPTOMIC|cDNA	bulk RNA-seq
PRJNA1237835	12	12	12	1	True	1	0	0.0	False			RNA-Seq|TRANSCRIPTOMIC|cDNA	bulk RNA-seq
PRJNA1243446	12	12	12	1	True	1	0	0.0	False			RNA-Seq|TRANSCRIPTOMIC|cDNA	bulk RNA-seq
PRJNA1247466	12	12	12	1	True	1	0	0.0	False			RNA-Seq|TRANSCRIPTOMIC|cDNA	bulk RNA-seq
PRJNA1248774	12	12	12	1	True	1	0	0.0	False			RNA-Seq|TRANSCRIPTOMIC|RT-PCR	bulk RNA-seq
PRJNA1249476	12	12	12	1	True	1	1	0.5	False		12.0	RNA-Seq|TRANSCRIPTOMIC|cDNA	bulk RNA-seq
PRJNA1252447	12	12	12	1	True	1	0	0.0	False			RNA-Seq|TRANSCRIPTOMIC|cDNA	bulk RNA-seq
PRJNA1253601	12	12	12	1	True	1	0	0.0	False			RNA-Seq|TRANSCRIPTOMIC|cDNA	bulk RNA-seq
PRJNA1254297	12	12	12	1	True	1	0	0.0	False			RNA-Seq|TRANSCRIPTOMIC|Oligo-dT	bulk RNA-seq
PRJNA1254601	12	12	12	1	True	1	0	0.0	False			RNA-Seq|TRANSCRIPTOMIC|cDNA	bulk RNA-seq
PRJNA1255071	12	12	12	1	True	1	1	0.5	False		12.0	RNA-Seq|TRANSCRIPTOMIC|cDNA	bulk RNA-seq
PRJNA1255183	12	12	12	1	True	1	0	0.0	False			RNA-Seq|TRANSCRIPTOMIC|cDNA	bulk RNA-seq
PRJNA1256280	12	12	12	1	True	1	0	0.0	False			RNA-Seq|TRANSCRIPTOMIC|cDNA	bulk RNA-seq
PRJNA1256714	12	12	24	2	False	1	0	0.0	False			RNA-Seq|TRANSCRIPTOMIC SINGLE CELL|cDNA	10x Genomics Chromium
PRJNA1257821	12	12	12	1	True	1	0	0.0	False			RNA-Seq|TRANSCRIPTOMIC|cDNA	bulk RNA-seq
PRJNA1258192	12	12	18	2	False	2	0	0.0	False			ATAC-seq|GENOMIC SINGLE CELL|other;RNA-Seq|TRANSCRIPTOMIC SINGLE CELL|cDNA	10x Genomics Chromium
PRJNA1259902	12	12	12	1	True	1	0	0.0	False			RNA-Seq|TRANSCRIPTOMIC|PCR	bulk RNA-seq
PRJNA1265961	12	12	84	7	False	1	0	0.0	False			RNA-Seq|TRANSCRIPTOMIC SINGLE CELL|cDNA	10x Genomics Chromium
PRJNA1268780	12	12	12	1	True	1	0	0.0	False			RNA-Seq|TRANSCRIPTOMIC|cDNA	bulk RNA-seq
PRJNA1270941	12	12	12	1	True	1	0	0.0	False			RNA-Seq|TRANSCRIPTOMIC|cDNA	bulk RNA-seq
PRJNA1271516	12	12	12	1	True	1	0	0.0	False			RNA-Seq|TRANSCRIPTOMIC|cDNA	10x Genomics Chromium
PRJNA1273697	12	96	96	8	False	1	1	0.333	False		12.0	OTHER|TRANSCRIPTOMIC|cDNA	Parse Biosciences
PRJNA1273710	12	12	12	1	True	1	0	0.0	False			RNA-Seq|TRANSCRIPTOMIC|PolyA	bulk RNA-seq
PRJNA1273915	12	12	12	1	True	1	0	0.0	False			RNA-Seq|TRANSCRIPTOMIC|cDNA	bulk RNA-seq
PRJNA1274859	12	12	12	1	True	1	0	0.0	False			RNA-Seq|GENOMIC|PolyA	bulk RNA-seq
PRJNA1275461	12	12	12	1	True	1	0	0.0	False			RNA-Seq|TRANSCRIPTOMIC|RANDOM	bulk RNA-seq
PRJNA1278902	12	12	12	1	True	1	0	0.0	False			RNA-Seq|TRANSCRIPTOMIC|Oligo-dT	bulk RNA-seq
PRJNA1279990	12	12	24	2	False	1	0	0.0	False			RNA-Seq|TRANSCRIPTOMIC SINGLE CELL|cDNA	10x Genomics Chromium
PRJNA1282629	12	12	48	4	False	1	0	0.0	False			miRNA-Seq|TRANSCRIPTOMIC|size fractionation	TruSeq Stranded mRNA
PRJNA1285289	12	12	12	1	True	1	0	0.0	False			RNA-Seq|TRANSCRIPTOMIC SINGLE CELL|PCR	single nucleus RNA-seq
PRJNA1287607	12	12	12	1	True	1	0	0.0	False			RNA-Seq|TRANSCRIPTOMIC|cDNA	bulk RNA-seq
PRJNA1295564	12	12	12	1	True	1	0	0.0	False			RNA-Seq|TRANSCRIPTOMIC|PCR	bulk RNA-seq
PRJNA1304494	12	12	24	2	False	1	0	0.0	False			RNA-Seq|TRANSCRIPTOMIC|cDNA	bulk RNA-seq
PRJNA1306054	12	12	12	1	True	1	0	0.0	False			RNA-Seq|TRANSCRIPTOMIC|cDNA	bulk RNA-seq
PRJNA1307484	12	12	12	1	True	1	0	0.0	False			RNA-Seq|TRANSCRIPTOMIC|cDNA	bulk RNA-seq
PRJNA1311517	12	12	12	1	True	2	0	0.0	False			ChIP-Seq|GENOMIC|ChIP;RNA-Seq|TRANSCRIPTOMIC|cDNA	bulk RNA-seq
PRJNA1312078	12	12	12	1	True	1	0	0.0	False			RNA-Seq|TRANSCRIPTOMIC|cDNA	bulk RNA-seq
PRJNA1321593	12	12	12	1	True	1	0	0.0	False			RNA-Seq|TRANSCRIPTOMIC|cDNA	bulk RNA-seq
PRJNA1322518	12	12	12	1	True	1	1	1.0	False		12.0	RNA-Seq|TRANSCRIPTOMIC|cDNA	bulk RNA-seq
PRJNA1327288	12	12	12	1	True	1	0	0.0	False			RNA-Seq|TRANSCRIPTOMIC|unspecified	bulk RNA-seq
PRJNA1329296	12	12	36	3	False	1	0	0.0	False			RNA-Seq|TRANSCRIPTOMIC|cDNA	bulk RNA-seq
PRJNA1346926	12	12	12	1	True	1	0	0.0	False			RNA-Seq|TRANSCRIPTOMIC|cDNA	bulk RNA-seq
PRJNA1363765	12	12	24	2	False	1	0	0.0	False			RNA-Seq|TRANSCRIPTOMIC|cDNA	bulk RNA-seq
PRJNA1363923	12	12	12	1	True	1	0	0.0	False			RNA-Seq|TRANSCRIPTOMIC|PolyA	bulk RNA-seq
PRJNA1363984	12	12	12	1	True	1	0	0.0	False			RNA-Seq|TRANSCRIPTOMIC|cDNA	bulk RNA-seq
PRJNA1365000	12	12	12	1	True	1	0	0.0	False			RNA-Seq|TRANSCRIPTOMIC|cDNA	bulk RNA-seq
PRJNA1365096	12	12	12	1	True	1	0	0.0	False			RNA-Seq|TRANSCRIPTOMIC|cDNA	bulk RNA-seq
PRJNA1365267	12	12	12	1	True	1	0	0.0	False			RNA-Seq|TRANSCRIPTOMIC|cDNA	bulk RNA-seq
PRJNA1366530	12	12	12	1	True	1	0	0.0	False			RNA-Seq|TRANSCRIPTOMIC|cDNA	bulk RNA-seq
PRJNA1372616	12	12	12	1	True	1	0	0.0	False			RNA-Seq|TRANSCRIPTOMIC|cDNA	bulk RNA-seq
PRJNA1373571	12	12	12	1	True	1	0	0.0	False			RNA-Seq|TRANSCRIPTOMIC|cDNA	bulk RNA-seq
PRJNA1377590	12	12	12	1	True	1	0	0.0	False			RNA-Seq|TRANSCRIPTOMIC|cDNA	bulk RNA-seq
PRJNA1380505	12	12	12	1	True	1	0	0.0	False			RNA-Seq|TRANSCRIPTOMIC|cDNA	bulk RNA-seq
PRJNA1389864	12	12	12	1	True	1	0	0.0	False			RNA-Seq|TRANSCRIPTOMIC|PolyA	bulk RNA-seq
PRJNA1393787	12	12	12	1	True	1	0	0.0	False			RNA-Seq|TRANSCRIPTOMIC|Oligo-dT	bulk RNA-seq
PRJNA1394918	12	12	12	1	True	1	0	0.0	False			RNA-Seq|TRANSCRIPTOMIC|cDNA	bulk RNA-seq
PRJNA1396669	12	12	12	1	True	1	0	0.0	False			RNA-Seq|TRANSCRIPTOMIC|cDNA	bulk RNA-seq
PRJNA1396794	12	12	12	1	True	1	0	0.0	False			RNA-Seq|TRANSCRIPTOMIC|PolyA	bulk RNA-seq
PRJNA1401831	12	12	24	2	False	1	0	0.0	False			RNA-Seq|TRANSCRIPTOMIC SINGLE CELL|cDNA	10x Genomics Chromium
PRJNA1405277	12	12	12	1	True	1	0	0.0	False			RNA-Seq|TRANSCRIPTOMIC|PolyA	bulk RNA-seq
PRJNA1414597	12	12	12	1	True	1	0	0.0	False			RNA-Seq|TRANSCRIPTOMIC|cDNA	bulk RNA-seq
PRJNA1423802	12	12	12	1	True	1	0	0.0	False			RNA-Seq|TRANSCRIPTOMIC|cDNA	bulk RNA-seq
PRJNA1426449	12	12	12	1	True	1	0	0.0	False			RNA-Seq|TRANSCRIPTOMIC|cDNA	bulk RNA-seq
PRJNA1428207	12	12	12	1	True	1	0	0.0	False			RNA-Seq|TRANSCRIPTOMIC|cDNA	bulk RNA-seq
PRJNA1436617	12	12	12	1	True	1	0	0.0	False			RNA-Seq|TRANSCRIPTOMIC|cDNA	bulk RNA-seq
PRJNA1436618	12	12	48	4	False	1	0	0.0	False			RNA-Seq|TRANSCRIPTOMIC|cDNA	bulk RNA-seq
PRJNA1438127	12	12	12	1	True	1	0	0.0	False			RNA-Seq|TRANSCRIPTOMIC|cDNA	bulk RNA-seq
PRJNA1438183	12	12	12	1	True	1	3	0.25	False		4.0	RNA-Seq|TRANSCRIPTOMIC|cDNA	bulk RNA-seq
PRJNA1439337	12	18	18	2	False	3	0	0.0	False			ATAC-seq|GENOMIC|other;Hi-C|GENOMIC|MNase;RNA-Seq|TRANSCRIPTOMIC|PolyA	bulk RNA-seq
PRJNA1439721	12	12	12	1	True	1	0	0.0	False			RNA-Seq|TRANSCRIPTOMIC|cDNA	bulk RNA-seq
PRJNA1449593	12	12	24	3	False	1	0	0.0	False			RNA-Seq|TRANSCRIPTOMIC SINGLE CELL|cDNA	10x Genomics Chromium
PRJNA1450053	12	12	12	1	True	1	0	0.0	False			RNA-Seq|TRANSCRIPTOMIC SINGLE CELL|cDNA	bulk RNA-seq
PRJNA1450529	12	12	12	1	True	1	0	0.0	False			RNA-Seq|TRANSCRIPTOMIC|cDNA	TruSeq Stranded mRNA
PRJNA1450562	12	12	12	1	True	1	0	0.0	False			RNA-Seq|TRANSCRIPTOMIC|cDNA	bulk RNA-seq
PRJNA1453448	12	12	12	1	True	1	0	0.0	False			RNA-Seq|TRANSCRIPTOMIC SINGLE CELL|cDNA	10x Genomics Chromium
PRJNA1456084	12	12	12	1	True	1	0	0.0	False			RNA-Seq|TRANSCRIPTOMIC|cDNA	bulk RNA-seq
PRJNA1456348	12	12	12	1	True	1	0	0.0	False			RNA-Seq|TRANSCRIPTOMIC SINGLE CELL|Oligo-dT	single nucleus RNA-seq
PRJNA1456370	12	12	12	1	True	1	0	0.0	False			RNA-Seq|TRANSCRIPTOMIC|cDNA	bulk RNA-seq
PRJNA1458061	12	12	12	1	True	1	0	0.0	False			RNA-Seq|TRANSCRIPTOMIC|cDNA	bulk RNA-seq
PRJNA1458838	12	12	12	1	True	1	0	0.0	False			RNA-Seq|TRANSCRIPTOMIC|cDNA	bulk RNA-seq
PRJNA1461705	12	12	12	1	True	1	0	0.0	False			RNA-Seq|TRANSCRIPTOMIC|cDNA	bulk RNA-seq
PRJNA1461920	12	12	12	1	True	1	0	0.0	False			RNA-Seq|TRANSCRIPTOMIC SINGLE CELL|PolyA	10x Genomics Chromium
PRJNA1463003	12	12	12	1	True	1	0	0.0	False			RNA-Seq|TRANSCRIPTOMIC|cDNA	bulk RNA-seq
PRJNA1463208	12	12	12	1	True	1	0	0.0	False			RNA-Seq|TRANSCRIPTOMIC|cDNA	bulk RNA-seq
PRJNA1463232	12	12	12	1	True	1	0	0.0	False			RNA-Seq|TRANSCRIPTOMIC|cDNA	bulk RNA-seq
PRJNA1464578	12	12	12	1	True	1	0	0.0	False			RNA-Seq|TRANSCRIPTOMIC|cDNA	bulk RNA-seq
PRJNA1465357	12	12	12	1	True	1	0	0.0	False			RNA-Seq|TRANSCRIPTOMIC|cDNA	TruSeq Stranded mRNA
PRJNA1467185	12	12	12	1	True	1	0	0.0	False			RNA-Seq|TRANSCRIPTOMIC|PolyA	bulk RNA-seq
PRJNA1467443	12	12	12	1	True	1	0	0.0	False			RNA-Seq|TRANSCRIPTOMIC SINGLE CELL|cDNA	10x Genomics Chromium
PRJNA1471051	12	12	12	1	True	1	0	0.0	False			RNA-Seq|TRANSCRIPTOMIC|cDNA	Parse Biosciences
PRJNA1474518	12	12	12	1	True	1	0	0.0	False			RNA-Seq|TRANSCRIPTOMIC|cDNA	bulk RNA-seq
PRJNA1477407	12	12	48	4	False	1	0	0.0	False			RNA-Seq|TRANSCRIPTOMIC|cDNA	TruSeq Stranded mRNA
PRJNA1478654	12	12	12	1	True	1	0	0.0	False			RNA-Seq|TRANSCRIPTOMIC|cDNA	bulk RNA-seq
PRJNA1479125	12	12	12	1	True	1	0	0.0	False			RNA-Seq|TRANSCRIPTOMIC|PolyA	bulk RNA-seq
PRJNA1479211	12	12	12	1	True	1	0	0.0	False			RNA-Seq|TRANSCRIPTOMIC|cDNA	bulk RNA-seq
PRJNA1479452	12	12	12	1	True	1	0	0.0	False			RNA-Seq|TRANSCRIPTOMIC|cDNA	bulk RNA-seq
PRJNA1480764	12	12	12	1	True	1	0	0.0	False			RNA-Seq|TRANSCRIPTOMIC|PolyA	bulk RNA-seq
PRJNA1483530	12	12	12	1	True	1	0	0.0	False			RNA-Seq|TRANSCRIPTOMIC|PolyA	TruSeq Stranded mRNA
PRJNA1483626	12	12	12	1	True	1	0	0.0	False			RNA-Seq|TRANSCRIPTOMIC|cDNA	bulk RNA-seq
PRJNA1490632	12	12	12	1	True	1	0	0.0	False			RNA-Seq|TRANSCRIPTOMIC|cDNA	bulk RNA-seq
PRJNA1494336	12	12	12	1	True	1	0	0.0	False			RNA-Seq|TRANSCRIPTOMIC|cDNA	bulk RNA-seq
PRJNA1494518	12	12	12	1	True	1	0	0.0	False			RNA-Seq|TRANSCRIPTOMIC|cDNA	bulk RNA-seq
PRJNA208734	12	12	16	2	False	1	0	0.0	False			RNA-Seq|TRANSCRIPTOMIC|cDNA	polyA selected RNA-seq
PRJNA276134	12	12	12	1	True	3	0	0.0	False			OTHER|TRANSCRIPTOMIC|other;RNA-Seq|TRANSCRIPTOMIC|cDNA;ncRNA-Seq|TRANSCRIPTOMIC|size fractionation	polyA selected RNA-seq
PRJNA307630	12	12	12	1	True	1	0	0.0	False			RNA-Seq|TRANSCRIPTOMIC|cDNA	TruSeq Stranded mRNA
PRJNA310220	12	12	12	1	True	1	0	0.0	False			RNA-Seq|TRANSCRIPTOMIC|cDNA	TruSeq Stranded mRNA
PRJNA316522	12	12	12	1	True	1	0	0.0	False			RNA-Seq|TRANSCRIPTOMIC|cDNA	TruSeq Stranded mRNA
PRJNA319006	12	12	12	1	True	2	0	0.0	False			ChIP-Seq|GENOMIC|ChIP;RNA-Seq|TRANSCRIPTOMIC|cDNA	polyA selected RNA-seq
PRJNA321758	12	12	12	1	True	1	0	0.0	False			RNA-Seq|TRANSCRIPTOMIC|cDNA	polyA selected RNA-seq
PRJNA322842	12	12	12	1	True	1	0	0.0	False			RNA-Seq|TRANSCRIPTOMIC|cDNA	Drop-seq
PRJNA352039	12	12	12	1	True	1	0	0.0	False			RNA-Seq|TRANSCRIPTOMIC|cDNA	bulk RNA-seq
PRJNA360252	12	12	12	1	True	1	0	0.0	False			RNA-Seq|TRANSCRIPTOMIC|cDNA	polyA selected RNA-seq
PRJNA393430	12	12	12	1	True	1	0	0.0	False			RNA-Seq|TRANSCRIPTOMIC|cDNA	inDrop;bulk RNA-seq
PRJNA393733	12	12	12	1	True	1	0	0.0	False			RNA-Seq|TRANSCRIPTOMIC|cDNA	TruSeq Stranded mRNA
PRJNA395984	12	12	12	1	True	1	2	0.5	False		6.0	RNA-Seq|TRANSCRIPTOMIC|cDNA	polyA selected RNA-seq
PRJNA399135	12	12	12	1	True	1	2	1.0	False		6.0	RNA-Seq|TRANSCRIPTOMIC|cDNA	TruSeq Stranded mRNA
PRJNA407881	12	12	12	1	True	1	0	0.0	False			RNA-Seq|TRANSCRIPTOMIC|cDNA	Drop-seq
PRJNA418146	12	12	12	1	True	1	0	0.0	False			ChIP-Seq|GENOMIC|ChIP	TruSeq Stranded mRNA
PRJNA422862	12	12	12	1	True	1	0	0.0	False			RNA-Seq|TRANSCRIPTOMIC|cDNA	bulk RNA-seq
PRJNA423227	12	12	12	1	True	1	0	0.0	False			RNA-Seq|TRANSCRIPTOMIC|cDNA	TruSeq Stranded mRNA
PRJNA429793	12	12	12	1	True	1	0	0.0	False			RNA-Seq|TRANSCRIPTOMIC|cDNA	TruSeq Stranded mRNA
PRJNA432557	12	12	12	1	True	1	0	0.0	False			RNA-Seq|TRANSCRIPTOMIC|cDNA	Drop-seq
PRJNA434735	12	12	12	1	True	1	0	0.0	False			RNA-Seq|TRANSCRIPTOMIC|cDNA	polyA selected RNA-seq
PRJNA470936	12	12	12	1	True	1	0	0.0	False			RNA-Seq|TRANSCRIPTOMIC|cDNA	bulk RNA-seq
PRJNA478141	12	12	45	4	False	1	0	0.0	False			RNA-Seq|TRANSCRIPTOMIC|cDNA	bulk RNA-seq
PRJNA487456	12	12	12	1	True	1	0	0.0	False			RNA-Seq|TRANSCRIPTOMIC|cDNA	bulk RNA-seq
PRJNA487726	12	12	12	1	True	1	0	0.0	False			RNA-Seq|TRANSCRIPTOMIC|cDNA	TruSeq Stranded mRNA
PRJNA492454	12	12	12	1	True	1	0	0.0	False			RNA-Seq|TRANSCRIPTOMIC|cDNA	TruSeq Stranded mRNA
PRJNA503593	12	12	12	1	True	1	1	0.5	False		12.0	RNA-Seq|TRANSCRIPTOMIC|cDNA	TruSeq Stranded mRNA
PRJNA505627	12	12	12	1	True	1	0	0.0	False			RNA-Seq|TRANSCRIPTOMIC|cDNA	TruSeq Stranded mRNA
PRJNA507265	12	12	12	1	True	1	0	0.0	False			RNA-Seq|TRANSCRIPTOMIC|cDNA	bulk RNA-seq
PRJNA515437	12	12	23	2	False	1	0	0.0	False			RNA-Seq|TRANSCRIPTOMIC|cDNA	10x Genomics Chromium
PRJNA515481	12	12	12	1	True	1	0	0.0	False			RNA-Seq|TRANSCRIPTOMIC|cDNA	TruSeq Stranded mRNA
PRJNA521700	12	12	12	1	True	1	0	0.0	False			RNA-Seq|TRANSCRIPTOMIC|cDNA	polyA selected RNA-seq
PRJNA525881	12	12	12	1	True	1	0	0.0	False			RNA-Seq|TRANSCRIPTOMIC|cDNA	TruSeq Stranded mRNA
PRJNA528897	12	12	12	1	True	1	0	0.0	False			RNA-Seq|TRANSCRIPTOMIC|cDNA	bulk RNA-seq
PRJNA532850	12	12	12	1	True	1	0	0.0	False			RNA-Seq|TRANSCRIPTOMIC|cDNA	10x Genomics Chromium
PRJNA542649	12	12	12	1	True	1	0	0.0	False			RNA-Seq|TRANSCRIPTOMIC|cDNA	10x Genomics Chromium
PRJNA543394	12	14	14	3	False	3	0	0.0	False			OTHER|GENOMIC|RANDOM;RNA-Seq|TRANSCRIPTOMIC|RANDOM;WGS|GENOMIC|RANDOM	10x Genomics Chromium
PRJNA545106	12	12	12	1	True	1	0	0.0	False			RNA-Seq|TRANSCRIPTOMIC|cDNA	bulk RNA-seq
PRJNA550425	12	12	12	1	True	1	3	0.667	False		4.0	RNA-Seq|TRANSCRIPTOMIC|cDNA	bulk RNA-seq
PRJNA551611	12	12	24	2	False	1	0	0.0	False			RNA-Seq|TRANSCRIPTOMIC|cDNA	bulk RNA-seq
PRJNA551753	12	12	12	1	True	1	0	0.0	False			RNA-Seq|TRANSCRIPTOMIC|cDNA	single nucleus RNA-seq
PRJNA553224	12	12	48	4	False	1	0	0.0	False			RNA-Seq|TRANSCRIPTOMIC|cDNA	TruSeq Stranded mRNA
PRJNA553692	12	12	12	1	True	1	0	0.0	False			RNA-Seq|TRANSCRIPTOMIC|cDNA	TruSeq Stranded mRNA
PRJNA557598	12	12	12	1	True	1	0	0.0	False			RNA-Seq|TRANSCRIPTOMIC|cDNA	TruSeq Stranded mRNA
PRJNA574403	12	12	18	2	False	1	1	1.0	False		12.0	RNA-Seq|TRANSCRIPTOMIC|cDNA	bulk RNA-seq
PRJNA578399	12	12	12	1	True	1	0	0.0	False			RNA-Seq|TRANSCRIPTOMIC|cDNA	bulk RNA-seq
PRJNA587787	12	12	48	4	False	1	0	0.0	False			RNA-Seq|TRANSCRIPTOMIC|cDNA	TruSeq Stranded mRNA
PRJNA590878	12	12	12	1	True	1	0	0.0	False			RNA-Seq|TRANSCRIPTOMIC|cDNA	TruSeq Stranded mRNA
PRJNA598341	12	12	12	1	True	1	0	0.0	False			RNA-Seq|TRANSCRIPTOMIC|cDNA	bulk RNA-seq
PRJNA603770	12	12	12	1	True	1	0	0.0	False			RNA-Seq|TRANSCRIPTOMIC|cDNA	bulk RNA-seq
PRJNA605563	12	12	12	1	True	1	0	0.0	False			RNA-Seq|TRANSCRIPTOMIC|cDNA	TruSeq Stranded mRNA
PRJNA606504	12	12	12	1	True	1	0	0.0	False			RNA-Seq|TRANSCRIPTOMIC|cDNA	bulk RNA-seq
PRJNA608182	12	12	12	1	True	1	0	0.0	False			RNA-Seq|TRANSCRIPTOMIC|cDNA	10x Genomics Chromium
PRJNA608713	12	12	12	1	True	1	0	0.0	False			RNA-Seq|TRANSCRIPTOMIC|cDNA	bulk RNA-seq
PRJNA608748	12	12	12	1	True	1	0	0.0	False			RNA-Seq|TRANSCRIPTOMIC|cDNA	bulk RNA-seq
PRJNA609976	12	12	44	12	False	1	0	0.0	False			RNA-Seq|TRANSCRIPTOMIC|cDNA	10x Genomics Chromium
PRJNA611043	12	12	24	4	False	1	0	0.0	False			RNA-Seq|TRANSCRIPTOMIC|cDNA	10x Genomics Chromium;Drop-seq
PRJNA615849	12	12	12	1	True	1	0	0.0	False			RNA-Seq|TRANSCRIPTOMIC|cDNA	TruSeq Stranded mRNA
PRJNA623411	12	12	22	2	False	2	0	0.0	False			ChIP-Seq|GENOMIC|ChIP;RNA-Seq|TRANSCRIPTOMIC|cDNA	10x Genomics Chromium
PRJNA625295	12	12	12	1	True	1	0	0.0	False			RNA-Seq|TRANSCRIPTOMIC|cDNA	TruSeq Stranded mRNA
PRJNA626461	12	12	12	1	True	1	15	1.0	False		0.8	RNA-Seq|TRANSCRIPTOMIC|RANDOM	TruSeq Stranded mRNA
PRJNA629893	12	12	12	1	True	1	12	1.0	False		1.0	RNA-Seq|TRANSCRIPTOMIC|cDNA	bulk RNA-seq
PRJNA631057	12	12	12	1	True	1	0	0.0	False			RNA-Seq|TRANSCRIPTOMIC|cDNA	bulk RNA-seq
PRJNA633178	12	12	12	1	True	1	2	1.0	False		6.0	RNA-Seq|TRANSCRIPTOMIC|cDNA	Drop-seq
PRJNA635634	12	12	12	1	True	1	0	0.0	False			RNA-Seq|TRANSCRIPTOMIC|cDNA	bulk RNA-seq
PRJNA640350	12	12	12	1	True	1	0	0.0	False			RNA-Seq|TRANSCRIPTOMIC|cDNA	bulk RNA-seq
PRJNA641848	12	12	12	1	True	1	0	0.0	False			RNA-Seq|TRANSCRIPTOMIC|cDNA	bulk RNA-seq
PRJNA645174	12	12	12	1	True	1	0	0.0	False			RNA-Seq|TRANSCRIPTOMIC|cDNA	bulk RNA-seq
PRJNA646069	12	12	24	2	False	1	0	0.0	False			RNA-Seq|TRANSCRIPTOMIC|cDNA	bulk RNA-seq
PRJNA646932	12	12	48	4	False	1	0	0.0	False			RNA-Seq|TRANSCRIPTOMIC|cDNA	TruSeq Stranded mRNA
PRJNA656853	12	12	12	1	True	1	1	0.5	False		12.0	RNA-Seq|TRANSCRIPTOMIC|cDNA	bulk RNA-seq
PRJNA658601	12	12	13	2	False	1	0	0.0	False			RNA-Seq|TRANSCRIPTOMIC|cDNA	bulk RNA-seq
PRJNA659519	12	12	36	3	False	1	0	0.0	False			RNA-Seq|TRANSCRIPTOMIC|cDNA	TruSeq Stranded mRNA
PRJNA660254	12	12	12	1	True	1	0	0.0	False			RNA-Seq|TRANSCRIPTOMIC|cDNA	TruSeq Stranded mRNA
PRJNA663555	12	12	12	1	True	1	1	1.0	False		12.0	RNA-Seq|TRANSCRIPTOMIC|cDNA	bulk RNA-seq
PRJNA666889	12	12	12	1	True	1	0	0.0	False			RNA-Seq|TRANSCRIPTOMIC|cDNA	bulk RNA-seq
PRJNA669987	12	12	48	4	False	1	0	0.0	False			RNA-Seq|TRANSCRIPTOMIC|cDNA	TruSeq Stranded mRNA
PRJNA673812	12	12	12	1	True	1	3	0.417	False		4.0	RNA-Seq|TRANSCRIPTOMIC|cDNA	bulk RNA-seq
PRJNA678288	12	12	12	1	True	1	0	0.0	False			RNA-Seq|TRANSCRIPTOMIC|cDNA	bulk RNA-seq
PRJNA680812	12	12	12	1	True	1	0	0.0	False			RNA-Seq|TRANSCRIPTOMIC|cDNA	bulk RNA-seq
PRJNA681906	12	12	48	4	False	1	0	0.0	False			RNA-Seq|TRANSCRIPTOMIC|cDNA	TruSeq Stranded mRNA
PRJNA681907	12	12	48	4	False	1	0	0.0	False			RNA-Seq|TRANSCRIPTOMIC|cDNA	TruSeq Stranded mRNA
PRJNA685057	12	12	12	1	True	1	0	0.0	False			RNA-Seq|TRANSCRIPTOMIC|cDNA	TruSeq Stranded mRNA
PRJNA689721	12	12	12	1	True	1	7	1.0	False		1.71	RNA-Seq|TRANSCRIPTOMIC|cDNA	bulk RNA-seq
PRJNA702456	12	12	12	1	True	1	1	1.0	False		12.0	RNA-Seq|TRANSCRIPTOMIC|cDNA	bulk RNA-seq
PRJNA703549	12	12	12	1	True	1	0	0.0	False			RNA-Seq|TRANSCRIPTOMIC|cDNA	TruSeq Stranded mRNA
PRJNA704810	12	12	12	1	True	1	0	0.0	False			RNA-Seq|TRANSCRIPTOMIC|cDNA	bulk RNA-seq
PRJNA714093	12	12	24	2	False	1	0	0.0	False			RNA-Seq|TRANSCRIPTOMIC|cDNA	bulk RNA-seq
PRJNA714094	12	12	12	1	True	1	0	0.0	False			RNA-Seq|TRANSCRIPTOMIC|cDNA	bulk RNA-seq
PRJNA714897	12	12	12	1	True	1	0	0.0	False			RNA-Seq|TRANSCRIPTOMIC|cDNA	bulk RNA-seq
PRJNA714962	12	12	12	1	True	1	0	0.0	False			RNA-Seq|TRANSCRIPTOMIC|cDNA	bulk RNA-seq
PRJNA716830	12	12	30	4	False	1	0	0.0	False			RNA-Seq|TRANSCRIPTOMIC|cDNA	10x Genomics Chromium
PRJNA717967	12	12	12	1	True	1	0	0.0	False			RNA-Seq|TRANSCRIPTOMIC|cDNA	TruSeq Stranded mRNA
PRJNA718775	12	12	18	3	False	1	0	0.0	False			RNA-Seq|TRANSCRIPTOMIC|cDNA	BD Rhapsody
PRJNA718859	12	12	12	1	True	1	0	0.0	False			RNA-Seq|TRANSCRIPTOMIC|cDNA	bulk RNA-seq
PRJNA722016	12	12	12	1	True	1	0	0.0	False			RNA-Seq|TRANSCRIPTOMIC|cDNA	bulk RNA-seq
PRJNA722173	12	12	12	1	True	1	0	0.0	False			RNA-Seq|TRANSCRIPTOMIC|cDNA	polyA selected RNA-seq
PRJNA725123	12	12	12	1	True	1	0	0.0	False			RNA-Seq|TRANSCRIPTOMIC|cDNA	bulk RNA-seq
PRJNA726825	12	12	12	1	True	1	0	0.0	False			RNA-Seq|TRANSCRIPTOMIC|cDNA	TruSeq Stranded mRNA
PRJNA732698	12	12	12	1	True	1	0	0.0	False			RNA-Seq|TRANSCRIPTOMIC|cDNA	10x Genomics Chromium
PRJNA736103	12	12	12	1	True	1	0	0.0	False			RNA-Seq|TRANSCRIPTOMIC|cDNA	TruSeq Stranded mRNA
PRJNA746295	12	12	12	1	True	1	0	0.0	False			RNA-Seq|TRANSCRIPTOMIC|cDNA	bulk RNA-seq
PRJNA748434	12	12	12	1	True	1	0	0.0	False			RNA-Seq|TRANSCRIPTOMIC|cDNA	bulk RNA-seq
PRJNA748589	12	12	12	1	True	1	0	0.0	False			RNA-Seq|TRANSCRIPTOMIC|cDNA	bulk RNA-seq
PRJNA751586	12	12	12	1	True	1	1	0.667	False		12.0	RNA-Seq|TRANSCRIPTOMIC|cDNA	10x Genomics Chromium
PRJNA753716	12	12	12	1	True	1	0	0.0	False			RNA-Seq|TRANSCRIPTOMIC|cDNA	bulk RNA-seq
PRJNA756366	12	12	12	1	True	1	0	0.0	False			RNA-Seq|TRANSCRIPTOMIC|cDNA	bulk RNA-seq
PRJNA758794	12	12	12	1	True	1	2	0.75	False		6.0	RNA-Seq|TRANSCRIPTOMIC|cDNA	bulk RNA-seq
PRJNA763921	12	12	12	1	True	1	0	0.0	False			RNA-Seq|TRANSCRIPTOMIC|cDNA	bulk RNA-seq
PRJNA765028	12	12	12	1	True	1	0	0.0	False			RNA-Seq|TRANSCRIPTOMIC|cDNA	TruSeq Stranded mRNA
PRJNA765371	12	12	12	1	True	1	0	0.0	False			RNA-Seq|TRANSCRIPTOMIC|cDNA	bulk RNA-seq
PRJNA765610	12	12	12	1	True	1	0	0.0	False			RNA-Seq|TRANSCRIPTOMIC|cDNA	bulk RNA-seq
PRJNA767388	12	12	17	2	False	1	0	0.0	False			RNA-Seq|TRANSCRIPTOMIC|cDNA	Drop-seq
PRJNA769136	12	12	22	2	False	2	0	0.0	False			RNA-Seq|TRANSCRIPTOMIC SINGLE CELL|cDNA;RNA-Seq|TRANSCRIPTOMIC|cDNA	single nucleus RNA-seq
PRJNA772283	12	12	24	2	False	1	0	0.0	False			RNA-Seq|TRANSCRIPTOMIC|cDNA	TruSeq Stranded mRNA
PRJNA777248	12	12	12	1	True	1	0	0.0	False			RNA-Seq|TRANSCRIPTOMIC|cDNA	bulk RNA-seq
PRJNA778176	12	12	12	1	True	1	0	0.0	False			RNA-Seq|TRANSCRIPTOMIC|cDNA	bulk RNA-seq
PRJNA779929	12	12	12	1	True	1	1	0.333	False		12.0	RNA-Seq|TRANSCRIPTOMIC|cDNA	bulk RNA-seq
PRJNA784398	12	12	12	1	True	1	0	0.0	False			RNA-Seq|TRANSCRIPTOMIC|cDNA	bulk RNA-seq
PRJNA785973	12	12	12	1	True	1	5	0.833	False		2.4	RNA-Seq|TRANSCRIPTOMIC|cDNA	bulk RNA-seq
PRJNA785976	12	12	12	1	True	1	0	0.0	False			RNA-Seq|TRANSCRIPTOMIC|cDNA	bulk RNA-seq
PRJNA786582	12	12	12	1	True	1	0	0.0	False			RNA-Seq|GENOMIC|cDNA	bulk RNA-seq
PRJNA787495	12	12	12	1	True	1	0	0.0	False			RNA-Seq|TRANSCRIPTOMIC|cDNA	polyA selected RNA-seq
PRJNA787497	12	12	12	1	True	1	0	0.0	False			RNA-Seq|TRANSCRIPTOMIC|cDNA	polyA selected RNA-seq
PRJNA788502	12	12	12	1	True	1	0	0.0	False			RNA-Seq|TRANSCRIPTOMIC|cDNA	TruSeq Stranded mRNA
PRJNA789278	12	12	12	1	True	1	0	0.0	False			RNA-Seq|TRANSCRIPTOMIC|cDNA	bulk RNA-seq
PRJNA790829	12	12	12	1	True	1	0	0.0	False			RNA-Seq|TRANSCRIPTOMIC|cDNA	bulk RNA-seq
PRJNA790932	12	12	12	1	True	1	0	0.0	False			RNA-Seq|TRANSCRIPTOMIC|cDNA	inDrop;bulk RNA-seq
PRJNA793679	12	12	54	8	False	1	0	0.0	False			RNA-Seq|TRANSCRIPTOMIC|cDNA	bulk RNA-seq
PRJNA796518	12	12	12	1	True	1	3	0.75	False		4.0	RNA-Seq|TRANSCRIPTOMIC|cDNA	TruSeq Stranded mRNA
PRJNA797168	12	12	12	1	True	1	12	1.0	False		1.0	RNA-Seq|TRANSCRIPTOMIC|cDNA	bulk RNA-seq
PRJNA798098	12	12	12	1	True	1	0	0.0	False			RNA-Seq|TRANSCRIPTOMIC|cDNA	TruSeq Stranded mRNA
PRJNA798264	12	12	12	1	True	1	0	0.0	False			RNA-Seq|TRANSCRIPTOMIC|cDNA	bulk RNA-seq
PRJNA799021	12	12	12	1	True	1	0	0.0	False			RNA-Seq|TRANSCRIPTOMIC|cDNA	bulk RNA-seq
PRJNA799357	12	12	12	1	True	1	0	0.0	False			RNA-Seq|TRANSCRIPTOMIC|cDNA	bulk RNA-seq
PRJNA801710	12	12	12	1	True	1	1	0.25	False		12.0	RNA-Seq|TRANSCRIPTOMIC|cDNA	bulk RNA-seq
PRJNA803457	12	12	12	1	True	1	0	0.0	False			RNA-Seq|TRANSCRIPTOMIC|cDNA	bulk RNA-seq
PRJNA809694	12	12	12	1	True	1	0	0.0	False			RNA-Seq|TRANSCRIPTOMIC|cDNA	bulk RNA-seq
PRJNA813506	12	12	12	1	True	1	0	0.0	False			RNA-Seq|TRANSCRIPTOMIC|cDNA	bulk RNA-seq
PRJNA813686	12	12	12	1	True	1	0	0.0	False			RNA-Seq|TRANSCRIPTOMIC|cDNA	bulk RNA-seq
PRJNA818274	12	12	18	2	False	1	0	0.0	False			RNA-Seq|TRANSCRIPTOMIC|cDNA	bulk RNA-seq
PRJNA821893	12	12	12	1	True	1	0	0.0	False			RNA-Seq|TRANSCRIPTOMIC|cDNA	bulk RNA-seq
PRJNA823698	12	12	12	1	True	1	0	0.0	False			RNA-Seq|TRANSCRIPTOMIC|cDNA	bulk RNA-seq
PRJNA824022	12	12	12	1	True	1	0	0.0	False			RNA-Seq|TRANSCRIPTOMIC|cDNA	bulk RNA-seq
PRJNA828542	12	12	12	1	True	1	0	0.0	False			RNA-Seq|TRANSCRIPTOMIC|cDNA	bulk RNA-seq
PRJNA831431	12	12	12	1	True	1	0	0.0	False			RNA-Seq|TRANSCRIPTOMIC|cDNA	bulk RNA-seq
PRJNA832807	12	12	12	1	True	1	0	0.0	False			RNA-Seq|TRANSCRIPTOMIC|cDNA	bulk RNA-seq
PRJNA837427	12	12	12	1	True	1	0	0.0	False			RNA-Seq|TRANSCRIPTOMIC|cDNA	bulk RNA-seq
PRJNA842701	12	12	12	1	True	2	0	0.0	False			RNA-Seq|TRANSCRIPTOMIC SINGLE CELL|cDNA;RNA-Seq|TRANSCRIPTOMIC|cDNA	Drop-seq
PRJNA842770	12	12	12	1	True	1	0	0.0	False			RNA-Seq|TRANSCRIPTOMIC|cDNA	bulk RNA-seq
PRJNA843467	12	12	12	1	True	1	1	0.5	False		12.0	RNA-Seq|TRANSCRIPTOMIC|cDNA	bulk RNA-seq
PRJNA847895	12	12	48	4	False	1	0	0.0	False			RNA-Seq|TRANSCRIPTOMIC|cDNA	bulk RNA-seq
PRJNA851353	12	12	12	1	True	1	0	0.0	False			RNA-Seq|TRANSCRIPTOMIC|cDNA	TruSeq Stranded mRNA
PRJNA851391	12	12	12	1	True	1	0	0.0	False			RNA-Seq|TRANSCRIPTOMIC|cDNA	bulk RNA-seq
PRJNA851433	12	12	12	1	True	1	0	0.0	False			RNA-Seq|TRANSCRIPTOMIC|cDNA	bulk RNA-seq
PRJNA851621	12	12	12	1	True	1	0	0.0	False			RNA-Seq|TRANSCRIPTOMIC|cDNA	bulk RNA-seq
PRJNA852783	12	12	12	1	True	1	0	0.0	False			RNA-Seq|TRANSCRIPTOMIC|cDNA	bulk RNA-seq
PRJNA857005	12	12	12	1	True	1	1	1.0	False		12.0	RNA-Seq|TRANSCRIPTOMIC|cDNA	bulk RNA-seq
PRJNA857735	12	12	12	1	True	1	0	0.0	False			RNA-Seq|TRANSCRIPTOMIC|cDNA	polyA selected RNA-seq
PRJNA858065	12	12	12	1	True	1	0	0.0	False			RNA-Seq|TRANSCRIPTOMIC|cDNA	bulk RNA-seq
PRJNA861964	12	12	12	1	True	1	0	0.0	False			RNA-Seq|TRANSCRIPTOMIC|cDNA	bulk RNA-seq
PRJNA862126	12	12	12	1	True	1	0	0.0	False			RNA-Seq|TRANSCRIPTOMIC|cDNA	bulk RNA-seq
PRJNA863293	12	12	12	1	True	1	0	0.0	False			RNA-Seq|TRANSCRIPTOMIC|cDNA	bulk RNA-seq
PRJNA864771	12	12	12	1	True	1	1	0.333	False		12.0	RNA-Seq|TRANSCRIPTOMIC|cDNA	polyA selected RNA-seq
PRJNA868343	12	12	12	1	True	1	0	0.0	False			RNA-Seq|TRANSCRIPTOMIC|cDNA	bulk RNA-seq
PRJNA874434	12	12	20	2	False	1	0	0.0	False			RNA-Seq|TRANSCRIPTOMIC|cDNA	bulk RNA-seq
PRJNA875567	12	12	12	1	True	1	0	0.0	False			RNA-Seq|TRANSCRIPTOMIC SINGLE CELL|cDNA	Drop-seq
PRJNA878505	12	12	16	2	False	1	0	0.0	False			RNA-Seq|TRANSCRIPTOMIC SINGLE CELL|cDNA	10x Genomics Chromium
PRJNA879131	12	12	12	1	True	1	0	0.0	False			RNA-Seq|TRANSCRIPTOMIC|cDNA	bulk RNA-seq
PRJNA884310	12	12	12	1	True	1	0	0.0	False			RNA-Seq|TRANSCRIPTOMIC|cDNA	bulk RNA-seq
PRJNA885818	12	12	12	1	True	1	0	0.0	False			RNA-Seq|TRANSCRIPTOMIC SINGLE CELL|cDNA	10x Genomics Chromium
PRJNA890219	12	12	24	2	False	1	12	1.0	False		1.0	RNA-Seq|TRANSCRIPTOMIC SINGLE CELL|cDNA	10x Genomics Chromium
PRJNA894722	12	12	12	1	True	1	0	0.0	False			RNA-Seq|TRANSCRIPTOMIC|cDNA	bulk RNA-seq
PRJNA896496	12	12	12	1	True	1	0	0.0	False			RNA-Seq|TRANSCRIPTOMIC|cDNA	TruSeq Stranded mRNA
PRJNA897117	12	12	12	1	True	1	0	0.0	False			RNA-Seq|TRANSCRIPTOMIC|RANDOM PCR	bulk RNA-seq
PRJNA899447	12	12	12	1	True	1	0	0.0	False			RNA-Seq|TRANSCRIPTOMIC|Oligo-dT	bulk RNA-seq
PRJNA899507	12	12	12	1	True	1	0	0.0	False			RNA-Seq|TRANSCRIPTOMIC|cDNA	bulk RNA-seq
PRJNA899524	12	12	12	1	True	1	0	0.0	False			RNA-Seq|TRANSCRIPTOMIC|cDNA	bulk RNA-seq
PRJNA899600	12	12	12	1	True	1	0	0.0	False			RNA-Seq|TRANSCRIPTOMIC|RANDOM	bulk RNA-seq
PRJNA904726	12	12	12	1	True	1	0	0.0	False			RNA-Seq|TRANSCRIPTOMIC|cDNA	bulk RNA-seq
PRJNA906570	12	12	12	1	True	1	0	0.0	False			RNA-Seq|TRANSCRIPTOMIC|PCR	bulk RNA-seq
PRJNA907282	12	12	12	1	True	1	0	0.0	False			RNA-Seq|TRANSCRIPTOMIC|PCR	bulk RNA-seq
PRJNA909991	12	12	12	1	True	1	2	0.333	False		6.0	RNA-Seq|TRANSCRIPTOMIC|cDNA	bulk RNA-seq
PRJNA910244	12	12	12	1	True	1	0	0.0	False			RNA-Seq|TRANSCRIPTOMIC|cDNA	bulk RNA-seq
PRJNA910503	12	12	12	1	True	1	0	0.0	False			RNA-Seq|TRANSCRIPTOMIC|RANDOM	bulk RNA-seq
PRJNA910521	12	12	12	1	True	1	0	0.0	False			RNA-Seq|TRANSCRIPTOMIC|cDNA	bulk RNA-seq
PRJNA914279	12	12	12	1	True	1	0	0.0	False			RNA-Seq|TRANSCRIPTOMIC|cDNA	bulk RNA-seq
PRJNA914286	12	12	12	1	True	1	0	0.0	False			RNA-Seq|TRANSCRIPTOMIC|cDNA	bulk RNA-seq
PRJNA914782	12	12	12	1	True	1	0	0.0	False			RNA-Seq|TRANSCRIPTOMIC|cDNA	TruSeq Stranded mRNA
PRJNA915073	12	12	17	2	False	1	0	0.0	False			RNA-Seq|TRANSCRIPTOMIC SINGLE CELL|cDNA	bulk RNA-seq
PRJNA922552	12	12	12	1	True	1	0	0.0	False			RNA-Seq|TRANSCRIPTOMIC|cDNA	bulk RNA-seq
PRJNA924805	12	12	12	1	True	1	0	0.0	False			RNA-Seq|TRANSCRIPTOMIC|cDNA	bulk RNA-seq
PRJNA924854	12	12	12	1	True	1	0	0.0	False			RNA-Seq|TRANSCRIPTOMIC|cDNA	bulk RNA-seq
PRJNA930687	12	12	12	1	True	1	0	0.0	False			RNA-Seq|TRANSCRIPTOMIC|cDNA	10x Genomics Chromium
PRJNA933164	12	12	12	1	True	1	2	0.667	False		6.0	RNA-Seq|TRANSCRIPTOMIC|cDNA	bulk RNA-seq
PRJNA934892	12	12	12	1	True	1	0	0.0	False			RNA-Seq|TRANSCRIPTOMIC|cDNA	bulk RNA-seq
PRJNA936175	12	12	36	4	False	2	0	0.0	False			ATAC-seq|GENOMIC SINGLE CELL|other;RNA-Seq|TRANSCRIPTOMIC SINGLE CELL|cDNA	single nucleus RNA-seq
PRJNA936888	12	12	12	1	True	1	0	0.0	False			RNA-Seq|TRANSCRIPTOMIC|cDNA	bulk RNA-seq;polyA selected RNA-seq
PRJNA939357	12	12	24	4	False	3	0	0.0	False			MeDIP-Seq|GENOMIC|5-methylcytidine antibody;RNA-Seq|TRANSCRIPTOMIC SINGLE CELL|cDNA;RNA-Seq|TRANSCRIPTOMIC|cDNA	bulk RNA-seq
PRJNA940474	12	12	20	2	False	1	1	0.6	False		12.0	RNA-Seq|TRANSCRIPTOMIC|cDNA	bulk RNA-seq
PRJNA940805	12	12	12	1	True	1	0	0.0	False			RNA-Seq|TRANSCRIPTOMIC|cDNA	bulk RNA-seq
PRJNA941790	12	12	12	1	True	1	0	0.0	False			RNA-Seq|TRANSCRIPTOMIC|cDNA	bulk RNA-seq
PRJNA941805	12	12	12	1	True	1	0	0.0	False			RNA-Seq|TRANSCRIPTOMIC|cDNA	TruSeq Stranded mRNA
PRJNA944593	12	12	12	1	True	1	1	1.0	False		12.0	RNA-Seq|TRANSCRIPTOMIC|cDNA	bulk RNA-seq
PRJNA948361	12	12	12	1	True	2	0	0.0	False			OTHER|TRANSCRIPTOMIC|other;RNA-Seq|TRANSCRIPTOMIC SINGLE CELL|cDNA	10x Genomics Chromium
PRJNA951754	12	12	12	1	True	1	0	0.0	False			RNA-Seq|TRANSCRIPTOMIC|cDNA	TruSeq Stranded mRNA
PRJNA953423	12	12	12	1	True	1	0	0.0	False			RNA-Seq|TRANSCRIPTOMIC|cDNA	bulk RNA-seq
PRJNA954019	12	12	30	4	False	1	0	0.0	False			RNA-Seq|TRANSCRIPTOMIC|cDNA	polyA selected RNA-seq
PRJNA954409	12	12	12	1	True	1	6	1.0	False		2.0	ATAC-seq|GENOMIC|other	bulk RNA-seq
PRJNA954429	12	12	48	4	False	1	0	0.0	False			RNA-Seq|TRANSCRIPTOMIC|cDNA	TruSeq Stranded mRNA
PRJNA956068	12	12	12	1	True	1	0	0.0	False			RNA-Seq|TRANSCRIPTOMIC|Oligo-dT	bulk RNA-seq
PRJNA957000	12	12	12	1	True	2	3	1.0	False		4.0	OTHER|OTHER|other;OTHER|TRANSCRIPTOMIC|other	10x Genomics Chromium
PRJNA958384	12	12	12	1	True	2	1	0.583	False		12.0	RNA-Seq|TRANSCRIPTOMIC SINGLE CELL|cDNA;RNA-Seq|TRANSCRIPTOMIC|cDNA	bulk RNA-seq
PRJNA961779	12	12	16	2	False	2	0	0.0	False			OTHER|OTHER|other;RNA-Seq|TRANSCRIPTOMIC SINGLE CELL|cDNA	10x Genomics Chromium
PRJNA962454	12	12	12	1	True	1	0	0.0	False			RNA-Seq|TRANSCRIPTOMIC|cDNA	bulk RNA-seq
PRJNA966953	12	12	12	1	True	1	0	0.0	False			RNA-Seq|TRANSCRIPTOMIC|cDNA	bulk RNA-seq
PRJNA967217	12	12	30	3	False	1	0	0.0	False			RNA-Seq|TRANSCRIPTOMIC SINGLE CELL|cDNA	single nucleus RNA-seq
PRJNA967654	12	12	17	2	False	1	0	0.0	False			RNA-Seq|TRANSCRIPTOMIC|cDNA	bulk RNA-seq
PRJNA971509	12	12	12	1	True	1	4	1.0	False		3.0	RNA-Seq|TRANSCRIPTOMIC|cDNA	TruSeq Stranded mRNA
PRJNA971943	12	12	12	1	True	1	0	0.0	False			RNA-Seq|TRANSCRIPTOMIC|cDNA	bulk RNA-seq
PRJNA974255	12	12	12	1	True	1	0	0.0	False			RNA-Seq|TRANSCRIPTOMIC|cDNA	bulk RNA-seq
PRJNA975930	12	12	12	1	True	1	1	0.5	False		12.0	RNA-Seq|TRANSCRIPTOMIC|cDNA	bulk RNA-seq
PRJNA976323	12	12	12	1	True	1	0	0.0	False			RNA-Seq|TRANSCRIPTOMIC|cDNA	bulk RNA-seq
PRJNA978614	12	12	12	1	True	1	0	0.0	False			RNA-Seq|TRANSCRIPTOMIC|cDNA	bulk RNA-seq
PRJNA982103	12	12	24	2	False	1	0	0.0	False			RNA-Seq|TRANSCRIPTOMIC|cDNA	bulk RNA-seq
PRJNA982731	12	12	12	1	True	1	0	0.0	False			RNA-Seq|TRANSCRIPTOMIC|cDNA	bulk RNA-seq
PRJNA982748	12	12	12	1	True	1	0	0.0	False			RNA-Seq|TRANSCRIPTOMIC|cDNA	bulk RNA-seq
PRJNA982808	12	12	12	1	True	1	0	0.0	False			RNA-Seq|TRANSCRIPTOMIC|cDNA	bulk RNA-seq
PRJNA984739	12	12	12	1	True	1	0	0.0	False			RNA-Seq|TRANSCRIPTOMIC|cDNA	bulk RNA-seq
PRJNA990729	12	12	12	1	True	1	0	0.0	False			RNA-Seq|TRANSCRIPTOMIC|cDNA	bulk RNA-seq
PRJNA990757	12	12	12	1	True	1	2	1.0	False		6.0	RNA-Seq|TRANSCRIPTOMIC|cDNA	bulk RNA-seq
PRJNA990769	12	12	12	1	True	3	0	0.0	False			OTHER|OTHER|other;OTHER|TRANSCRIPTOMIC|other;RNA-Seq|TRANSCRIPTOMIC SINGLE CELL|cDNA	10x Genomics Chromium
PRJNA991599	12	12	12	1	True	1	0	0.0	False			RNA-Seq|TRANSCRIPTOMIC|cDNA	bulk RNA-seq
PRJNA993068	12	12	12	1	True	1	2	0.5	False		6.0	RNA-Seq|TRANSCRIPTOMIC|cDNA	bulk RNA-seq
PRJNA994103	12	12	12	1	True	1	0	0.0	False			RNA-Seq|TRANSCRIPTOMIC|cDNA	bulk RNA-seq
PRJNA999746	12	12	12	1	True	1	0	0.0	False			RNA-Seq|TRANSCRIPTOMIC|cDNA	bulk RNA-seq
PRJNA999747	12	12	12	1	True	1	0	0.0	False			RNA-Seq|TRANSCRIPTOMIC|cDNA	bulk RNA-seq
PRJEB110841	11	11	11	1	True	1	0	0.0	False			RNA-Seq|TRANSCRIPTOMIC|RANDOM	bulk RNA-seq
PRJEB28669	11	11	11	1	True	1	0	0.0	False			OTHER|TRANSCRIPTOMIC SINGLE CELL|Oligo-dT	Drop-seq
PRJEB35377	11	11	11	1	True	1	0	0.0	False			RNA-Seq|TRANSCRIPTOMIC|PolyA	bulk RNA-seq
PRJEB39706	11	11	11	1	True	1	4	0.455	False		2.75	OTHER|TRANSCRIPTOMIC|Oligo-dT	Drop-seq
PRJEB74911	11	13	13	2	False	1	0	0.0	False			RNA-Seq|TRANSCRIPTOMIC|Oligo-dT	bulk RNA-seq
PRJEB90813	11	11	11	1	True	1	0	0.0	False			RNA-Seq|TRANSCRIPTOMIC|PolyA	bulk RNA-seq
PRJNA1013946	11	11	11	1	True	1	0	0.0	False			RNA-Seq|TRANSCRIPTOMIC|cDNA	bulk RNA-seq
PRJNA1018827	11	11	11	1	True	1	0	0.0	False			RNA-Seq|TRANSCRIPTOMIC|cDNA	bulk RNA-seq
PRJNA1021697	11	11	11	1	True	1	0	0.0	False			RNA-Seq|TRANSCRIPTOMIC|cDNA	bulk RNA-seq
PRJNA1046032	11	11	11	1	True	1	0	0.0	False			RNA-Seq|TRANSCRIPTOMIC|cDNA	bulk RNA-seq
PRJNA1053414	11	11	11	1	True	1	0	0.0	False			RNA-Seq|TRANSCRIPTOMIC|cDNA	bulk RNA-seq
PRJNA1061578	11	11	20	2	False	1	0	0.0	False			RNA-Seq|TRANSCRIPTOMIC SINGLE CELL|cDNA	Drop-seq
PRJNA1064441	11	11	11	1	True	1	1	0.182	False		11.0	RNA-Seq|TRANSCRIPTOMIC|RT-PCR	bulk RNA-seq
PRJNA1076834	11	11	33	12	False	1	2	0.03	False		5.5	RNA-Seq|TRANSCRIPTOMIC|cDNA	bulk RNA-seq
PRJNA1083962	11	11	11	1	True	1	11	1.0	False		1.0	RNA-Seq|TRANSCRIPTOMIC|Oligo-dT	bulk RNA-seq
PRJNA1086574	11	11	11	1	True	1	0	0.0	False			RNA-Seq|TRANSCRIPTOMIC|cDNA	bulk RNA-seq
PRJNA1088446	11	11	11	1	True	1	0	0.0	False			RNA-Seq|TRANSCRIPTOMIC|cDNA	bulk RNA-seq
PRJNA1111874	11	11	22	2	False	1	0	0.0	False			RNA-Seq|TRANSCRIPTOMIC|cDNA	bulk RNA-seq
PRJNA1117885	11	11	11	1	True	1	0	0.0	False			RNA-Seq|TRANSCRIPTOMIC|cDNA	bulk RNA-seq
PRJNA1120031	11	11	22	2	False	1	0	0.0	False			RNA-Seq|TRANSCRIPTOMIC|cDNA	bulk RNA-seq
PRJNA1141542	11	11	3261	379	False	1	0	0.0	False			RNA-Seq|TRANSCRIPTOMIC SINGLE CELL|cDNA	bulk RNA-seq
PRJNA1141703	11	11	11	1	True	1	0	0.0	False			RNA-Seq|TRANSCRIPTOMIC|cDNA	bulk RNA-seq
PRJNA1142461	11	11	11	1	True	1	0	0.0	False			RNA-Seq|TRANSCRIPTOMIC|cDNA	bulk RNA-seq
PRJNA1147748	11	11	11	1	True	1	0	0.0	False			RNA-Seq|TRANSCRIPTOMIC|cDNA	bulk RNA-seq
PRJNA1158835	11	11	11	1	True	1	0	0.0	False			RNA-Seq|TRANSCRIPTOMIC|cDNA	bulk RNA-seq
PRJNA1163348	11	11	11	1	True	1	0	0.0	False			RNA-Seq|TRANSCRIPTOMIC|cDNA	bulk RNA-seq
PRJNA1169783	11	11	11	1	True	1	0	0.0	False			RNA-Seq|TRANSCRIPTOMIC|cDNA	bulk RNA-seq
PRJNA1186570	11	11	11	1	True	1	0	0.0	False			RNA-Seq|TRANSCRIPTOMIC SINGLE CELL|PolyA	BD Rhapsody
PRJNA1190381	11	11	11	1	True	3	0	0.0	False			OTHER|TRANSCRIPTOMIC|other;RNA-Seq|TRANSCRIPTOMIC SINGLE CELL|cDNA;RNA-Seq|TRANSCRIPTOMIC|cDNA	BD Rhapsody
PRJNA1226588	11	11	13	2	False	2	0	0.0	False			RNA-Seq|TRANSCRIPTOMIC SINGLE CELL|cDNA;RNA-Seq|TRANSCRIPTOMIC|cDNA	bulk RNA-seq
PRJNA1247584	11	11	11	1	True	1	0	0.0	False			RNA-Seq|TRANSCRIPTOMIC|cDNA	bulk RNA-seq
PRJNA1248943	11	11	11	1	True	1	0	0.0	False			OTHER|GENOMIC|other	bulk RNA-seq
PRJNA1254109	11	11	11	1	True	1	0	0.0	False			RNA-Seq|TRANSCRIPTOMIC|cDNA	TruSeq Stranded mRNA
PRJNA1257421	11	11	22	2	False	1	0	0.0	False			RNA-Seq|TRANSCRIPTOMIC|cDNA	bulk RNA-seq
PRJNA1278787	11	11	11	1	True	1	0	0.0	False			RNA-Seq|TRANSCRIPTOMIC|cDNA	bulk RNA-seq
PRJNA1327417	11	11	11	1	True	1	0	0.0	False			RNA-Seq|TRANSCRIPTOMIC|cDNA	bulk RNA-seq
PRJNA1335959	11	11	11	1	True	1	0	0.0	False			RNA-Seq|TRANSCRIPTOMIC|cDNA	bulk RNA-seq
PRJNA1365099	11	11	11	1	True	1	0	0.0	False			RNA-Seq|TRANSCRIPTOMIC|cDNA	bulk RNA-seq
PRJNA1369185	11	11	19	2	False	1	0	0.0	False			RNA-Seq|TRANSCRIPTOMIC|cDNA	bulk RNA-seq
PRJNA1431379	11	11	22	2	False	1	0	0.0	False			RNA-Seq|TRANSCRIPTOMIC|cDNA	bulk RNA-seq
PRJNA1454386	11	11	11	1	True	1	0	0.0	False			RNA-Seq|TRANSCRIPTOMIC|cDNA	bulk RNA-seq
PRJNA1466296	11	11	42	4	False	1	0	0.0	False			RNA-Seq|TRANSCRIPTOMIC SINGLE CELL|cDNA	10x Genomics Chromium
PRJNA360829	11	11	11	1	True	1	0	0.0	False			RNA-Seq|TRANSCRIPTOMIC|cDNA	Drop-seq
PRJNA378538	11	11	11	1	True	1	0	0.0	False			RNA-Seq|TRANSCRIPTOMIC|cDNA	TruSeq Stranded mRNA
PRJNA384598	11	11	11	1	True	1	0	0.0	False			RNA-Seq|TRANSCRIPTOMIC|cDNA	bulk RNA-seq
PRJNA403817	11	11	11	1	True	1	0	0.0	False			RNA-Seq|TRANSCRIPTOMIC|cDNA	Drop-seq
PRJNA429472	11	11	11	1	True	1	0	0.0	False			RNA-Seq|TRANSCRIPTOMIC|cDNA	10x Genomics Chromium;Drop-seq
PRJNA497574	11	11	11	1	True	1	0	0.0	False			RNA-Seq|TRANSCRIPTOMIC|cDNA	bulk RNA-seq
PRJNA506007	11	11	11	1	True	1	0	0.0	False			RNA-Seq|TRANSCRIPTOMIC|cDNA	Drop-seq
PRJNA524475	11	11	11	1	True	1	0	0.0	False			RNA-Seq|TRANSCRIPTOMIC|cDNA	Drop-seq
PRJNA543101	11	11	43	7	False	1	0	0.0	False			ncRNA-Seq|TRANSCRIPTOMIC|size fractionation	Drop-seq;single nucleus RNA-seq
PRJNA550991	11	11	11	1	True	1	0	0.0	False			RNA-Seq|TRANSCRIPTOMIC|cDNA	10x Genomics Chromium
PRJNA560215	11	11	14	4	False	1	0	0.0	False			RNA-Seq|TRANSCRIPTOMIC|cDNA	10x Genomics Chromium
PRJNA575823	11	11	11	1	True	1	0	0.0	False			RNA-Seq|TRANSCRIPTOMIC|cDNA	bulk RNA-seq
PRJNA576603	11	11	11	1	True	1	0	0.0	False			RNA-Seq|TRANSCRIPTOMIC|cDNA	Drop-seq
PRJNA594381	11	11	11	1	True	1	0	0.0	False			RNA-Seq|TRANSCRIPTOMIC|cDNA	TruSeq Stranded mRNA
PRJNA606769	11	11	11	1	True	1	0	0.0	False			OTHER|TRANSCRIPTOMIC|other	10x Genomics Chromium
PRJNA632849	11	11	21	2	False	1	0	0.0	False			RNA-Seq|TRANSCRIPTOMIC|cDNA	Drop-seq
PRJNA641142	11	11	22	2	False	1	0	0.0	False			RNA-Seq|TRANSCRIPTOMIC|cDNA	single nucleus RNA-seq
PRJNA641568	11	11	22	2	False	1	0	0.0	False			RNA-Seq|TRANSCRIPTOMIC|cDNA	bulk RNA-seq
PRJNA666178	11	11	60	8	False	1	0	0.0	False			RNA-Seq|TRANSCRIPTOMIC|cDNA	Drop-seq
PRJNA672170	11	11	22	2	False	1	0	0.0	False			RNA-Seq|TRANSCRIPTOMIC|cDNA	bulk RNA-seq
PRJNA692493	11	11	11	1	True	1	0	0.0	False			RNA-Seq|TRANSCRIPTOMIC|cDNA	bulk RNA-seq
PRJNA723219	11	11	11	1	True	2	0	0.0	False			OTHER|TRANSCRIPTOMIC|cDNA;RNA-Seq|TRANSCRIPTOMIC|PolyA	polyA selected RNA-seq
PRJNA731547	11	11	11	1	True	1	0	0.0	False			RNA-Seq|TRANSCRIPTOMIC|cDNA	bulk RNA-seq
PRJNA748785	11	11	11	1	True	1	1	0.727	False		11.0	RNA-Seq|TRANSCRIPTOMIC|cDNA	bulk RNA-seq
PRJNA758087	11	11	11	1	True	1	0	0.0	False			RNA-Seq|TRANSCRIPTOMIC|cDNA	bulk RNA-seq
PRJNA758964	11	11	44	4	False	1	0	0.0	False			RNA-Seq|TRANSCRIPTOMIC|cDNA	10x Genomics Chromium
PRJNA767842	11	40	40	6	False	3	0	0.0	False			ATAC-seq|GENOMIC|cDNA;RNA-Seq|TRANSCRIPTOMIC SINGLE CELL|cDNA;RNA-Seq|TRANSCRIPTOMIC|cDNA	bulk RNA-seq
PRJNA782685	11	11	11	1	True	1	0	0.0	False			RNA-Seq|TRANSCRIPTOMIC|cDNA	bulk RNA-seq
PRJNA784971	11	11	78	16	False	1	0	0.0	False			RNA-Seq|TRANSCRIPTOMIC|cDNA	10x Genomics Chromium
PRJNA787496	11	11	11	1	True	1	0	0.0	False			RNA-Seq|TRANSCRIPTOMIC|cDNA	polyA selected RNA-seq
PRJNA800205	11	11	11	1	True	1	0	0.0	False			RNA-Seq|TRANSCRIPTOMIC|PCR	bulk RNA-seq
PRJNA802837	11	11	11	1	True	1	0	0.0	False			RNA-Seq|TRANSCRIPTOMIC|cDNA	Drop-seq
PRJNA804200	11	11	11	1	True	1	11	1.0	False		1.0	RNA-Seq|TRANSCRIPTOMIC|cDNA	bulk RNA-seq
PRJNA811439	11	11	11	1	True	1	0	0.0	False			RNA-Seq|TRANSCRIPTOMIC|cDNA	inDrop
PRJNA815654	11	11	11	1	True	1	0	0.0	False			RNA-Seq|TRANSCRIPTOMIC|cDNA	bulk RNA-seq
PRJNA891853	11	11	22	2	False	1	0	0.0	False			RNA-Seq|TRANSCRIPTOMIC|cDNA	bulk RNA-seq
PRJNA922898	11	11	11	1	True	1	0	0.0	False			RNA-Seq|TRANSCRIPTOMIC|cDNA	bulk RNA-seq
PRJNA929203	11	11	16	2	False	1	0	0.0	False			RNA-Seq|TRANSCRIPTOMIC|cDNA	bulk RNA-seq
PRJNA940406	11	11	14	4	False	1	3	0.429	False		3.67	RNA-Seq|TRANSCRIPTOMIC SINGLE CELL|cDNA	Drop-seq
PRJNA940806	11	11	11	1	True	1	1	1.0	False		11.0	RNA-Seq|TRANSCRIPTOMIC|cDNA	bulk RNA-seq
PRJNA945061	11	11	11	1	True	1	0	0.0	False			OTHER|GENOMIC|other	single nucleus RNA-seq
PRJNA954376	11	11	11	1	True	1	0	0.0	False			RNA-Seq|TRANSCRIPTOMIC|cDNA	bulk RNA-seq
PRJNA987564	11	11	11	1	True	1	0	0.0	False			RNA-Seq|TRANSCRIPTOMIC|cDNA	bulk RNA-seq
PRJNA994170	11	11	11	1	True	1	3	0.273	False		3.67	RNA-Seq|TRANSCRIPTOMIC SINGLE CELL|cDNA	single nucleus RNA-seq
PRJNA994173	11	11	11	1	True	1	0	0.0	False			RNA-Seq|TRANSCRIPTOMIC SINGLE CELL|cDNA	single nucleus RNA-seq
PRJNA996942	11	11	11	1	True	1	0	0.0	False			RNA-Seq|TRANSCRIPTOMIC SINGLE CELL|cDNA	Drop-seq
PRJDB15410	10	10	10	1	True	1	0	0.0	False			RNA-Seq|TRANSCRIPTOMIC|cDNA	TruSeq Stranded mRNA
PRJDB37260	10	10	10	1	True	1	1	0.5	False		10.0	RNA-Seq|TRANSCRIPTOMIC|PCR	bulk RNA-seq
PRJDB41105	10	10	10	1	True	2	0	0.0	False			RNA-Seq|TRANSCRIPTOMIC SINGLE CELL|PCR;RNA-Seq|TRANSCRIPTOMIC|PCR	bulk RNA-seq
PRJEB102209	10	10	10	1	True	1	0	0.0	False			RNA-Seq|TRANSCRIPTOMIC|Oligo-dT	bulk RNA-seq
PRJEB106526	10	10	10	1	True	1	0	0.0	False			RNA-Seq|TRANSCRIPTOMIC|PolyA	bulk RNA-seq
PRJEB107189	10	10	10	1	True	1	0	0.0	False			RNA-Seq|TRANSCRIPTOMIC|PolyA	bulk RNA-seq
PRJEB23065	10	10	80	12	False	1	0	0.0	False			RNA-Seq|TRANSCRIPTOMIC|Oligo-dT	bulk RNA-seq
PRJEB28281	10	10	10	1	True	1	0	0.0	False			OTHER|TRANSCRIPTOMIC SINGLE CELL|Oligo-dT	Drop-seq
PRJEB28658	10	10	10	1	True	1	0	0.0	False			OTHER|TRANSCRIPTOMIC SINGLE CELL|Oligo-dT	Drop-seq
PRJEB43312	10	10	30	3	False	1	0	0.0	False			RNA-Seq|TRANSCRIPTOMIC|Oligo-dT	bulk RNA-seq
PRJEB46437	10	10	10	1	True	1	0	0.0	False			RNA-Seq|TRANSCRIPTOMIC|RT-PCR	bulk RNA-seq
PRJEB57411	10	10	10	1	True	1	0	0.0	False			RNA-Seq|TRANSCRIPTOMIC|RANDOM	TruSeq Stranded mRNA
PRJEB83838	10	10	39	8	False	1	1	0.205	False		10.0	RNA-Seq|TRANSCRIPTOMIC SINGLE CELL|PolyA	single nucleus RNA-seq
PRJEB90422	10	10	10	1	True	1	0	0.0	False			RNA-Seq|TRANSCRIPTOMIC|RANDOM	bulk RNA-seq
PRJNA1000447	10	10	10	1	True	1	0	0.0	False			RNA-Seq|TRANSCRIPTOMIC SINGLE CELL|cDNA	10x Genomics Chromium
PRJNA1001365	10	10	10	1	True	1	0	0.0	False			OTHER|OTHER|other	10x Genomics Chromium
PRJNA1001373	10	10	10	1	True	1	0	0.0	False			RNA-Seq|TRANSCRIPTOMIC SINGLE CELL|cDNA	10x Genomics Chromium
PRJNA1001382	10	10	10	1	True	1	0	0.0	False			ATAC-seq|GENOMIC SINGLE CELL|other	10x Genomics Chromium
PRJNA1003026	10	10	40	4	False	1	0	0.0	False			RNA-Seq|TRANSCRIPTOMIC|cDNA	bulk RNA-seq
PRJNA1008248	10	10	10	1	True	1	0	0.0	False			RNA-Seq|TRANSCRIPTOMIC|cDNA	bulk RNA-seq
PRJNA1008681	10	10	20	2	False	1	0	0.0	False			RNA-Seq|TRANSCRIPTOMIC SINGLE CELL|cDNA	bulk RNA-seq
PRJNA1009881	10	10	10	1	True	1	0	0.0	False			RNA-Seq|TRANSCRIPTOMIC|cDNA	bulk RNA-seq
PRJNA1011858	10	10	114	20	False	1	0	0.0	False			RNA-Seq|TRANSCRIPTOMIC SINGLE CELL|cDNA	10x Genomics Chromium
PRJNA1013998	10	10	10	1	True	1	0	0.0	False			RNA-Seq|TRANSCRIPTOMIC|cDNA	TruSeq Stranded mRNA
PRJNA1017414	10	10	10	1	True	1	0	0.0	False			RNA-Seq|TRANSCRIPTOMIC|cDNA	bulk RNA-seq
PRJNA1018826	10	10	10	1	True	1	0	0.0	False			RNA-Seq|TRANSCRIPTOMIC|cDNA	bulk RNA-seq
PRJNA1021231	10	10	20	2	False	1	0	0.0	False			RNA-Seq|TRANSCRIPTOMIC SINGLE CELL|cDNA	bulk RNA-seq
PRJNA1022480	10	10	10	1	True	1	0	0.0	False			RNA-Seq|TRANSCRIPTOMIC|cDNA	bulk RNA-seq
PRJNA1023677	10	10	10	1	True	1	0	0.0	False			RNA-Seq|TRANSCRIPTOMIC|cDNA	bulk RNA-seq
PRJNA1043649	10	10	10	1	True	1	0	0.0	False			RNA-Seq|TRANSCRIPTOMIC|cDNA	bulk RNA-seq
PRJNA1045637	10	10	10	1	True	1	0	0.0	False			RNA-Seq|TRANSCRIPTOMIC SINGLE CELL|cDNA	Drop-seq
PRJNA1051071	10	10	10	1	True	1	3	0.4	False		3.33	RNA-Seq|TRANSCRIPTOMIC|PolyA	bulk RNA-seq
PRJNA1051504	10	10	10	1	True	1	0	0.0	False			RNA-Seq|TRANSCRIPTOMIC|cDNA	bulk RNA-seq
PRJNA1051656	10	10	10	1	True	1	0	0.0	False			RNA-Seq|TRANSCRIPTOMIC|cDNA	10x Genomics Chromium
PRJNA1054622	10	10	13	2	False	1	0	0.0	False			RNA-Seq|TRANSCRIPTOMIC|cDNA	bulk RNA-seq
PRJNA1060314	10	10	10	1	True	1	0	0.0	False			RNA-Seq|TRANSCRIPTOMIC|cDNA	bulk RNA-seq
PRJNA1062372	10	10	10	1	True	1	0	0.0	False			RNA-Seq|TRANSCRIPTOMIC|cDNA	bulk RNA-seq
PRJNA1069047	10	10	10	1	True	1	0	0.0	False			RNA-Seq|TRANSCRIPTOMIC|cDNA	bulk RNA-seq
PRJNA1069092	10	10	77	8	False	1	0	0.0	False			RNA-Seq|TRANSCRIPTOMIC SINGLE CELL|cDNA	10x Genomics Chromium
PRJNA1072239	10	10	10	1	True	1	0	0.0	False			RNA-Seq|TRANSCRIPTOMIC|cDNA	bulk RNA-seq
PRJNA1073578	10	10	10	1	True	1	1	0.2	False		10.0	RNA-Seq|TRANSCRIPTOMIC|cDNA	inDrop
PRJNA1076226	10	10	10	1	True	1	0	0.0	False			RNA-Seq|TRANSCRIPTOMIC|cDNA	bulk RNA-seq
PRJNA1078873	10	10	10	1	True	1	0	0.0	False			RNA-Seq|TRANSCRIPTOMIC|cDNA	bulk RNA-seq
PRJNA1098425	10	10	10	1	True	1	0	0.0	False			RNA-Seq|TRANSCRIPTOMIC|Oligo-dT	bulk RNA-seq
PRJNA1098586	10	10	26	3	False	1	0	0.0	False			RNA-Seq|TRANSCRIPTOMIC SINGLE CELL|cDNA	Parse Biosciences
PRJNA1100603	10	10	64	8	False	1	0	0.0	False			RNA-Seq|TRANSCRIPTOMIC|cDNA	bulk RNA-seq
PRJNA1113352	10	10	10	1	True	1	0	0.0	False			RNA-Seq|TRANSCRIPTOMIC|cDNA	bulk RNA-seq
PRJNA1120741	10	10	10	1	True	1	0	0.0	False			ATAC-seq|GENOMIC|other	bulk RNA-seq
PRJNA1122323	10	10	10	1	True	1	0	0.0	False			RNA-Seq|TRANSCRIPTOMIC|cDNA	bulk RNA-seq
PRJNA1127985	10	10	20	2	False	1	0	0.0	False			RNA-Seq|TRANSCRIPTOMIC|cDNA	bulk RNA-seq
PRJNA1141598	10	10	10	1	True	1	0	0.0	False			OTHER|GENOMIC|other	bulk RNA-seq
PRJNA1148073	10	10	13	2	False	2	0	0.0	False			RNA-Seq|OTHER|cDNA;RNA-Seq|TRANSCRIPTOMIC SINGLE CELL|cDNA	10x Genomics Chromium
PRJNA1149675	10	10	10	1	True	1	0	0.0	False			RNA-Seq|TRANSCRIPTOMIC|cDNA	bulk RNA-seq
PRJNA1150210	10	10	10	1	True	1	0	0.0	False			RNA-Seq|TRANSCRIPTOMIC|cDNA	bulk RNA-seq
PRJNA1152013	10	10	13	2	False	2	0	0.0	False			RNA-Seq|TRANSCRIPTOMIC SINGLE CELL|cDNA;RNA-Seq|TRANSCRIPTOMIC|cDNA	bulk RNA-seq
PRJNA1152565	10	10	10	1	True	1	0	0.0	False			RNA-Seq|TRANSCRIPTOMIC|cDNA	bulk RNA-seq
PRJNA1155637	10	10	25	4	False	2	0	0.0	False			OTHER|GENOMIC|other;OTHER|TRANSCRIPTOMIC|other	bulk RNA-seq
PRJNA1160718	10	10	10	1	True	1	0	0.0	False			RNA-Seq|TRANSCRIPTOMIC|cDNA_oligo_dT	bulk RNA-seq
PRJNA1162090	10	10	40	4	False	2	0	0.0	False			ATAC-seq|GENOMIC SINGLE CELL|other;RNA-Seq|TRANSCRIPTOMIC SINGLE CELL|cDNA	10x Genomics Chromium
PRJNA1162785	10	10	10	1	True	1	0	0.0	False			RNA-Seq|TRANSCRIPTOMIC|cDNA	bulk RNA-seq
PRJNA1165819	10	10	10	1	True	2	0	0.0	False			ATAC-seq|GENOMIC|other;RNA-Seq|TRANSCRIPTOMIC|cDNA	bulk RNA-seq
PRJNA1167245	10	10	10	1	True	1	0	0.0	False			RNA-Seq|TRANSCRIPTOMIC|cDNA	bulk RNA-seq
PRJNA1168958	10	10	10	1	True	1	0	0.0	False			RNA-Seq|TRANSCRIPTOMIC|cDNA	bulk RNA-seq
PRJNA1169357	10	10	10	1	True	1	1	1.0	False		10.0	RNA-Seq|TRANSCRIPTOMIC|cDNA	bulk RNA-seq
PRJNA1173226	10	10	10	1	True	1	0	0.0	False			RNA-Seq|TRANSCRIPTOMIC|cDNA	bulk RNA-seq
PRJNA1174770	10	10	10	1	True	1	0	0.0	False			RNA-Seq|TRANSCRIPTOMIC|cDNA	bulk RNA-seq
PRJNA1176993	10	10	10	1	True	1	0	0.0	False			RNA-Seq|TRANSCRIPTOMIC SINGLE CELL|cDNA	Drop-seq
PRJNA1181225	10	10	10	1	True	1	0	0.0	False			RNA-Seq|TRANSCRIPTOMIC|cDNA	bulk RNA-seq
PRJNA1181528	10	10	10	1	True	1	3	0.3	False		3.33	RNA-Seq|TRANSCRIPTOMIC|cDNA	bulk RNA-seq
PRJNA1183423	10	10	19	2	False	2	0	0.0	False			OTHER|TRANSCRIPTOMIC|other;RNA-Seq|TRANSCRIPTOMIC SINGLE CELL|cDNA	10x Genomics Chromium
PRJNA1186120	10	10	10	1	True	1	0	0.0	False			RNA-Seq|TRANSCRIPTOMIC|cDNA	bulk RNA-seq
PRJNA1189072	10	10	10	1	True	1	0	0.0	False			RNA-Seq|TRANSCRIPTOMIC SINGLE CELL|cDNA	Drop-seq
PRJNA1189475	10	10	10	1	True	1	0	0.0	False			RNA-Seq|TRANSCRIPTOMIC|cDNA	single nucleus RNA-seq
PRJNA1190859	10	10	10	1	True	1	0	0.0	False			RNA-Seq|TRANSCRIPTOMIC SINGLE CELL|cDNA	SPLiT-seq
PRJNA1191030	10	10	10	1	True	1	0	0.0	False			RNA-Seq|TRANSCRIPTOMIC|cDNA	bulk RNA-seq
PRJNA1191517	10	10	10	1	True	1	0	0.0	False			RNA-Seq|TRANSCRIPTOMIC|cDNA	bulk RNA-seq
PRJNA1194472	10	10	20	2	False	1	0	0.0	False			RNA-Seq|TRANSCRIPTOMIC SINGLE CELL|cDNA	10x Genomics Chromium
PRJNA1195074	10	10	20	2	False	1	0	0.0	False			RNA-Seq|TRANSCRIPTOMIC SINGLE CELL|cDNA	10x Genomics Chromium
PRJNA1195878	10	10	10	1	True	2	0	0.0	False			RNA-Seq|TRANSCRIPTOMIC SINGLE CELL|cDNA;RNA-Seq|TRANSCRIPTOMIC|cDNA	bulk RNA-seq
PRJNA1201778	10	10	10	1	True	1	0	0.0	False			RNA-Seq|TRANSCRIPTOMIC SINGLE CELL|cDNA	BD Rhapsody
PRJNA1204136	10	30	30	3	False	1	0	0.0	False			RNA-Seq|GENOMIC|PolyA	bulk RNA-seq
PRJNA1208443	10	10	10	1	True	1	0	0.0	False			RNA-Seq|TRANSCRIPTOMIC|cDNA	bulk RNA-seq
PRJNA1208459	10	10	10	1	True	1	0	0.0	False			RNA-Seq|TRANSCRIPTOMIC|cDNA	bulk RNA-seq
PRJNA1210623	10	10	10	1	True	1	0	0.0	False			RNA-Seq|TRANSCRIPTOMIC|cDNA	bulk RNA-seq
PRJNA1214810	10	10	10	1	True	1	0	0.0	False			RNA-Seq|TRANSCRIPTOMIC|cDNA	bulk RNA-seq
PRJNA1222883	10	10	10	1	True	1	0	0.0	False			RNA-Seq|TRANSCRIPTOMIC|cDNA	bulk RNA-seq
PRJNA1233219	10	10	10	1	True	1	1	1.0	False		10.0	RNA-Seq|TRANSCRIPTOMIC|cDNA	bulk RNA-seq
PRJNA1235136	10	10	40	4	False	1	0	0.0	False			RNA-Seq|TRANSCRIPTOMIC|cDNA	TruSeq Stranded mRNA
PRJNA1260967	10	10	22	4	False	1	0	0.0	False			RNA-Seq|TRANSCRIPTOMIC SINGLE CELL|cDNA	10x Genomics Chromium;single nucleus RNA-seq
PRJNA1268588	10	10	20	2	False	1	0	0.0	False			RNA-Seq|TRANSCRIPTOMIC SINGLE CELL|cDNA	bulk RNA-seq
PRJNA1277328	10	10	10	1	True	2	0	0.0	False			RNA-Seq|TRANSCRIPTOMIC SINGLE CELL|cDNA;RNA-Seq|TRANSCRIPTOMIC|cDNA	10x Genomics Chromium;bulk RNA-seq
PRJNA1284233	10	10	10	1	True	1	0	0.0	False			RNA-Seq|TRANSCRIPTOMIC|cDNA	bulk RNA-seq
PRJNA1288443	10	10	10	1	True	1	0	0.0	False			RNA-Seq|GENOMIC|PolyA	bulk RNA-seq
PRJNA1291688	10	10	10	1	True	1	0	0.0	False			RNA-Seq|TRANSCRIPTOMIC SINGLE CELL|cDNA	single nucleus RNA-seq
PRJNA1291736	10	10	10	1	True	1	0	0.0	False			RNA-Seq|TRANSCRIPTOMIC|cDNA	bulk RNA-seq
PRJNA1299251	10	10	10	1	True	1	0	0.0	False			RNA-Seq|TRANSCRIPTOMIC SINGLE CELL|cDNA	10x Genomics Chromium
PRJNA1303013	10	10	10	1	True	1	0	0.0	False			RNA-Seq|TRANSCRIPTOMIC|cDNA	bulk RNA-seq
PRJNA1307634	10	10	10	1	True	1	0	0.0	False			RNA-Seq|TRANSCRIPTOMIC|cDNA	bulk RNA-seq
PRJNA1311027	10	10	10	1	True	1	0	0.0	False			RNA-Seq|TRANSCRIPTOMIC|cDNA	bulk RNA-seq
PRJNA1330391	10	10	24	4	False	1	0	0.0	False			RNA-Seq|TRANSCRIPTOMIC SINGLE CELL|cDNA	10x Genomics Chromium
PRJNA1332745	10	10	10	1	True	1	0	0.0	False			RNA-Seq|TRANSCRIPTOMIC|cDNA	bulk RNA-seq
PRJNA1332747	10	10	10	1	True	1	0	0.0	False			RNA-Seq|TRANSCRIPTOMIC|cDNA	bulk RNA-seq
PRJNA1334345	10	10	14	2	False	1	0	0.0	False			RNA-Seq|TRANSCRIPTOMIC|cDNA	bulk RNA-seq
PRJNA1334365	10	10	10	1	True	1	0	0.0	False			RNA-Seq|TRANSCRIPTOMIC|cDNA	bulk RNA-seq
PRJNA1363987	10	10	10	1	True	1	1	0.2	False		10.0	RNA-Seq|TRANSCRIPTOMIC|cDNA	bulk RNA-seq
PRJNA1365517	10	10	10	1	True	1	0	0.0	False			RNA-Seq|TRANSCRIPTOMIC|cDNA	bulk RNA-seq
PRJNA1370049	10	10	10	1	True	1	0	0.0	False			RNA-Seq|TRANSCRIPTOMIC|cDNA	bulk RNA-seq
PRJNA1372175	10	10	20	2	False	1	0	0.0	False			RNA-Seq|TRANSCRIPTOMIC|cDNA	bulk RNA-seq
PRJNA1390083	10	10	24	8	False	2	0	0.0	False			RNA-Seq|TRANSCRIPTOMIC SINGLE CELL|cDNA;RNA-Seq|TRANSCRIPTOMIC|cDNA	single nucleus RNA-seq;bulk RNA-seq
PRJNA1414429	10	10	10	1	True	1	1	1.0	False		10.0	RNA-Seq|TRANSCRIPTOMIC|cDNA	bulk RNA-seq
PRJNA1414807	10	10	10	1	True	2	0	0.0	False			RNA-Seq|TRANSCRIPTOMIC SINGLE CELL|other;RNA-Seq|TRANSCRIPTOMIC|Oligo-dT	bulk RNA-seq
PRJNA1423174	10	10	10	1	True	1	0	0.0	False			RNA-Seq|TRANSCRIPTOMIC|cDNA	bulk RNA-seq
PRJNA1434372	10	10	10	1	True	1	0	0.0	False			RNA-Seq|TRANSCRIPTOMIC|cDNA	bulk RNA-seq
PRJNA1435211	10	10	10	1	True	1	0	0.0	False			RNA-Seq|TRANSCRIPTOMIC SINGLE CELL|cDNA	10x Genomics Chromium
PRJNA1449476	10	10	10	1	True	1	0	0.0	False			RNA-Seq|TRANSCRIPTOMIC|cDNA	bulk RNA-seq
PRJNA1454822	10	10	10	1	True	1	0	0.0	False			RNA-Seq|TRANSCRIPTOMIC|cDNA	bulk RNA-seq
PRJNA1454926	10	10	10	1	True	1	0	0.0	False			RNA-Seq|TRANSCRIPTOMIC|cDNA	bulk RNA-seq
PRJNA1463256	10	10	35	4	False	1	0	0.0	False			RNA-Seq|TRANSCRIPTOMIC SINGLE CELL|cDNA	single nucleus RNA-seq
PRJNA1465395	10	10	10	1	True	1	0	0.0	False			ATAC-seq|GENOMIC|other	bulk RNA-seq
PRJNA1475356	10	10	20	3	False	1	0	0.0	False			OTHER|TRANSCRIPTOMIC|other	10x Genomics Chromium
PRJNA1483549	10	10	10	1	True	1	0	0.0	False			RNA-Seq|TRANSCRIPTOMIC|cDNA	bulk RNA-seq
PRJNA208733	10	10	10	1	True	1	0	0.0	False			RNA-Seq|TRANSCRIPTOMIC|cDNA	polyA selected RNA-seq
PRJNA385514	10	10	1717	910	False	1	1	0.621	False		10.0	RNA-Seq|TRANSCRIPTOMIC|cDNA	sci-RNA-seq
PRJNA430369	10	10	10	1	True	1	0	0.0	False			RNA-Seq|TRANSCRIPTOMIC|cDNA	TruSeq Stranded mRNA
PRJNA437767	10	10	10	1	True	1	0	0.0	False			RNA-Seq|TRANSCRIPTOMIC|cDNA	Drop-seq
PRJNA453548	10	10	10	1	True	1	0	0.0	False			RNA-Seq|TRANSCRIPTOMIC|cDNA	bulk RNA-seq
PRJNA486503	10	10	12	2	False	2	1	0.5	False		10.0	RNA-Seq|TRANSCRIPTOMIC SINGLE CELL|cDNA;RNA-Seq|TRANSCRIPTOMIC|cDNA	10x Genomics Chromium
PRJNA490698	10	10	10	1	True	1	0	0.0	False			RNA-Seq|TRANSCRIPTOMIC|RANDOM PCR	TruSeq Stranded mRNA
PRJNA495636	10	10	10	1	True	1	0	0.0	False			RNA-Seq|TRANSCRIPTOMIC|cDNA	bulk RNA-seq
PRJNA525897	10	10	10	1	True	1	0	0.0	False			RNA-Seq|TRANSCRIPTOMIC|cDNA	bulk RNA-seq
PRJNA541967	10	10	22	4	False	1	0	0.0	False			RNA-Seq|TRANSCRIPTOMIC|cDNA	bulk RNA-seq
PRJNA551692	10	10	10	1	True	1	4	0.8	False		2.5	RNA-Seq|TRANSCRIPTOMIC|cDNA	bulk RNA-seq
PRJNA589093	10	10	10	1	True	1	0	0.0	False			RNA-Seq|TRANSCRIPTOMIC|cDNA	TruSeq Stranded mRNA
PRJNA593447	10	10	10	1	True	1	0	0.0	False			RNA-Seq|TRANSCRIPTOMIC|cDNA	bulk RNA-seq
PRJNA593821	10	10	10	1	True	1	1	1.0	False		10.0	RNA-Seq|TRANSCRIPTOMIC|cDNA	bulk RNA-seq
PRJNA601320	10	10	10	1	True	1	0	0.0	False			RNA-Seq|TRANSCRIPTOMIC|cDNA	bulk RNA-seq
PRJNA602512	10	10	10	1	True	1	0	0.0	False			RNA-Seq|TRANSCRIPTOMIC|cDNA	bulk RNA-seq
PRJNA604722	10	10	10	1	True	1	0	0.0	False			RNA-Seq|TRANSCRIPTOMIC|cDNA	Drop-seq
PRJNA627695	10	10	10	1	True	1	0	0.0	False			RNA-Seq|TRANSCRIPTOMIC|cDNA	Drop-seq
PRJNA656554	10	10	18	2	False	1	0	0.0	False			RNA-Seq|TRANSCRIPTOMIC|cDNA	bulk RNA-seq
PRJNA684335	10	10	16	2	False	2	1	0.25	False		10.0	ATAC-seq|GENOMIC|other;RNA-Seq|TRANSCRIPTOMIC|cDNA	10x Genomics Chromium
PRJNA685848	10	10	10	1	True	1	2	0.5	False		5.0	RNA-Seq|TRANSCRIPTOMIC|cDNA	10x Genomics Chromium
PRJNA694569	10	10	40	4	False	1	0	0.0	False			RNA-Seq|TRANSCRIPTOMIC|cDNA	bulk RNA-seq
PRJNA695207	10	10	10	1	True	1	0	0.0	False			RNA-Seq|TRANSCRIPTOMIC|cDNA	bulk RNA-seq
PRJNA704074	10	10	10	1	True	1	0	0.0	False			RNA-Seq|TRANSCRIPTOMIC|cDNA	bulk RNA-seq
PRJNA715728	10	10	10	1	True	1	0	0.0	False			RNA-Seq|TRANSCRIPTOMIC|cDNA	bulk RNA-seq
PRJNA719128	10	10	10	1	True	1	0	0.0	False			RNA-Seq|TRANSCRIPTOMIC|cDNA	bulk RNA-seq
PRJNA722418	10	10	10	1	True	1	0	0.0	False			RNA-Seq|TRANSCRIPTOMIC|cDNA	single nucleus RNA-seq
PRJNA724990	10	10	10	1	True	1	1	0.3	False		10.0	RNA-Seq|TRANSCRIPTOMIC|cDNA	bulk RNA-seq
PRJNA727600	10	10	10	1	True	1	0	0.0	False			RNA-Seq|TRANSCRIPTOMIC|cDNA	bulk RNA-seq
PRJNA728701	10	10	10	1	True	1	1	0.8	False		10.0	RNA-Seq|TRANSCRIPTOMIC|cDNA	bulk RNA-seq
PRJNA731107	10	10	40	4	False	1	0	0.0	False			RNA-Seq|TRANSCRIPTOMIC|cDNA	bulk RNA-seq
PRJNA732396	10	10	48	8	False	1	0	0.0	False			RNA-Seq|TRANSCRIPTOMIC|cDNA	10x Genomics Chromium
PRJNA734351	10	10	10	1	True	1	0	0.0	False			RNA-Seq|TRANSCRIPTOMIC SINGLE CELL|cDNA	single nucleus RNA-seq
PRJNA735232	10	10	10	1	True	1	0	0.0	False			RNA-Seq|TRANSCRIPTOMIC|cDNA	polyA selected RNA-seq
PRJNA735383	10	10	10	1	True	1	0	0.0	False			RNA-Seq|TRANSCRIPTOMIC|cDNA	bulk RNA-seq
PRJNA737404	10	10	37	4	False	1	0	0.0	False			RNA-Seq|TRANSCRIPTOMIC|cDNA	bulk RNA-seq
PRJNA742071	10	10	10	1	True	1	0	0.0	False			RNA-Seq|TRANSCRIPTOMIC|cDNA	bulk RNA-seq
PRJNA746479	10	10	38	4	False	1	0	0.0	False			RNA-Seq|TRANSCRIPTOMIC|cDNA	polyA selected RNA-seq
PRJNA747250	10	10	52	8	False	1	0	0.0	False			RNA-Seq|TRANSCRIPTOMIC|cDNA	10x Genomics Chromium
PRJNA752094	10	10	10	1	True	1	0	0.0	False			RNA-Seq|TRANSCRIPTOMIC|cDNA	bulk RNA-seq
PRJNA765362	10	10	10	1	True	1	0	0.0	False			RNA-Seq|TRANSCRIPTOMIC|cDNA	sci-RNA-seq
PRJNA767355	10	10	10	1	True	1	4	0.8	False		2.5	RNA-Seq|TRANSCRIPTOMIC|cDNA	bulk RNA-seq
PRJNA767421	10	10	10	1	True	1	3	0.9	False		3.33	RNA-Seq|TRANSCRIPTOMIC|cDNA	bulk RNA-seq
PRJNA768402	10	10	10	1	True	1	0	0.0	False			RNA-Seq|TRANSCRIPTOMIC|cDNA	bulk RNA-seq
PRJNA770422	10	10	10	1	True	1	1	0.4	False		10.0	RNA-Seq|TRANSCRIPTOMIC|cDNA	bulk RNA-seq
PRJNA770771	10	10	10	1	True	2	0	0.0	False			OTHER|GENOMIC|other;RNA-Seq|TRANSCRIPTOMIC|cDNA	bulk RNA-seq
PRJNA780484	10	10	10	1	True	1	0	0.0	False			RNA-Seq|TRANSCRIPTOMIC|cDNA	TruSeq Stranded mRNA
PRJNA782537	10	10	10	1	True	1	0	0.0	False			RNA-Seq|TRANSCRIPTOMIC|cDNA	TruSeq Stranded mRNA
PRJNA785992	10	10	47	16	False	1	0	0.0	False			RNA-Seq|TRANSCRIPTOMIC|cDNA	bulk RNA-seq
PRJNA798011	10	10	10	1	True	1	0	0.0	False			RNA-Seq|TRANSCRIPTOMIC|cDNA	TruSeq Stranded mRNA
PRJNA812934	10	10	10	1	True	1	0	0.0	False			RNA-Seq|TRANSCRIPTOMIC|cDNA	bulk RNA-seq
PRJNA816449	10	10	16	2	False	1	0	0.0	False			RNA-Seq|TRANSCRIPTOMIC|cDNA	bulk RNA-seq
PRJNA818507	10	10	10	1	True	1	0	0.0	False			RNA-Seq|TRANSCRIPTOMIC|cDNA	TruSeq Stranded mRNA
PRJNA825262	10	10	60	8	False	2	0	0.0	False			OTHER|OTHER|other;OTHER|TRANSCRIPTOMIC|other	10x Genomics Chromium
PRJNA830718	10	10	10	1	True	1	0	0.0	False			RNA-Seq|TRANSCRIPTOMIC|cDNA	TruSeq Stranded mRNA
PRJNA835857	10	10	10	1	True	2	0	0.0	False			OTHER|TRANSCRIPTOMIC|other;RNA-Seq|TRANSCRIPTOMIC|cDNA	10x Genomics Chromium
PRJNA836138	10	10	10	1	True	1	0	0.0	False			RNA-Seq|TRANSCRIPTOMIC|cDNA	bulk RNA-seq
PRJNA849218	10	10	44	8	False	1	0	0.0	False			RNA-Seq|TRANSCRIPTOMIC|cDNA	bulk RNA-seq
PRJNA851825	10	10	36	4	False	1	0	0.0	False			RNA-Seq|TRANSCRIPTOMIC|cDNA	bulk RNA-seq
PRJNA857311	10	10	10	1	True	1	0	0.0	False			RNA-Seq|TRANSCRIPTOMIC|cDNA	bulk RNA-seq
PRJNA866274	10	10	10	1	True	1	2	1.0	False		5.0	RNA-Seq|TRANSCRIPTOMIC|cDNA	bulk RNA-seq
PRJNA872846	10	10	10	1	True	1	0	0.0	False			RNA-Seq|TRANSCRIPTOMIC|cDNA	bulk RNA-seq
PRJNA885418	10	10	18	3	False	1	3	1.0	False		3.33	RNA-Seq|TRANSCRIPTOMIC SINGLE CELL|cDNA	bulk RNA-seq
PRJNA889042	10	10	16	2	False	1	1	0.25	False		10.0	Hi-C|GENOMIC|other	bulk RNA-seq
PRJNA894702	10	10	10	1	True	1	0	0.0	False			RNA-Seq|TRANSCRIPTOMIC|cDNA	bulk RNA-seq
PRJNA898403	10	10	10	1	True	1	0	0.0	False			RNA-Seq|TRANSCRIPTOMIC SINGLE CELL|cDNA	10x Genomics Chromium
PRJNA898404	10	10	10	1	True	1	0	0.0	False			RNA-Seq|TRANSCRIPTOMIC|cDNA	TruSeq Stranded mRNA
PRJNA899090	10	10	28	12	False	2	0	0.0	False			RNA-Seq|TRANSCRIPTOMIC SINGLE CELL|cDNA;RNA-Seq|TRANSCRIPTOMIC|cDNA	bulk RNA-seq
PRJNA901403	10	10	10	1	True	1	0	0.0	False			RNA-Seq|TRANSCRIPTOMIC|cDNA	bulk RNA-seq
PRJNA918823	10	10	10	1	True	1	0	0.0	False			RNA-Seq|TRANSCRIPTOMIC|cDNA	bulk RNA-seq
PRJNA925434	10	10	10	1	True	1	0	0.0	False			RNA-Seq|TRANSCRIPTOMIC|cDNA	bulk RNA-seq
PRJNA926354	10	10	40	4	False	2	0	0.0	False			RNA-Seq|TRANSCRIPTOMIC SINGLE CELL|cDNA;RNA-Seq|TRANSCRIPTOMIC|cDNA	bulk RNA-seq
PRJNA928568	10	10	10	1	True	1	4	1.0	False		2.5	RNA-Seq|OTHER|PCR	BD Rhapsody
PRJNA941857	10	10	10	1	True	1	5	1.0	False		2.0	RNA-Seq|TRANSCRIPTOMIC|cDNA	bulk RNA-seq
PRJNA945872	10	10	10	1	True	1	0	0.0	False			RNA-Seq|TRANSCRIPTOMIC|cDNA	bulk RNA-seq
PRJNA947203	10	10	10	1	True	1	0	0.0	False			RNA-Seq|TRANSCRIPTOMIC|cDNA	bulk RNA-seq
PRJNA948395	10	10	17	4	False	1	0	0.0	False			RNA-Seq|TRANSCRIPTOMIC SINGLE CELL|cDNA	BD Rhapsody
PRJNA950363	10	10	10	1	True	1	1	0.4	False		10.0	RNA-Seq|TRANSCRIPTOMIC SINGLE CELL|cDNA	10x Genomics Chromium
PRJNA952549	10	10	10	1	True	1	0	0.0	False			RNA-Seq|TRANSCRIPTOMIC SINGLE CELL|cDNA	bulk RNA-seq
PRJNA956438	10	10	10	1	True	1	0	0.0	False			RNA-Seq|TRANSCRIPTOMIC|cDNA	bulk RNA-seq
PRJNA974709	10	10	10	1	True	2	0	0.0	False			RNA-Seq|TRANSCRIPTOMIC SINGLE CELL|cDNA;RNA-Seq|TRANSCRIPTOMIC|cDNA_oligo_dT	10x Genomics Chromium
PRJNA980208	10	10	11	2	False	2	0	0.0	False			RNA-Seq|TRANSCRIPTOMIC SINGLE CELL|cDNA;RNA-Seq|TRANSCRIPTOMIC|cDNA	bulk RNA-seq
PRJNA981438	10	10	10	1	True	2	0	0.0	False			OTHER|GENOMIC|other;RNA-Seq|TRANSCRIPTOMIC|cDNA	bulk RNA-seq
PRJNA981589	10	10	10	1	True	1	0	0.0	False			RNA-Seq|TRANSCRIPTOMIC|cDNA	bulk RNA-seq
PRJNA994166	10	10	10	1	True	1	1	0.1	False		10.0	RNA-Seq|TRANSCRIPTOMIC SINGLE CELL|cDNA	single nucleus RNA-seq
PRJNA997212	10	10	10	1	True	1	0	0.0	False			RNA-Seq|TRANSCRIPTOMIC|cDNA	bulk RNA-seq
PRJNA998463	10	10	10	1	True	1	0	0.0	False			RNA-Seq|TRANSCRIPTOMIC|cDNA	bulk RNA-seq
PRJDB13347	9	9	9	1	True	1	0	0.0	False			RNA-Seq|TRANSCRIPTOMIC|cDNA	TruSeq Stranded mRNA
PRJDB42124	9	9	9	1	True	1	0	0.0	False			RNA-Seq|TRANSCRIPTOMIC|cDNA_oligo_dT	bulk RNA-seq
PRJDB5672	9	27	27	3	False	1	0	0.0	False			RNA-Seq|TRANSCRIPTOMIC|cDNA	TruSeq Stranded mRNA
PRJEB101050	9	9	9	1	True	1	9	1.0	False		1.0	RNA-Seq|TRANSCRIPTOMIC|PCR	bulk RNA-seq
PRJEB105619	9	9	9	1	True	1	0	0.0	False			RNA-Seq|TRANSCRIPTOMIC|PolyA	bulk RNA-seq
PRJEB105702	9	9	9	1	True	1	0	0.0	False			RNA-Seq|TRANSCRIPTOMIC|RANDOM	bulk RNA-seq
PRJEB112915	9	18	18	2	False	2	0	0.0	False			RNA-Seq|TRANSCRIPTOMIC|cDNA;miRNA-Seq|TRANSCRIPTOMIC|unspecified	bulk RNA-seq
PRJEB19826	9	9	9	1	True	1	0	0.0	False			WGS|GENOMIC|RANDOM	10x Genomics Chromium
PRJEB27811	9	9	9	1	True	1	0	0.0	False			RNA-Seq|TRANSCRIPTOMIC|PolyA	TruSeq Stranded mRNA
PRJEB30992	9	9	9	1	True	1	0	0.0	False			ssRNA-seq|TRANSCRIPTOMIC|Oligo-dT	TruSeq Stranded mRNA
PRJEB36256	9	9	9	1	True	1	0	0.0	False			RNA-Seq|TRANSCRIPTOMIC|PolyA	TruSeq Stranded mRNA
PRJEB39442	9	9	9	1	True	1	3	1.0	False		3.0	ssRNA-seq|TRANSCRIPTOMIC|RANDOM	TruSeq Stranded mRNA
PRJEB40779	9	9	9	1	True	1	0	0.0	False			RNA-Seq|TRANSCRIPTOMIC SINGLE CELL|Oligo-dT	Drop-seq
PRJEB42575	9	9	15	4	False	1	0	0.0	False			ssRNA-seq|TRANSCRIPTOMIC|RANDOM	TruSeq Stranded mRNA
PRJEB43286	9	9	9	1	True	1	0	0.0	False			RNA-Seq|TRANSCRIPTOMIC|Inverse rRNA	TruSeq Stranded mRNA
PRJEB46146	9	9	18	2	False	1	0	0.0	False			ssRNA-seq|TRANSCRIPTOMIC|Inverse rRNA	TruSeq Stranded mRNA
PRJEB58858	9	9	36	4	False	1	0	0.0	False			ssRNA-seq|TRANSCRIPTOMIC|Inverse rRNA	TruSeq Stranded mRNA
PRJEB69532	9	9	36	4	False	1	0	0.0	False			ssRNA-seq|TRANSCRIPTOMIC|Inverse rRNA	TruSeq Stranded mRNA
PRJEB76984	9	9	72	8	False	1	0	0.0	False			RNA-Seq|TRANSCRIPTOMIC|Oligo-dT	bulk RNA-seq
PRJEB85770	9	9	15	2	False	1	0	0.0	False			RNA-Seq|TRANSCRIPTOMIC SINGLE CELL|Oligo-dT	10x Genomics Chromium
PRJEB88917	9	9	9	1	True	1	0	0.0	False			RNA-Seq|TRANSCRIPTOMIC|PolyA	bulk RNA-seq
PRJEB90812	9	9	9	1	True	1	0	0.0	False			RNA-Seq|TRANSCRIPTOMIC|PolyA	bulk RNA-seq
PRJNA1000918	9	9	9	1	True	1	0	0.0	False			RNA-Seq|TRANSCRIPTOMIC|cDNA	bulk RNA-seq
PRJNA1002353	9	9	9	1	True	1	0	0.0	False			RNA-Seq|TRANSCRIPTOMIC|cDNA	bulk RNA-seq
PRJNA1003075	9	9	9	1	True	1	0	0.0	False			RNA-Seq|TRANSCRIPTOMIC|cDNA	bulk RNA-seq
PRJNA1007587	9	9	9	1	True	1	0	0.0	False			RNA-Seq|TRANSCRIPTOMIC|cDNA	bulk RNA-seq
PRJNA1013900	9	9	9	1	True	1	0	0.0	False			RNA-Seq|TRANSCRIPTOMIC|cDNA	TruSeq Stranded mRNA
PRJNA1021698	9	9	9	1	True	1	0	0.0	False			RNA-Seq|TRANSCRIPTOMIC|cDNA	bulk RNA-seq
PRJNA1021753	9	9	9	1	True	1	0	0.0	False			RNA-Seq|TRANSCRIPTOMIC|cDNA	bulk RNA-seq
PRJNA1027001	9	9	9	1	True	1	0	0.0	False			RNA-Seq|TRANSCRIPTOMIC|PCR	TruSeq Stranded mRNA
PRJNA1027340	9	9	9	1	True	1	0	0.0	False			RNA-Seq|TRANSCRIPTOMIC|cDNA	bulk RNA-seq
PRJNA1028616	9	9	9	1	True	1	1	1.0	False		9.0	RNA-Seq|TRANSCRIPTOMIC|cDNA	TruSeq Stranded mRNA
PRJNA1030367	9	9	9	1	True	1	0	0.0	False			RNA-Seq|TRANSCRIPTOMIC|cDNA	bulk RNA-seq
PRJNA1043702	9	9	9	1	True	1	0	0.0	False			RNA-Seq|TRANSCRIPTOMIC|cDNA	bulk RNA-seq
PRJNA1052618	9	9	9	1	True	1	0	0.0	False			RNA-Seq|TRANSCRIPTOMIC|cDNA	bulk RNA-seq
PRJNA1054983	9	9	9	1	True	1	0	0.0	False			RNA-Seq|TRANSCRIPTOMIC|cDNA	bulk RNA-seq
PRJNA1060624	9	9	9	1	True	1	0	0.0	False			RNA-Seq|TRANSCRIPTOMIC|cDNA	bulk RNA-seq
PRJNA1062783	9	9	9	1	True	1	0	0.0	False			RNA-Seq|TRANSCRIPTOMIC|cDNA	bulk RNA-seq
PRJNA1064612	9	9	9	1	True	1	0	0.0	False			RNA-Seq|TRANSCRIPTOMIC SINGLE CELL|cDNA	Parse Biosciences
PRJNA1068665	9	9	9	1	True	1	0	0.0	False			RNA-Seq|TRANSCRIPTOMIC|PolyA	TruSeq Stranded mRNA
PRJNA1073898	9	9	9	1	True	1	0	0.0	False			RNA-Seq|TRANSCRIPTOMIC|cDNA	bulk RNA-seq
PRJNA1075323	9	9	18	2	False	1	0	0.0	False			RNA-Seq|TRANSCRIPTOMIC|cDNA	bulk RNA-seq
PRJNA1076855	9	9	9	1	True	1	0	0.0	False			RNA-Seq|TRANSCRIPTOMIC SINGLE CELL|cDNA	Parse Biosciences
PRJNA1082894	9	9	9	1	True	1	0	0.0	False			RNA-Seq|TRANSCRIPTOMIC|cDNA	TruSeq Stranded mRNA
PRJNA1090958	9	9	9	1	True	2	0	0.0	False			ChIP-Seq|GENOMIC|ChIP;RNA-Seq|TRANSCRIPTOMIC|cDNA	bulk RNA-seq
PRJNA1092120	9	9	9	1	True	1	0	0.0	False			RNA-Seq|TRANSCRIPTOMIC|cDNA	bulk RNA-seq
PRJNA1094902	9	9	21	4	False	2	0	0.0	False			ATAC-seq|GENOMIC|other;RNA-Seq|TRANSCRIPTOMIC SINGLE CELL|cDNA	bulk RNA-seq
PRJNA1099283	9	9	9	1	True	1	0	0.0	False			RNA-Seq|TRANSCRIPTOMIC|cDNA	bulk RNA-seq
PRJNA1106044	9	9	36	4	False	1	0	0.0	False			RNA-Seq|TRANSCRIPTOMIC|cDNA	bulk RNA-seq
PRJNA1106889	9	9	9	1	True	3	0	0.0	False			OTHER|OTHER|other;RNA-Seq|TRANSCRIPTOMIC SINGLE CELL|cDNA;RNA-Seq|TRANSCRIPTOMIC|cDNA	bulk RNA-seq
PRJNA1109373	9	9	9	1	True	2	1	1.0	False		9.0	RNA-Seq|OTHER|cDNA;RNA-Seq|TRANSCRIPTOMIC SINGLE CELL|cDNA	10x Genomics Chromium
PRJNA1113659	9	9	9	1	True	1	0	0.0	False			RNA-Seq|TRANSCRIPTOMIC|cDNA	10x Genomics Chromium
PRJNA1114770	9	9	18	2	False	1	0	0.0	False			RNA-Seq|TRANSCRIPTOMIC|cDNA	bulk RNA-seq
PRJNA1117497	9	9	9	1	True	1	0	0.0	False			RNA-Seq|TRANSCRIPTOMIC|cDNA	bulk RNA-seq
PRJNA1121653	9	9	9	1	True	1	3	0.333	False		3.0	RNA-Seq|TRANSCRIPTOMIC|PCR	bulk RNA-seq
PRJNA1123664	9	9	9	1	True	1	0	0.0	False			RNA-Seq|TRANSCRIPTOMIC|cDNA	TruSeq Stranded mRNA
PRJNA1127353	9	9	9	1	True	1	0	0.0	False			RNA-Seq|TRANSCRIPTOMIC|Oligo-dT	bulk RNA-seq
PRJNA1129185	9	12	12	2	False	2	0	0.0	False			ChIP-Seq|GENOMIC|ChIP;RNA-Seq|TRANSCRIPTOMIC|PolyA	bulk RNA-seq
PRJNA1130514	9	9	9	1	True	1	0	0.0	False			RNA-Seq|TRANSCRIPTOMIC|cDNA	bulk RNA-seq
PRJNA1137992	9	9	9	1	True	1	0	0.0	False			RNA-Seq|TRANSCRIPTOMIC|cDNA	bulk RNA-seq
PRJNA1142586	9	9	9	1	True	1	0	0.0	False			RNA-Seq|TRANSCRIPTOMIC|cDNA	bulk RNA-seq
PRJNA1142603	9	9	18	2	False	1	0	0.0	False			OTHER|TRANSCRIPTOMIC|other	10x Genomics Chromium
PRJNA1142975	9	9	9	1	True	1	0	0.0	False			RNA-Seq|TRANSCRIPTOMIC|cDNA	bulk RNA-seq
PRJNA1144154	9	9	9	1	True	1	1	0.889	False		9.0	RNA-Seq|TRANSCRIPTOMIC|cDNA	TruSeq Stranded mRNA
PRJNA1150128	9	9	9	1	True	1	0	0.0	False			RNA-Seq|TRANSCRIPTOMIC|cDNA	bulk RNA-seq
PRJNA1156648	9	9	9	1	True	1	6	0.889	False		1.5	RNA-Seq|TRANSCRIPTOMIC SINGLE CELL|cDNA	10x Genomics Chromium;bulk RNA-seq
PRJNA1157903	9	9	9	1	True	1	0	0.0	False			RNA-Seq|TRANSCRIPTOMIC|PolyA	bulk RNA-seq
PRJNA1160872	9	9	9	1	True	1	0	0.0	False			RNA-Seq|TRANSCRIPTOMIC|cDNA	bulk RNA-seq
PRJNA1163350	9	9	9	1	True	1	0	0.0	False			RNA-Seq|TRANSCRIPTOMIC|cDNA	bulk RNA-seq
PRJNA1164440	9	9	9	1	True	1	0	0.0	False			RNA-Seq|TRANSCRIPTOMIC|cDNA_oligo_dT	bulk RNA-seq
PRJNA1169191	9	9	9	1	True	1	0	0.0	False			RNA-Seq|TRANSCRIPTOMIC|cDNA	bulk RNA-seq
PRJNA1180100	9	9	9	1	True	1	0	0.0	False			RNA-Seq|TRANSCRIPTOMIC|cDNA	bulk RNA-seq
PRJNA1183806	9	9	9	1	True	1	0	0.0	False			RNA-Seq|TRANSCRIPTOMIC|cDNA	bulk RNA-seq
PRJNA1185692	9	9	9	1	True	1	0	0.0	False			RNA-Seq|TRANSCRIPTOMIC|cDNA	bulk RNA-seq
PRJNA1194612	9	9	15	2	False	1	0	0.0	False			RNA-Seq|TRANSCRIPTOMIC|cDNA	bulk RNA-seq
PRJNA1196449	9	9	9	1	True	1	0	0.0	False			RNA-Seq|TRANSCRIPTOMIC SINGLE CELL|cDNA	Parse Biosciences
PRJNA1197516	9	9	9	1	True	1	0	0.0	False			RNA-Seq|TRANSCRIPTOMIC|cDNA	bulk RNA-seq
PRJNA1201216	9	9	9	1	True	1	1	1.0	False		9.0	RNA-Seq|TRANSCRIPTOMIC|cDNA	bulk RNA-seq
PRJNA1204340	9	9	9	1	True	1	1	0.333	False		9.0	RNA-Seq|TRANSCRIPTOMIC|cDNA	bulk RNA-seq
PRJNA1206073	9	9	9	1	True	1	0	0.0	False			RNA-Seq|TRANSCRIPTOMIC|cDNA	bulk RNA-seq
PRJNA1209379	9	9	9	1	True	1	0	0.0	False			RNA-Seq|TRANSCRIPTOMIC|cDNA	bulk RNA-seq
PRJNA1210593	9	9	9	1	True	1	0	0.0	False			RNA-Seq|TRANSCRIPTOMIC|cDNA	bulk RNA-seq
PRJNA1210824	9	9	9	1	True	1	0	0.0	False			RNA-Seq|TRANSCRIPTOMIC|Oligo-dT	bulk RNA-seq
PRJNA1214751	9	9	9	1	True	1	0	0.0	False			RNA-Seq|TRANSCRIPTOMIC|cDNA	bulk RNA-seq
PRJNA1216600	9	9	9	1	True	1	0	0.0	False			RNA-Seq|TRANSCRIPTOMIC|cDNA	bulk RNA-seq
PRJNA1225645	9	9	9	1	True	1	0	0.0	False			RNA-Seq|TRANSCRIPTOMIC SINGLE CELL|cDNA	BD Rhapsody
PRJNA1226250	9	9	9	1	True	1	0	0.0	False			RNA-Seq|TRANSCRIPTOMIC|cDNA	bulk RNA-seq
PRJNA1228038	9	9	9	1	True	1	0	0.0	False			RNA-Seq|TRANSCRIPTOMIC|cDNA	bulk RNA-seq
PRJNA1234214	9	9	9	1	True	1	0	0.0	False			RNA-Seq|TRANSCRIPTOMIC|cDNA	bulk RNA-seq
PRJNA1244005	9	9	9	1	True	1	0	0.0	False			RNA-Seq|TRANSCRIPTOMIC|cDNA	bulk RNA-seq
PRJNA1247384	9	9	9	1	True	1	0	0.0	False			RNA-Seq|TRANSCRIPTOMIC|cDNA	bulk RNA-seq
PRJNA1248515	9	9	11	2	False	1	0	0.0	False			RNA-Seq|TRANSCRIPTOMIC SINGLE CELL|cDNA	bulk RNA-seq
PRJNA1249506	9	9	9	1	True	1	0	0.0	False			RNA-Seq|TRANSCRIPTOMIC|cDNA	bulk RNA-seq
PRJNA1253580	9	9	9	1	True	1	0	0.0	False			RNA-Seq|TRANSCRIPTOMIC|cDNA	bulk RNA-seq
PRJNA1253653	9	9	28	10	False	2	2	1.0	False		4.5	ATAC-seq|GENOMIC SINGLE CELL|other;RNA-Seq|TRANSCRIPTOMIC SINGLE CELL|cDNA	single nucleus RNA-seq
PRJNA1258982	9	9	9	1	True	1	0	0.0	False			RNA-Seq|TRANSCRIPTOMIC|cDNA	bulk RNA-seq
PRJNA1261787	9	9	9	1	True	1	0	0.0	False			RNA-Seq|TRANSCRIPTOMIC|cDNA	bulk RNA-seq
PRJNA1265966	9	9	18	2	False	1	0	0.0	False			RNA-Seq|TRANSCRIPTOMIC|cDNA	bulk RNA-seq
PRJNA1266361	9	9	9	1	True	1	0	0.0	False			RNA-Seq|GENOMIC|size fractionation	bulk RNA-seq
PRJNA1270006	9	9	9	1	True	1	0	0.0	False			RNA-Seq|TRANSCRIPTOMIC|cDNA	bulk RNA-seq
PRJNA1271243	9	9	9	1	True	1	0	0.0	False			RNA-Seq|GENOMIC|PCR	bulk RNA-seq
PRJNA1271425	9	9	9	1	True	1	0	0.0	False			RNA-Seq|TRANSCRIPTOMIC|cDNA	bulk RNA-seq
PRJNA1274974	9	9	9	1	True	1	0	0.0	False			RNA-Seq|TRANSCRIPTOMIC|cDNA	bulk RNA-seq
PRJNA1280136	9	9	18	2	False	1	0	0.0	False			RNA-Seq|TRANSCRIPTOMIC|cDNA	bulk RNA-seq
PRJNA1284296	9	9	9	1	True	1	0	0.0	False			RNA-Seq|TRANSCRIPTOMIC|cDNA	TruSeq Stranded mRNA
PRJNA1299809	9	9	9	1	True	1	0	0.0	False			RNA-Seq|TRANSCRIPTOMIC|cDNA	bulk RNA-seq
PRJNA1303563	9	9	9	1	True	1	0	0.0	False			RNA-Seq|TRANSCRIPTOMIC|cDNA	bulk RNA-seq
PRJNA1311985	9	9	36	4	False	1	0	0.0	False			RNA-Seq|TRANSCRIPTOMIC|cDNA	bulk RNA-seq
PRJNA1314207	9	9	9	1	True	1	0	0.0	False			RNA-Seq|TRANSCRIPTOMIC|cDNA	bulk RNA-seq
PRJNA1320544	9	9	9	1	True	1	0	0.0	False			RNA-Seq|TRANSCRIPTOMIC|cDNA	bulk RNA-seq
PRJNA1327194	9	9	9	1	True	1	0	0.0	False			RNA-Seq|TRANSCRIPTOMIC|cDNA	bulk RNA-seq
PRJNA1327831	9	9	9	1	True	1	0	0.0	False			RNA-Seq|TRANSCRIPTOMIC|cDNA	bulk RNA-seq
PRJNA1332742	9	9	9	1	True	1	0	0.0	False			RNA-Seq|TRANSCRIPTOMIC|cDNA	bulk RNA-seq
PRJNA1336267	9	9	9	1	True	1	0	0.0	False			RNA-Seq|TRANSCRIPTOMIC|cDNA	bulk RNA-seq
PRJNA1337113	9	9	9	1	True	1	0	0.0	False			RNA-Seq|TRANSCRIPTOMIC|PolyA	bulk RNA-seq
PRJNA1363184	9	9	9	1	True	1	0	0.0	False			RNA-Seq|TRANSCRIPTOMIC|cDNA	TruSeq Stranded mRNA
PRJNA1363760	9	9	9	1	True	1	0	0.0	False			ATAC-seq|GENOMIC|other	bulk RNA-seq
PRJNA1364147	9	9	9	1	True	1	0	0.0	False			RNA-Seq|GENOMIC|cDNA	bulk RNA-seq
PRJNA1368973	9	9	54	6	False	1	0	0.0	False			RNA-Seq|TRANSCRIPTOMIC SINGLE CELL|cDNA	10x Genomics Chromium
PRJNA1373113	9	9	9	1	True	2	0	0.0	False			OTHER|OTHER|other;RNA-Seq|TRANSCRIPTOMIC SINGLE CELL|cDNA	10x Genomics Chromium
PRJNA1377437	9	9	9	1	True	1	0	0.0	False			RNA-Seq|TRANSCRIPTOMIC|cDNA	TruSeq Stranded mRNA
PRJNA1378137	9	9	9	1	True	1	0	0.0	False			RNA-Seq|TRANSCRIPTOMIC|cDNA	polyA selected RNA-seq
PRJNA1380939	9	9	9	1	True	1	3	0.667	False		3.0	ssRNA-seq|TRANSCRIPTOMIC|Oligo-dT	bulk RNA-seq
PRJNA1389814	9	9	9	1	True	1	0	0.0	False			RNA-Seq|TRANSCRIPTOMIC|PolyA	bulk RNA-seq
PRJNA1394986	9	9	9	1	True	1	0	0.0	False			RNA-Seq|TRANSCRIPTOMIC|cDNA	bulk RNA-seq
PRJNA1398245	9	9	9	1	True	1	0	0.0	False			RNA-Seq|TRANSCRIPTOMIC SINGLE CELL|cDNA	10x Genomics Chromium
PRJNA1402791	9	9	9	1	True	1	0	0.0	False			RNA-Seq|TRANSCRIPTOMIC|cDNA	bulk RNA-seq;TruSeq Stranded mRNA
PRJNA1428738	9	9	18	2	False	1	0	0.0	False			RNA-Seq|TRANSCRIPTOMIC SINGLE CELL|cDNA	Parse Biosciences
PRJNA1435360	9	9	9	1	True	1	0	0.0	False			RNA-Seq|TRANSCRIPTOMIC|cDNA_oligo_dT	bulk RNA-seq
PRJNA1442718	9	9	9	1	True	1	0	0.0	False			RNA-Seq|TRANSCRIPTOMIC|cDNA	bulk RNA-seq
PRJNA1453501	9	9	9	1	True	1	0	0.0	False			RNA-Seq|TRANSCRIPTOMIC|cDNA	bulk RNA-seq
PRJNA1462287	9	9	9	1	True	1	0	0.0	False			RNA-Seq|TRANSCRIPTOMIC|cDNA	bulk RNA-seq
PRJNA1463212	9	9	9	1	True	1	0	0.0	False			RNA-Seq|TRANSCRIPTOMIC|cDNA	bulk RNA-seq
PRJNA1463690	9	9	9	1	True	1	0	0.0	False			RNA-Seq|TRANSCRIPTOMIC|cDNA	bulk RNA-seq
PRJNA1466881	9	9	9	1	True	1	0	0.0	False			RNA-Seq|TRANSCRIPTOMIC|cDNA	bulk RNA-seq
PRJNA1467618	9	9	26	3	False	1	0	0.0	False			RNA-Seq|TRANSCRIPTOMIC SINGLE CELL|cDNA	10x Genomics Chromium;single nucleus RNA-seq
PRJNA1479994	9	9	9	1	True	1	0	0.0	False			RNA-Seq|TRANSCRIPTOMIC|cDNA	bulk RNA-seq
PRJNA1482019	9	9	9	1	True	1	0	0.0	False			RNA-Seq|TRANSCRIPTOMIC|cDNA	bulk RNA-seq
PRJNA1483479	9	9	9	1	True	1	0	0.0	False			RNA-Seq|TRANSCRIPTOMIC|PolyA	bulk RNA-seq
PRJNA1484078	9	9	9	1	True	1	0	0.0	False			RNA-Seq|TRANSCRIPTOMIC|cDNA	bulk RNA-seq
PRJNA1489543	9	9	9	1	True	1	0	0.0	False			RNA-Seq|TRANSCRIPTOMIC|cDNA	bulk RNA-seq
PRJNA1494922	9	9	9	1	True	1	0	0.0	False			RNA-Seq|TRANSCRIPTOMIC|cDNA	bulk RNA-seq
PRJNA150405	9	9	9	1	True	1	0	0.0	False			RNA-Seq|TRANSCRIPTOMIC|RT-PCR	polyA selected RNA-seq
PRJNA271946	9	9	9	1	True	1	0	0.0	False			RNA-Seq|TRANSCRIPTOMIC|cDNA	polyA selected RNA-seq
PRJNA287559	9	9	9	1	True	1	0	0.0	False			RNA-Seq|TRANSCRIPTOMIC|cDNA	TruSeq Stranded mRNA
PRJNA300941	9	9	9	1	True	1	0	0.0	False			RNA-Seq|TRANSCRIPTOMIC|cDNA	bulk RNA-seq
PRJNA314902	9	9	9	1	True	1	0	0.0	False			RNA-Seq|TRANSCRIPTOMIC|cDNA	TruSeq Stranded mRNA
PRJNA356169	9	9	40	8	False	1	0	0.0	False			RNA-Seq|TRANSCRIPTOMIC|cDNA	bulk RNA-seq
PRJNA360248	9	9	9	1	True	1	0	0.0	False			RNA-Seq|TRANSCRIPTOMIC|cDNA	polyA selected RNA-seq
PRJNA375756	9	9	16	2	False	1	0	0.0	False			RNA-Seq|TRANSCRIPTOMIC|cDNA	Drop-seq
PRJNA379012	9	9	9	1	True	1	0	0.0	False			RNA-Seq|TRANSCRIPTOMIC|cDNA	bulk RNA-seq
PRJNA395053	9	9	9	1	True	1	0	0.0	False			RNA-Seq|TRANSCRIPTOMIC|cDNA	TruSeq Stranded mRNA
PRJNA396069	9	9	26	4	False	1	0	0.0	False			RNA-Seq|TRANSCRIPTOMIC|cDNA	Drop-seq
PRJNA414453	9	9	9	1	True	1	0	0.0	False			RNA-Seq|TRANSCRIPTOMIC|cDNA	TruSeq Stranded mRNA
PRJNA429571	9	9	9	1	True	1	0	0.0	False			RNA-Seq|TRANSCRIPTOMIC|cDNA	TruSeq Stranded mRNA
PRJNA430370	9	9	9	1	True	1	0	0.0	False			RNA-Seq|TRANSCRIPTOMIC|cDNA	TruSeq Stranded mRNA
PRJNA434171	9	9	9	1	True	1	0	0.0	False			RNA-Seq|TRANSCRIPTOMIC|cDNA	polyA selected RNA-seq
PRJNA434175	9	9	9	1	True	1	0	0.0	False			RNA-Seq|TRANSCRIPTOMIC|cDNA	polyA selected RNA-seq
PRJNA448144	9	9	9	1	True	1	0	0.0	False			RNA-Seq|TRANSCRIPTOMIC|cDNA	bulk RNA-seq
PRJNA475964	9	9	9	1	True	1	0	0.0	False			RNA-Seq|TRANSCRIPTOMIC|cDNA	TruSeq Stranded mRNA
PRJNA498809	9	9	9	1	True	1	0	0.0	False			WGS|GENOMIC|unspecified	10x Genomics Chromium
PRJNA505814	9	9	9	1	True	1	0	0.0	False			RNA-Seq|TRANSCRIPTOMIC|cDNA	TruSeq Stranded mRNA
PRJNA510529	9	9	9	1	True	1	0	0.0	False			RNA-Seq|TRANSCRIPTOMIC|cDNA	TruSeq Stranded mRNA
PRJNA526672	9	9	18	2	False	1	0	0.0	False			RNA-Seq|TRANSCRIPTOMIC|cDNA	TruSeq Stranded mRNA
PRJNA527293	9	9	9	1	True	1	0	0.0	False			RNA-Seq|TRANSCRIPTOMIC|cDNA	bulk RNA-seq
PRJNA531025	9	9	9	1	True	1	0	0.0	False			RNA-Seq|TRANSCRIPTOMIC|cDNA	bulk RNA-seq
PRJNA531445	9	9	9	1	True	1	0	0.0	False			RNA-Seq|TRANSCRIPTOMIC|cDNA	polyA selected RNA-seq
PRJNA532355	9	9	9	1	True	1	0	0.0	False			RNA-Seq|TRANSCRIPTOMIC|cDNA	bulk RNA-seq
PRJNA548637	9	9	9	1	True	1	0	0.0	False			RNA-Seq|TRANSCRIPTOMIC|cDNA	bulk RNA-seq
PRJNA566183	9	9	45	6	False	1	0	0.0	False			RNA-Seq|TRANSCRIPTOMIC|cDNA	10x Genomics Chromium
PRJNA566448	9	9	9	1	True	1	0	0.0	False			RNA-Seq|TRANSCRIPTOMIC|cDNA	TruSeq Stranded mRNA
PRJNA576743	9	9	9	1	True	1	0	0.0	False			RNA-Seq|TRANSCRIPTOMIC|cDNA	bulk RNA-seq
PRJNA576921	9	9	9	1	True	1	0	0.0	False			RNA-Seq|TRANSCRIPTOMIC|cDNA	bulk RNA-seq
PRJNA577670	9	9	9	1	True	1	0	0.0	False			RNA-Seq|TRANSCRIPTOMIC|cDNA	bulk RNA-seq
PRJNA593427	9	9	9	1	True	1	0	0.0	False			RNA-Seq|TRANSCRIPTOMIC|cDNA	bulk RNA-seq
PRJNA603463	9	9	9	1	True	1	0	0.0	False			RNA-Seq|TRANSCRIPTOMIC|cDNA	bulk RNA-seq
PRJNA603990	9	9	9	1	True	1	0	0.0	False			RNA-Seq|TRANSCRIPTOMIC|cDNA	TruSeq Stranded mRNA
PRJNA605194	9	9	9	1	True	1	5	1.0	False		1.8	RNA-Seq|TRANSCRIPTOMIC|cDNA	10x Genomics Chromium
PRJNA615635	9	9	9	1	True	2	1	0.444	False		9.0	RNA-Seq|TRANSCRIPTOMIC|cDNA;miRNA-Seq|TRANSCRIPTOMIC|size fractionation	bulk RNA-seq
PRJNA623372	9	9	9	1	True	1	0	0.0	False			RNA-Seq|TRANSCRIPTOMIC|cDNA	bulk RNA-seq
PRJNA629331	9	9	9	1	True	1	0	0.0	False			RNA-Seq|TRANSCRIPTOMIC|cDNA	bulk RNA-seq
PRJNA661580	9	9	9	1	True	1	0	0.0	False			RNA-Seq|TRANSCRIPTOMIC|cDNA	bulk RNA-seq
PRJNA662306	9	9	9	1	True	1	0	0.0	False			RNA-Seq|TRANSCRIPTOMIC|cDNA	bulk RNA-seq
PRJNA662527	9	9	9	1	True	1	0	0.0	False			RNA-Seq|TRANSCRIPTOMIC|cDNA	bulk RNA-seq
PRJNA662965	9	9	9	1	True	1	0	0.0	False			RNA-Seq|TRANSCRIPTOMIC|cDNA	bulk RNA-seq
PRJNA675495	9	9	54	6	False	1	0	0.0	False			RNA-Seq|TRANSCRIPTOMIC|cDNA	TruSeq Stranded mRNA
PRJNA677877	9	9	9	1	True	1	1	0.333	False		9.0	RNA-Seq|TRANSCRIPTOMIC|Oligo-dT	TruSeq Stranded mRNA
PRJNA698389	9	9	9	1	True	1	6	0.667	False		1.5	RNA-Seq|TRANSCRIPTOMIC|cDNA	bulk RNA-seq
PRJNA704069	9	9	9	1	True	1	0	0.0	False			RNA-Seq|TRANSCRIPTOMIC|cDNA	bulk RNA-seq
PRJNA704070	9	9	9	1	True	1	0	0.0	False			RNA-Seq|TRANSCRIPTOMIC|cDNA	bulk RNA-seq
PRJNA704075	9	9	9	1	True	1	0	0.0	False			RNA-Seq|TRANSCRIPTOMIC|cDNA	bulk RNA-seq
PRJNA705097	9	9	9	1	True	1	0	0.0	False			RNA-Seq|TRANSCRIPTOMIC|cDNA	10x Genomics Chromium
PRJNA707302	9	9	9	1	True	1	0	0.0	False			RNA-Seq|TRANSCRIPTOMIC|cDNA	Drop-seq
PRJNA721439	9	9	9	1	True	1	0	0.0	False			RNA-Seq|TRANSCRIPTOMIC|cDNA	bulk RNA-seq
PRJNA722982	9	9	9	1	True	1	0	0.0	False			RNA-Seq|TRANSCRIPTOMIC|cDNA	bulk RNA-seq
PRJNA725512	9	9	9	1	True	1	0	0.0	False			RNA-Seq|TRANSCRIPTOMIC|cDNA	bulk RNA-seq
PRJNA731246	9	9	36	4	False	1	0	0.0	False			RNA-Seq|TRANSCRIPTOMIC|cDNA	10x Genomics Chromium
PRJNA731514	9	9	9	1	True	1	0	0.0	False			RNA-Seq|TRANSCRIPTOMIC|cDNA	bulk RNA-seq
PRJNA734264	9	9	18	2	False	1	0	0.0	False			RNA-Seq|TRANSCRIPTOMIC|cDNA	bulk RNA-seq
PRJNA739680	9	9	9	1	True	1	0	0.0	False			RNA-Seq|TRANSCRIPTOMIC|cDNA	bulk RNA-seq
PRJNA746953	9	9	9	1	True	1	0	0.0	False			RNA-Seq|TRANSCRIPTOMIC|cDNA	bulk RNA-seq
PRJNA749715	9	9	9	1	True	1	0	0.0	False			RNA-Seq|TRANSCRIPTOMIC|cDNA	bulk RNA-seq
PRJNA754422	9	9	9	1	True	1	0	0.0	False			RNA-Seq|TRANSCRIPTOMIC|cDNA	bulk RNA-seq
PRJNA755988	9	9	18	2	False	1	0	0.0	False			RNA-Seq|TRANSCRIPTOMIC|cDNA	bulk RNA-seq
PRJNA762175	9	9	14	2	False	1	0	0.0	False			ATAC-seq|GENOMIC|other	bulk RNA-seq
PRJNA762558	9	9	20	4	False	1	0	0.0	False			OTHER|TRANSCRIPTOMIC|other	10x Genomics Chromium
PRJNA765577	9	9	9	1	True	1	0	0.0	False			RNA-Seq|TRANSCRIPTOMIC|cDNA	bulk RNA-seq
PRJNA769591	9	9	9	1	True	1	0	0.0	False			RNA-Seq|TRANSCRIPTOMIC|cDNA	bulk RNA-seq
PRJNA771369	9	9	9	1	True	1	0	0.0	False			RNA-Seq|TRANSCRIPTOMIC|cDNA	bulk RNA-seq
PRJNA780320	9	9	9	1	True	1	0	0.0	False			RNA-Seq|TRANSCRIPTOMIC|cDNA	bulk RNA-seq
PRJNA786573	9	9	9	1	True	1	0	0.0	False			RNA-Seq|TRANSCRIPTOMIC|cDNA	bulk RNA-seq
PRJNA788457	9	15	15	4	False	2	0	0.0	False			RNA-Seq|TRANSCRIPTOMIC SINGLE CELL|cDNA;RNA-Seq|TRANSCRIPTOMIC|cDNA	TruSeq Stranded mRNA
PRJNA789649	9	9	35	8	False	2	0	0.0	False			OTHER|TRANSCRIPTOMIC|other;RNA-Seq|TRANSCRIPTOMIC SINGLE CELL|cDNA	10x Genomics Chromium
PRJNA791647	9	9	9	1	True	1	0	0.0	False			RNA-Seq|TRANSCRIPTOMIC|cDNA	TruSeq Stranded mRNA
PRJNA794826	9	10	10	2	False	2	0	0.0	False			RNA-Seq|TRANSCRIPTOMIC SINGLE CELL|PolyA;RNA-Seq|TRANSCRIPTOMIC|RANDOM	bulk RNA-seq
PRJNA795151	9	20	20	6	False	2	0	0.0	False			Targeted-Capture|GENOMIC|Hybrid Selection;Targeted-Capture|TRANSCRIPTOMIC|PolyA	bulk RNA-seq
PRJNA799015	9	9	10	2	False	1	1	0.4	False		9.0	Hi-C|GENOMIC|other	bulk RNA-seq
PRJNA799888	9	9	9	1	True	1	0	0.0	False			RNA-Seq|TRANSCRIPTOMIC|cDNA	TruSeq Stranded mRNA
PRJNA800396	9	9	14	2	False	1	0	0.0	False			RNA-Seq|TRANSCRIPTOMIC|cDNA	bulk RNA-seq
PRJNA802911	9	9	9	1	True	1	9	1.0	False		1.0	RNA-Seq|TRANSCRIPTOMIC|cDNA	polyA selected RNA-seq
PRJNA803369	9	9	9	1	True	1	0	0.0	False			RNA-Seq|TRANSCRIPTOMIC|PCR	TruSeq Stranded mRNA
PRJNA810874	9	9	9	1	True	1	0	0.0	False			RNA-Seq|TRANSCRIPTOMIC|cDNA	bulk RNA-seq
PRJNA813685	9	9	9	1	True	1	0	0.0	False			RNA-Seq|TRANSCRIPTOMIC|cDNA	bulk RNA-seq
PRJNA814258	9	9	9	1	True	1	0	0.0	False			RNA-Seq|TRANSCRIPTOMIC|cDNA	bulk RNA-seq
PRJNA814876	9	9	9	1	True	1	0	0.0	False			RNA-Seq|TRANSCRIPTOMIC|cDNA	bulk RNA-seq
PRJNA832251	9	9	9	1	True	1	0	0.0	False			RNA-Seq|TRANSCRIPTOMIC|cDNA	bulk RNA-seq
PRJNA836856	9	9	9	1	True	1	0	0.0	False			RNA-Seq|TRANSCRIPTOMIC|cDNA	bulk RNA-seq
PRJNA837280	9	9	9	1	True	1	0	0.0	False			RNA-Seq|TRANSCRIPTOMIC|cDNA	bulk RNA-seq
PRJNA847241	9	9	11	2	False	4	0	0.0	False			OTHER|OTHER|other;OTHER|TRANSCRIPTOMIC|other;RNA-Seq|TRANSCRIPTOMIC SINGLE CELL|cDNA;RNA-Seq|TRANSCRIPTOMIC|cDNA	bulk RNA-seq
PRJNA851411	9	9	30	4	False	1	9	1.0	False		1.0	RNA-Seq|TRANSCRIPTOMIC SINGLE CELL|cDNA	single nucleus RNA-seq
PRJNA851711	9	9	9	1	True	1	0	0.0	False			RNA-Seq|TRANSCRIPTOMIC|cDNA	bulk RNA-seq
PRJNA851740	9	9	9	1	True	2	1	0.333	False		9.0	OTHER|TRANSCRIPTOMIC|other;RNA-Seq|TRANSCRIPTOMIC|cDNA	bulk RNA-seq
PRJNA851754	9	9	9	1	True	1	0	0.0	False			RNA-Seq|TRANSCRIPTOMIC|cDNA	bulk RNA-seq
PRJNA857799	9	9	9	1	True	1	3	1.0	False		3.0	RNA-Seq|TRANSCRIPTOMIC|cDNA	bulk RNA-seq
PRJNA868381	9	9	9	1	True	1	1	0.333	False		9.0	RNA-Seq|TRANSCRIPTOMIC|cDNA	bulk RNA-seq
PRJNA873040	9	9	9	1	True	1	0	0.0	False			RNA-Seq|TRANSCRIPTOMIC|cDNA	TruSeq Stranded mRNA
PRJNA880314	9	9	9	1	True	1	1	1.0	False		9.0	RNA-Seq|TRANSCRIPTOMIC|cDNA	bulk RNA-seq
PRJNA882841	9	9	9	1	True	1	0	0.0	False			RNA-Seq|TRANSCRIPTOMIC|cDNA	bulk RNA-seq
PRJNA888992	9	9	9	1	True	1	0	0.0	False			RNA-Seq|TRANSCRIPTOMIC|cDNA	bulk RNA-seq
PRJNA891049	9	9	9	1	True	1	1	1.0	False		9.0	RNA-Seq|TRANSCRIPTOMIC|cDNA	bulk RNA-seq
PRJNA893542	9	9	9	1	True	1	0	0.0	False			RNA-Seq|TRANSCRIPTOMIC|cDNA	TruSeq Stranded mRNA
PRJNA905370	9	9	36	4	False	1	0	0.0	False			RNA-Seq|TRANSCRIPTOMIC|cDNA	bulk RNA-seq
PRJNA912759	9	9	9	1	True	1	0	0.0	False			RNA-Seq|TRANSCRIPTOMIC|cDNA	bulk RNA-seq
PRJNA915045	9	9	9	1	True	1	0	0.0	False			RNA-Seq|TRANSCRIPTOMIC|cDNA	bulk RNA-seq
PRJNA924851	9	9	9	1	True	1	0	0.0	False			RNA-Seq|TRANSCRIPTOMIC|cDNA	bulk RNA-seq
PRJNA932849	9	9	9	1	True	1	0	0.0	False			RNA-Seq|TRANSCRIPTOMIC|PCR	TruSeq Stranded mRNA
PRJNA941286	9	9	9	1	True	1	0	0.0	False			RNA-Seq|TRANSCRIPTOMIC|cDNA	bulk RNA-seq
PRJNA943481	9	9	9	1	True	1	0	0.0	False			RNA-Seq|TRANSCRIPTOMIC|cDNA	bulk RNA-seq
PRJNA949283	9	9	9	1	True	1	0	0.0	False			RNA-Seq|TRANSCRIPTOMIC|cDNA	bulk RNA-seq
PRJNA949951	9	9	9	1	True	1	0	0.0	False			RNA-Seq|TRANSCRIPTOMIC|cDNA	bulk RNA-seq
PRJNA950973	9	9	9	1	True	1	0	0.0	False			RNA-Seq|TRANSCRIPTOMIC|cDNA	bulk RNA-seq
PRJNA954406	9	9	9	1	True	1	0	0.0	False			RNA-Seq|TRANSCRIPTOMIC|cDNA	bulk RNA-seq
PRJNA975174	9	9	9	1	True	1	0	0.0	False			RNA-Seq|TRANSCRIPTOMIC|cDNA	bulk RNA-seq
PRJNA979157	9	9	40	8	False	1	0	0.0	False			RNA-Seq|TRANSCRIPTOMIC|cDNA	bulk RNA-seq
PRJNA981982	9	9	9	1	True	1	0	0.0	False			RNA-Seq|TRANSCRIPTOMIC|cDNA	bulk RNA-seq
PRJNA987446	9	9	9	1	True	1	0	0.0	False			RNA-Seq|TRANSCRIPTOMIC SINGLE CELL|cDNA	10x Genomics Chromium
PRJNA990722	9	9	9	1	True	1	0	0.0	False			RNA-Seq|TRANSCRIPTOMIC|cDNA	bulk RNA-seq
PRJNA993070	9	9	9	1	True	1	0	0.0	False			RNA-Seq|TRANSCRIPTOMIC|cDNA	bulk RNA-seq
PRJNA993122	9	9	9	1	True	1	0	0.0	False			RNA-Seq|TRANSCRIPTOMIC|cDNA	bulk RNA-seq
PRJNA995513	9	9	9	1	True	1	3	1.0	False		3.0	RNA-Seq|TRANSCRIPTOMIC|cDNA	bulk RNA-seq
PRJNA995560	9	9	9	1	True	1	0	0.0	False			RNA-Seq|TRANSCRIPTOMIC|cDNA	bulk RNA-seq
PRJDB14430	8	8	8	1	True	1	0	0.0	False			RNA-Seq|TRANSCRIPTOMIC|RANDOM	TruSeq Stranded mRNA
PRJDB15011	8	8	8	1	True	1	0	0.0	False			RNA-Seq|TRANSCRIPTOMIC|Oligo-dT	Drop-seq
PRJDB17706	8	8	8	1	True	1	0	0.0	False			RNA-Seq|TRANSCRIPTOMIC|PolyA	bulk RNA-seq
PRJDB19193	8	8	8	1	True	1	1	1.0	False		8.0	RNA-Seq|TRANSCRIPTOMIC|RANDOM	bulk RNA-seq
PRJDB37521	8	8	8	1	True	1	1	1.0	False		8.0	RNA-Seq|TRANSCRIPTOMIC|PolyA	bulk RNA-seq
PRJEB108522	8	8	20	4	False	1	0	0.0	False			RNA-Seq|TRANSCRIPTOMIC SINGLE CELL|Oligo-dT	10x Genomics Chromium
PRJEB14135	8	32	32	4	False	1	0	0.0	False			WGS|GENOMIC|RANDOM	10x Genomics Chromium
PRJEB22260	8	14	20	4	False	1	0	0.0	False			ssRNA-seq|TRANSCRIPTOMIC|RANDOM	TruSeq Stranded mRNA
PRJEB27245	8	8	8	1	True	1	0	0.0	False			RNA-Seq|TRANSCRIPTOMIC|cDNA_randomPriming	TruSeq Stranded mRNA
PRJEB33055	8	8	8	1	True	1	0	0.0	False			RNA-Seq|TRANSCRIPTOMIC|cDNA	TruSeq Stranded mRNA
PRJEB36726	8	8	16	2	False	1	1	0.5	False		8.0	ssRNA-seq|TRANSCRIPTOMIC|RANDOM	TruSeq Stranded mRNA
PRJEB39914	8	8	8	1	True	1	0	0.0	False			RNA-Seq|TRANSCRIPTOMIC|cDNA	TruSeq Stranded mRNA
PRJEB40797	8	8	8	1	True	1	0	0.0	False			RNA-Seq|TRANSCRIPTOMIC|PolyA	bulk RNA-seq
PRJEB41804	8	8	8	1	True	1	0	0.0	False			RNA-Seq|TRANSCRIPTOMIC|PolyA	TruSeq Stranded mRNA
PRJEB43164	8	8	32	4	False	1	0	0.0	False			RNA-Seq|GENOMIC|RT-PCR	bulk RNA-seq
PRJEB43819	8	8	8	1	True	1	0	0.0	False			OTHER|TRANSCRIPTOMIC SINGLE CELL|PolyA	bulk RNA-seq
PRJEB48938	8	8	41	8	False	1	0	0.0	False			RNA-Seq|TRANSCRIPTOMIC SINGLE CELL|PolyA	10x Genomics Chromium
PRJEB53369	8	8	152	24	False	1	0	0.0	False			ATAC-seq|GENOMIC SINGLE CELL|other	10x Genomics Chromium
PRJEB59278	8	8	8	1	True	1	0	0.0	False			RNA-Seq|TRANSCRIPTOMIC|PolyA	bulk RNA-seq
PRJEB64050	8	64	64	8	False	2	0	0.0	False			ATAC-seq|GENOMIC SINGLE CELL|other;RNA-Seq|TRANSCRIPTOMIC SINGLE CELL|cDNA_oligo_dT	single nucleus RNA-seq
PRJEB66293	8	8	32	4	False	1	0	0.0	False			RNA-Seq|TRANSCRIPTOMIC SINGLE CELL|PolyA	10x Genomics Chromium;single nucleus RNA-seq
PRJEB72833	8	8	8	1	True	1	0	0.0	False			RNA-Seq|TRANSCRIPTOMIC|RANDOM	bulk RNA-seq
PRJEB74445	8	8	8	1	True	1	0	0.0	False			RNA-Seq|TRANSCRIPTOMIC|Oligo-dT	bulk RNA-seq
PRJEB74456	8	8	8	1	True	1	0	0.0	False			RNA-Seq|TRANSCRIPTOMIC|Oligo-dT	bulk RNA-seq
PRJEB74458	8	8	8	1	True	1	0	0.0	False			RNA-Seq|TRANSCRIPTOMIC|Oligo-dT	bulk RNA-seq
PRJEB75773	8	8	8	1	True	1	8	1.0	False		1.0	RNA-Seq|TRANSCRIPTOMIC|PolyA	bulk RNA-seq
PRJEB76161	8	8	8	1	True	1	0	0.0	False			RNA-Seq|TRANSCRIPTOMIC|RANDOM	bulk RNA-seq
PRJEB79774	8	8	8	1	True	1	0	0.0	False			RNA-Seq|TRANSCRIPTOMIC SINGLE CELL|PolyA	single nucleus RNA-seq
PRJEB82068	8	8	8	1	True	1	0	0.0	False			RNA-Seq|TRANSCRIPTOMIC|Oligo-dT	bulk RNA-seq
PRJEB84384	8	8	8	1	True	1	0	0.0	False			RNA-Seq|TRANSCRIPTOMIC|PolyA	bulk RNA-seq
PRJNA1004635	8	8	8	1	True	1	2	0.5	False		4.0	RNA-Seq|TRANSCRIPTOMIC|cDNA	bulk RNA-seq
PRJNA1006288	8	8	32	4	False	1	2	1.0	False		4.0	RNA-Seq|TRANSCRIPTOMIC|cDNA	bulk RNA-seq
PRJNA1008745	8	8	32	6	False	1	0	0.0	False			ATAC-seq|GENOMIC|other	single nucleus RNA-seq
PRJNA1008747	8	8	32	6	False	1	0	0.0	False			RNA-Seq|TRANSCRIPTOMIC SINGLE CELL|cDNA	single nucleus RNA-seq
PRJNA1009119	8	8	8	1	True	1	0	0.0	False			RNA-Seq|TRANSCRIPTOMIC SINGLE CELL|cDNA	10x Genomics Chromium
PRJNA1010671	8	8	8	1	True	1	0	0.0	False			RNA-Seq|TRANSCRIPTOMIC|cDNA	TruSeq Stranded mRNA
PRJNA1016415	8	8	8	1	True	1	0	0.0	False			RNA-Seq|TRANSCRIPTOMIC SINGLE CELL|cDNA	Parse Biosciences
PRJNA1018828	8	8	8	1	True	1	0	0.0	False			RNA-Seq|TRANSCRIPTOMIC|cDNA	bulk RNA-seq
PRJNA1018887	8	8	64	8	False	1	0	0.0	False			RNA-Seq|TRANSCRIPTOMIC|cDNA	bulk RNA-seq
PRJNA1020589	8	8	8	1	True	1	0	0.0	False			RNA-Seq|TRANSCRIPTOMIC|cDNA	bulk RNA-seq
PRJNA1020871	8	8	8	1	True	1	0	0.0	False			RNA-Seq|TRANSCRIPTOMIC|cDNA	bulk RNA-seq
PRJNA1021159	8	8	8	1	True	1	0	0.0	False			RNA-Seq|TRANSCRIPTOMIC|cDNA	bulk RNA-seq
PRJNA1021751	8	8	8	1	True	1	0	0.0	False			RNA-Seq|TRANSCRIPTOMIC|cDNA	bulk RNA-seq
PRJNA1024893	8	8	8	1	True	1	0	0.0	False			RNA-Seq|TRANSCRIPTOMIC|cDNA	TruSeq Stranded mRNA
PRJNA1026115	8	8	8	1	True	1	0	0.0	False			RNA-Seq|TRANSCRIPTOMIC|cDNA	TruSeq Stranded mRNA
PRJNA1028970	8	8	8	1	True	1	0	0.0	False			RNA-Seq|TRANSCRIPTOMIC|cDNA	bulk RNA-seq
PRJNA1030285	8	8	8	1	True	1	0	0.0	False			RNA-Seq|TRANSCRIPTOMIC|cDNA	bulk RNA-seq
PRJNA1033389	8	8	8	1	True	1	0	0.0	False			RNA-Seq|TRANSCRIPTOMIC SINGLE CELL|PCR	10x Genomics Chromium
PRJNA1036206	8	8	8	1	True	1	0	0.0	False			ChIP-Seq|GENOMIC|ChIP	bulk RNA-seq
PRJNA1038714	8	8	8	1	True	1	1	1.0	False		8.0	RNA-Seq|TRANSCRIPTOMIC|cDNA	bulk RNA-seq
PRJNA1040272	8	8	8	1	True	2	0	0.0	False			OTHER|GENOMIC|other;OTHER|TRANSCRIPTOMIC|other	bulk RNA-seq
PRJNA1045302	8	8	8	1	True	1	0	0.0	False			RNA-Seq|TRANSCRIPTOMIC|cDNA	bulk RNA-seq
PRJNA1045603	8	8	8	1	True	1	0	0.0	False			RNA-Seq|TRANSCRIPTOMIC|cDNA	bulk RNA-seq
PRJNA1049002	8	8	8	1	True	1	0	0.0	False			RNA-Seq|TRANSCRIPTOMIC SINGLE CELL|cDNA	single nucleus RNA-seq
PRJNA1049857	8	11	11	3	False	1	0	0.0	False			RNA-Seq|TRANSCRIPTOMIC SINGLE CELL|RT-PCR	Drop-seq
PRJNA1049872	8	8	8	1	True	1	0	0.0	False			RNA-Seq|TRANSCRIPTOMIC|cDNA	bulk RNA-seq
PRJNA1050327	8	8	8	1	True	1	0	0.0	False			RNA-Seq|TRANSCRIPTOMIC|cDNA	TruSeq Stranded mRNA
PRJNA1051661	8	8	8	1	True	1	0	0.0	False			RNA-Seq|TRANSCRIPTOMIC|PolyA	TruSeq Stranded mRNA
PRJNA1052102	8	8	8	1	True	1	0	0.0	False			RNA-Seq|TRANSCRIPTOMIC|cDNA	bulk RNA-seq
PRJNA1052106	8	8	8	1	True	1	0	0.0	False			RNA-Seq|TRANSCRIPTOMIC|cDNA	bulk RNA-seq
PRJNA1052125	8	8	8	1	True	1	0	0.0	False			RNA-Seq|TRANSCRIPTOMIC|cDNA	bulk RNA-seq
PRJNA1057812	8	8	8	1	True	2	0	0.0	False			ATAC-seq|GENOMIC SINGLE CELL|other;RNA-Seq|TRANSCRIPTOMIC SINGLE CELL|cDNA	single nucleus RNA-seq
PRJNA1058508	8	8	8	1	True	1	0	0.0	False			RNA-Seq|TRANSCRIPTOMIC|cDNA	bulk RNA-seq
PRJNA1060742	8	8	11	2	False	1	8	1.0	False		1.0	RNA-Seq|TRANSCRIPTOMIC SINGLE CELL|cDNA	BD Rhapsody
PRJNA1061800	8	8	8	1	True	1	4	1.0	False		2.0	RNA-Seq|TRANSCRIPTOMIC|PCR	bulk RNA-seq
PRJNA1064602	8	8	8	1	True	1	0	0.0	False			RNA-Seq|TRANSCRIPTOMIC SINGLE CELL|cDNA	Parse Biosciences
PRJNA1068954	8	8	8	1	True	2	0	0.0	False			RNA-Seq|TRANSCRIPTOMIC SINGLE CELL|cDNA;RNA-Seq|TRANSCRIPTOMIC|cDNA	bulk RNA-seq
PRJNA1069070	8	8	32	4	False	1	0	0.0	False			RNA-Seq|TRANSCRIPTOMIC|cDNA	bulk RNA-seq
PRJNA1069777	8	8	8	1	True	1	0	0.0	False			RNA-Seq|TRANSCRIPTOMIC|cDNA	bulk RNA-seq
PRJNA1070645	8	8	8	1	True	1	1	1.0	False		8.0	RNA-Seq|TRANSCRIPTOMIC|cDNA	bulk RNA-seq
PRJNA1073856	8	8	8	1	True	1	0	0.0	False			RNA-Seq|TRANSCRIPTOMIC SINGLE CELL|cDNA	10x Genomics Chromium
PRJNA1077987	8	8	8	1	True	1	0	0.0	False			RNA-Seq|TRANSCRIPTOMIC|cDNA	bulk RNA-seq
PRJNA1079072	8	8	8	1	True	1	2	0.25	False		4.0	RNA-Seq|TRANSCRIPTOMIC|PolyA	bulk RNA-seq
PRJNA1079813	8	8	16	2	False	1	0	0.0	False			RNA-Seq|TRANSCRIPTOMIC|cDNA	bulk RNA-seq
PRJNA1080544	8	8	8	1	True	1	0	0.0	False			RNA-Seq|TRANSCRIPTOMIC|cDNA	bulk RNA-seq
PRJNA1086172	8	8	32	4	False	1	0	0.0	False			RNA-Seq|TRANSCRIPTOMIC SINGLE CELL|cDNA	10x Genomics Chromium
PRJNA1086948	8	8	47	6	False	1	0	0.0	False			RNA-Seq|TRANSCRIPTOMIC SINGLE CELL|cDNA	single nucleus RNA-seq
PRJNA1088157	8	8	8	1	True	1	2	0.25	False		4.0	RNA-Seq|TRANSCRIPTOMIC|cDNA	bulk RNA-seq
PRJNA1088458	8	8	16	2	False	1	0	0.0	False			RNA-Seq|TRANSCRIPTOMIC SINGLE CELL|cDNA	10x Genomics Chromium
PRJNA1089719	8	8	8	1	True	2	0	0.0	False			RNA-Seq|TRANSCRIPTOMIC SINGLE CELL|Inverse rRNA;RNA-Seq|TRANSCRIPTOMIC|Inverse rRNA	bulk RNA-seq
PRJNA1091653	8	8	8	1	True	1	0	0.0	False			RNA-Seq|TRANSCRIPTOMIC|cDNA	bulk RNA-seq
PRJNA1094977	8	8	8	1	True	1	0	0.0	False			RNA-Seq|TRANSCRIPTOMIC|cDNA	polyA selected RNA-seq
PRJNA1095446	8	8	8	1	True	1	0	0.0	False			RNA-Seq|TRANSCRIPTOMIC|cDNA	TruSeq Stranded mRNA
PRJNA1095505	8	8	8	1	True	1	0	0.0	False			RNA-Seq|TRANSCRIPTOMIC|cDNA	bulk RNA-seq
PRJNA1099565	8	8	16	2	False	1	0	0.0	False			RNA-Seq|TRANSCRIPTOMIC|cDNA	bulk RNA-seq
PRJNA1100561	8	8	8	1	True	1	0	0.0	False			RNA-Seq|TRANSCRIPTOMIC SINGLE CELL|cDNA	bulk RNA-seq
PRJNA1102428	8	8	16	2	False	1	1	1.0	False		8.0	RNA-Seq|TRANSCRIPTOMIC SINGLE CELL|cDNA	10x Genomics Chromium
PRJNA1103162	8	8	8	1	True	1	8	1.0	False		1.0	RNA-Seq|TRANSCRIPTOMIC|cDNA	bulk RNA-seq
PRJNA1110273	8	8	8	1	True	1	0	0.0	False			RNA-Seq|TRANSCRIPTOMIC|cDNA	bulk RNA-seq
PRJNA1120750	8	8	8	1	True	1	0	0.0	False			ChIP-Seq|GENOMIC|ChIP	bulk RNA-seq
PRJNA1120755	8	8	8	1	True	1	0	0.0	False			OTHER|GENOMIC|other	bulk RNA-seq
PRJNA1122135	8	8	8	1	True	1	0	0.0	False			RNA-Seq|TRANSCRIPTOMIC SINGLE CELL|cDNA	single nucleus RNA-seq
PRJNA1122183	8	8	16	2	False	1	0	0.0	False			RNA-Seq|TRANSCRIPTOMIC SINGLE CELL|cDNA	bulk RNA-seq
PRJNA1122483	8	8	9	2	False	2	0	0.0	False			ATAC-seq|GENOMIC SINGLE CELL|other;RNA-Seq|TRANSCRIPTOMIC SINGLE CELL|cDNA	single nucleus RNA-seq
PRJNA1122642	8	8	8	1	True	1	0	0.0	False			RNA-Seq|TRANSCRIPTOMIC|cDNA	bulk RNA-seq
PRJNA1125605	8	8	8	1	True	1	0	0.0	False			RNA-Seq|TRANSCRIPTOMIC|cDNA	bulk RNA-seq
PRJNA1127440	8	8	8	1	True	1	0	0.0	False			RNA-Seq|TRANSCRIPTOMIC|cDNA	bulk RNA-seq
PRJNA1128147	8	8	8	1	True	1	1	0.5	False		8.0	RNA-Seq|TRANSCRIPTOMIC|cDNA	bulk RNA-seq
PRJNA1129021	8	8	8	1	True	1	0	0.0	False			RNA-Seq|TRANSCRIPTOMIC SINGLE CELL|cDNA	10x Genomics Chromium
PRJNA1131485	8	8	8	1	True	1	4	0.5	False		2.0	RNA-Seq|TRANSCRIPTOMIC|cDNA	bulk RNA-seq
PRJNA1136427	8	8	8	1	True	1	0	0.0	False			RNA-Seq|TRANSCRIPTOMIC|cDNA	bulk RNA-seq
PRJNA1137427	8	8	32	4	False	1	0	0.0	False			RNA-Seq|TRANSCRIPTOMIC SINGLE CELL|cDNA	10x Genomics Chromium
PRJNA1140637	8	8	8	1	True	1	0	0.0	False			RNA-Seq|TRANSCRIPTOMIC|cDNA	bulk RNA-seq
PRJNA1140825	8	8	8	1	True	1	0	0.0	False			RNA-Seq|TRANSCRIPTOMIC|PolyA	bulk RNA-seq
PRJNA1141599	8	8	8	1	True	1	0	0.0	False			RNA-Seq|TRANSCRIPTOMIC|cDNA	bulk RNA-seq
PRJNA1142583	8	8	8	1	True	1	0	0.0	False			RNA-Seq|TRANSCRIPTOMIC|cDNA	single nucleus RNA-seq;bulk RNA-seq
PRJNA1143023	8	8	12	2	False	1	0	0.0	False			RNA-Seq|TRANSCRIPTOMIC|cDNA	single nucleus RNA-seq
PRJNA1143546	8	8	8	1	True	1	0	0.0	False			RNA-Seq|TRANSCRIPTOMIC|cDNA	polyA selected RNA-seq
PRJNA1145334	8	8	8	1	True	2	1	1.0	False		8.0	RNA-Seq|TRANSCRIPTOMIC|cDNA;miRNA-Seq|TRANSCRIPTOMIC|size fractionation	polyA selected RNA-seq
PRJNA1145472	8	8	8	1	True	1	0	0.0	False			RNA-Seq|TRANSCRIPTOMIC|cDNA	bulk RNA-seq
PRJNA1148155	8	8	8	1	True	1	0	0.0	False			RNA-Seq|TRANSCRIPTOMIC SINGLE CELL|cDNA	10x Genomics Chromium
PRJNA1148456	8	8	8	1	True	1	0	0.0	False			RNA-Seq|TRANSCRIPTOMIC|cDNA	bulk RNA-seq
PRJNA1150258	8	8	8	1	True	1	0	0.0	False			RNA-Seq|TRANSCRIPTOMIC|cDNA	bulk RNA-seq
PRJNA1151677	8	8	40	8	False	2	3	1.0	False		2.67	ATAC-seq|GENOMIC|other;RNA-Seq|TRANSCRIPTOMIC SINGLE CELL|cDNA	single nucleus RNA-seq
PRJNA1152961	8	8	32	4	False	1	0	0.0	False			RNA-Seq|TRANSCRIPTOMIC|cDNA	bulk RNA-seq
PRJNA1153621	8	8	8	1	True	1	0	0.0	False			RNA-Seq|TRANSCRIPTOMIC|cDNA	bulk RNA-seq
PRJNA1157905	8	8	8	1	True	1	0	0.0	False			RNA-Seq|TRANSCRIPTOMIC|cDNA	bulk RNA-seq
PRJNA1158222	8	8	8	1	True	1	0	0.0	False			RNA-Seq|TRANSCRIPTOMIC|cDNA	bulk RNA-seq
PRJNA1158481	8	8	8	1	True	1	2	1.0	False		4.0	RNA-Seq|TRANSCRIPTOMIC|cDNA	bulk RNA-seq
PRJNA1159844	8	8	16	2	False	1	0	0.0	False			RNA-Seq|TRANSCRIPTOMIC|cDNA	bulk RNA-seq
PRJNA1163696	8	8	8	1	True	1	0	0.0	False			RNA-Seq|TRANSCRIPTOMIC|cDNA	bulk RNA-seq
PRJNA1164135	8	8	8	1	True	1	0	0.0	False			RNA-Seq|TRANSCRIPTOMIC|cDNA_oligo_dT	bulk RNA-seq
PRJNA1167311	8	8	8	1	True	1	0	0.0	False			RNA-Seq|TRANSCRIPTOMIC|cDNA	TruSeq Stranded mRNA
PRJNA1168491	8	8	8	1	True	1	0	0.0	False			RNA-Seq|TRANSCRIPTOMIC|cDNA	bulk RNA-seq
PRJNA1168954	8	8	8	1	True	1	0	0.0	False			RNA-Seq|TRANSCRIPTOMIC|cDNA	bulk RNA-seq
PRJNA1169356	8	8	8	1	True	1	1	1.0	False		8.0	RNA-Seq|TRANSCRIPTOMIC|cDNA	bulk RNA-seq
PRJNA1179498	8	8	8	1	True	1	0	0.0	False			RNA-Seq|TRANSCRIPTOMIC|cDNA	bulk RNA-seq
PRJNA1179649	8	8	8	1	True	1	2	1.0	False		4.0	RNA-Seq|TRANSCRIPTOMIC|PCR	bulk RNA-seq
PRJNA1180900	8	8	8	1	True	1	0	0.0	False			RNA-Seq|TRANSCRIPTOMIC|cDNA	bulk RNA-seq
PRJNA1182658	8	8	8	1	True	1	0	0.0	False			RNA-Seq|TRANSCRIPTOMIC|cDNA	bulk RNA-seq
PRJNA1183828	8	8	8	1	True	1	0	0.0	False			RNA-Seq|TRANSCRIPTOMIC|cDNA	bulk RNA-seq
PRJNA1184115	8	8	8	1	True	1	0	0.0	False			RNA-Seq|TRANSCRIPTOMIC|cDNA	bulk RNA-seq
PRJNA1184139	8	8	8	1	True	1	0	0.0	False			RNA-Seq|TRANSCRIPTOMIC|cDNA	bulk RNA-seq
PRJNA1185687	8	8	8	1	True	2	0	0.0	False			ATAC-seq|GENOMIC SINGLE CELL|other;RNA-Seq|TRANSCRIPTOMIC SINGLE CELL|cDNA	single nucleus RNA-seq
PRJNA1186541	8	8	8	1	True	1	0	0.0	False			RNA-Seq|TRANSCRIPTOMIC|cDNA	bulk RNA-seq
PRJNA1187466	8	8	8	1	True	1	0	0.0	False			RNA-Seq|TRANSCRIPTOMIC SINGLE CELL|cDNA	BD Rhapsody
PRJNA1188504	8	8	8	1	True	1	1	1.0	False		8.0	RNA-Seq|TRANSCRIPTOMIC|cDNA	bulk RNA-seq
PRJNA1191370	8	8	8	1	True	1	0	0.0	False			RNA-Seq|TRANSCRIPTOMIC|cDNA	bulk RNA-seq
PRJNA1191848	8	8	32	4	False	1	1	0.125	False		8.0	RNA-Seq|TRANSCRIPTOMIC SINGLE CELL|cDNA	10x Genomics Chromium
PRJNA1194599	8	8	8	1	True	2	0	0.0	False			ATAC-seq|GENOMIC|other;RNA-Seq|TRANSCRIPTOMIC|cDNA	bulk RNA-seq
PRJNA1195018	8	8	8	1	True	1	0	0.0	False			RNA-Seq|TRANSCRIPTOMIC|cDNA	bulk RNA-seq
PRJNA1196991	8	8	8	1	True	1	0	0.0	False			RNA-Seq|TRANSCRIPTOMIC|cDNA	bulk RNA-seq
PRJNA1198061	8	8	8	1	True	1	0	0.0	False			RNA-Seq|TRANSCRIPTOMIC SINGLE CELL|cDNA	single nucleus RNA-seq
PRJNA1198311	8	8	8	1	True	1	0	0.0	False			RNA-Seq|TRANSCRIPTOMIC|cDNA	bulk RNA-seq
PRJNA1198624	8	8	8	1	True	1	0	0.0	False			RNA-Seq|TRANSCRIPTOMIC|cDNA	bulk RNA-seq
PRJNA1198921	8	8	16	2	False	1	0	0.0	False			RNA-Seq|TRANSCRIPTOMIC|cDNA	bulk RNA-seq
PRJNA1201108	8	8	8	1	True	1	0	0.0	False			RNA-Seq|TRANSCRIPTOMIC|cDNA	bulk RNA-seq
PRJNA1204804	8	8	8	1	True	1	1	0.5	False		8.0	RNA-Seq|TRANSCRIPTOMIC|cDNA	bulk RNA-seq
PRJNA1206150	8	8	8	1	True	1	0	0.0	False			RNA-Seq|TRANSCRIPTOMIC SINGLE CELL|cDNA	single nucleus RNA-seq
PRJNA1207505	8	8	8	1	True	1	0	0.0	False			RNA-Seq|TRANSCRIPTOMIC|cDNA	bulk RNA-seq
PRJNA1209896	8	8	8	1	True	1	0	0.0	False			RNA-Seq|TRANSCRIPTOMIC|cDNA	bulk RNA-seq
PRJNA1210514	8	8	8	1	True	1	0	0.0	False			RNA-Seq|TRANSCRIPTOMIC|cDNA	bulk RNA-seq
PRJNA1211041	8	8	8	1	True	1	0	0.0	False			RNA-Seq|TRANSCRIPTOMIC|cDNA	bulk RNA-seq
PRJNA1212032	8	8	8	1	True	1	0	0.0	False			RNA-Seq|TRANSCRIPTOMIC|cDNA	bulk RNA-seq
PRJNA1213880	8	8	8	1	True	1	0	0.0	False			RNA-Seq|TRANSCRIPTOMIC|PolyA	bulk RNA-seq
PRJNA1214390	8	8	8	1	True	3	0	0.0	False			RNA-Seq|OTHER|cDNA;RNA-Seq|TRANSCRIPTOMIC SINGLE CELL|cDNA;RNA-Seq|TRANSCRIPTOMIC|cDNA	10x Genomics Chromium;bulk RNA-seq
PRJNA1215429	8	8	8	1	True	1	0	0.0	False			RNA-Seq|TRANSCRIPTOMIC|cDNA	bulk RNA-seq
PRJNA1216611	8	8	8	1	True	1	0	0.0	False			RNA-Seq|TRANSCRIPTOMIC|cDNA	bulk RNA-seq
PRJNA1216616	8	8	8	1	True	1	0	0.0	False			RNA-Seq|TRANSCRIPTOMIC|cDNA	bulk RNA-seq
PRJNA1217801	8	8	8	1	True	1	0	0.0	False			RNA-Seq|TRANSCRIPTOMIC|cDNA	bulk RNA-seq
PRJNA1220150	8	8	8	1	True	1	0	0.0	False			RNA-Seq|TRANSCRIPTOMIC|cDNA	bulk RNA-seq
PRJNA1220654	8	8	8	1	True	1	0	0.0	False			RNA-Seq|TRANSCRIPTOMIC|cDNA	bulk RNA-seq
PRJNA1223010	8	8	8	1	True	1	0	0.0	False			RNA-Seq|TRANSCRIPTOMIC|cDNA	bulk RNA-seq
PRJNA1223798	8	8	8	1	True	1	0	0.0	False			RNA-Seq|TRANSCRIPTOMIC SINGLE CELL|cDNA	single nucleus RNA-seq
PRJNA1228120	8	8	8	1	True	1	1	1.0	False		8.0	RNA-Seq|TRANSCRIPTOMIC|cDNA	bulk RNA-seq
PRJNA1232731	8	8	8	1	True	1	0	0.0	False			RNA-Seq|TRANSCRIPTOMIC|cDNA	bulk RNA-seq
PRJNA1234186	8	8	8	1	True	1	0	0.0	False			RNA-Seq|TRANSCRIPTOMIC|cDNA	bulk RNA-seq
PRJNA1236382	8	8	16	2	False	1	0	0.0	False			RNA-Seq|TRANSCRIPTOMIC SINGLE CELL|cDNA	10x Genomics Chromium
PRJNA1238767	8	8	8	1	True	1	0	0.0	False			RNA-Seq|TRANSCRIPTOMIC|cDNA	bulk RNA-seq
PRJNA1241772	8	8	8	1	True	1	4	0.5	False		2.0	RNA-Seq|TRANSCRIPTOMIC|cDNA	TruSeq Stranded mRNA
PRJNA1243386	8	8	32	4	False	1	0	0.0	False			RNA-Seq|TRANSCRIPTOMIC SINGLE CELL|cDNA	10x Genomics Chromium
PRJNA1246592	8	8	16	2	False	1	0	0.0	False			RNA-Seq|TRANSCRIPTOMIC SINGLE CELL|cDNA	single nucleus RNA-seq
PRJNA1247422	8	8	8	1	True	1	0	0.0	False			RNA-Seq|TRANSCRIPTOMIC|cDNA	bulk RNA-seq
PRJNA1248247	8	8	8	1	True	1	0	0.0	False			RNA-Seq|TRANSCRIPTOMIC|cDNA	bulk RNA-seq
PRJNA1248554	8	8	22	4	False	1	0	0.0	False			RNA-Seq|TRANSCRIPTOMIC SINGLE CELL|cDNA	single nucleus RNA-seq
PRJNA1249372	8	8	16	2	False	1	2	1.0	False		4.0	RNA-Seq|TRANSCRIPTOMIC|cDNA	bulk RNA-seq
PRJNA1249474	8	8	8	1	True	1	0	0.0	False			RNA-Seq|TRANSCRIPTOMIC|cDNA	bulk RNA-seq
PRJNA1256279	8	8	8	1	True	1	0	0.0	False			RNA-Seq|TRANSCRIPTOMIC SINGLE CELL|cDNA	10x Genomics Chromium
PRJNA1256782	8	8	16	2	False	1	0	0.0	False			RNA-Seq|TRANSCRIPTOMIC SINGLE CELL|cDNA	10x Genomics Chromium
PRJNA1259019	8	8	8	1	True	1	1	0.125	False		8.0	RNA-Seq|TRANSCRIPTOMIC|cDNA	bulk RNA-seq
PRJNA1263731	8	8	24	4	False	2	0	0.0	False			OTHER|TRANSCRIPTOMIC|other;RNA-Seq|TRANSCRIPTOMIC SINGLE CELL|cDNA	10x Genomics Chromium
PRJNA1268402	8	8	8	1	True	1	1	1.0	False		8.0	RNA-Seq|TRANSCRIPTOMIC|cDNA	bulk RNA-seq
PRJNA1270931	8	8	8	1	True	1	0	0.0	False			RNA-Seq|TRANSCRIPTOMIC|cDNA	bulk RNA-seq
PRJNA1271535	8	8	8	1	True	1	0	0.0	False			RNA-Seq|TRANSCRIPTOMIC|cDNA	bulk RNA-seq
PRJNA1272604	8	8	8	1	True	1	0	0.0	False			RNA-Seq|TRANSCRIPTOMIC|cDNA	bulk RNA-seq
PRJNA1273752	8	8	8	1	True	1	0	0.0	False			RNA-Seq|TRANSCRIPTOMIC SINGLE CELL|cDNA	single nucleus RNA-seq
PRJNA1274382	8	8	8	1	True	1	0	0.0	False			RNA-Seq|TRANSCRIPTOMIC SINGLE CELL|cDNA	Parse Biosciences
PRJNA1274708	8	8	8	1	True	3	1	0.5	False		8.0	ATAC-seq|GENOMIC SINGLE CELL|other;RNA-Seq|TRANSCRIPTOMIC SINGLE CELL|cDNA;RNA-Seq|TRANSCRIPTOMIC|cDNA	bulk RNA-seq
PRJNA1275032	8	8	8	1	True	1	2	0.5	False		4.0	RNA-Seq|TRANSCRIPTOMIC|cDNA	TruSeq Stranded mRNA
PRJNA1278825	8	8	8	1	True	1	0	0.0	False			RNA-Seq|TRANSCRIPTOMIC|Inverse rRNA	bulk RNA-seq
PRJNA1279126	8	8	8	1	True	1	0	0.0	False			RNA-Seq|TRANSCRIPTOMIC|cDNA	bulk RNA-seq
PRJNA1282175	8	8	8	1	True	1	0	0.0	False			RNA-Seq|TRANSCRIPTOMIC|RANDOM PCR	bulk RNA-seq
PRJNA1283193	8	8	8	1	True	1	0	0.0	False			RNA-Seq|TRANSCRIPTOMIC|cDNA	bulk RNA-seq
PRJNA1297664	8	8	8	1	True	1	0	0.0	False			RNA-Seq|TRANSCRIPTOMIC|cDNA	TruSeq Stranded mRNA
PRJNA1297674	8	8	8	1	True	1	0	0.0	False			RNA-Seq|TRANSCRIPTOMIC|cDNA	TruSeq Stranded mRNA
PRJNA1301110	8	8	8	1	True	1	0	0.0	False			RNA-Seq|TRANSCRIPTOMIC SINGLE CELL|cDNA	SPLiT-seq
PRJNA1301335	8	8	8	1	True	1	0	0.0	False			RNA-Seq|TRANSCRIPTOMIC SINGLE CELL|cDNA	Parse Biosciences
PRJNA1301919	8	8	8	1	True	1	0	0.0	False			RNA-Seq|TRANSCRIPTOMIC|cDNA	bulk RNA-seq
PRJNA1304517	8	8	8	1	True	1	0	0.0	False			RNA-Seq|TRANSCRIPTOMIC|cDNA	bulk RNA-seq
PRJNA1306060	8	8	16	2	False	1	0	0.0	False			RNA-Seq|TRANSCRIPTOMIC SINGLE CELL|cDNA	single nucleus RNA-seq
PRJNA1307600	8	8	8	1	True	1	0	0.0	False			RNA-Seq|TRANSCRIPTOMIC|cDNA	bulk RNA-seq
PRJNA1307603	8	8	8	1	True	1	0	0.0	False			ATAC-seq|GENOMIC|other	bulk RNA-seq
PRJNA1308537	8	8	8	1	True	1	0	0.0	False			RNA-Seq|TRANSCRIPTOMIC SINGLE CELL|cDNA	10x Genomics Chromium
PRJNA1309017	8	8	8	1	True	1	0	0.0	False			RNA-Seq|TRANSCRIPTOMIC SINGLE CELL|cDNA	Parse Biosciences
PRJNA1309103	8	8	16	2	False	1	0	0.0	False			RNA-Seq|TRANSCRIPTOMIC|cDNA	bulk RNA-seq
PRJNA1312077	8	8	8	1	True	1	0	0.0	False			RNA-Seq|TRANSCRIPTOMIC|cDNA	bulk RNA-seq
PRJNA1327917	8	8	8	1	True	1	0	0.0	False			RNA-Seq|TRANSCRIPTOMIC|cDNA	bulk RNA-seq
PRJNA1330708	8	8	8	1	True	1	0	0.0	False			RNA-Seq|TRANSCRIPTOMIC|cDNA	bulk RNA-seq
PRJNA133177	8	8	8	1	True	1	0	0.0	False			RNA-Seq|TRANSCRIPTOMIC|other	polyA selected RNA-seq
PRJNA1332656	8	8	8	1	True	1	0	0.0	False			RNA-Seq|TRANSCRIPTOMIC|cDNA	bulk RNA-seq
PRJNA1332741	8	8	8	1	True	1	0	0.0	False			RNA-Seq|TRANSCRIPTOMIC|cDNA	bulk RNA-seq
PRJNA1333292	8	8	8	1	True	2	0	0.0	False			OTHER|TRANSCRIPTOMIC|other;RNA-Seq|TRANSCRIPTOMIC SINGLE CELL|cDNA	10x Genomics Chromium
PRJNA1333562	8	8	8	1	True	1	0	0.0	False			RNA-Seq|TRANSCRIPTOMIC|cDNA	bulk RNA-seq
PRJNA1334380	8	8	8	1	True	1	0	0.0	False			RNA-Seq|TRANSCRIPTOMIC|cDNA	bulk RNA-seq
PRJNA1335960	8	8	8	1	True	1	0	0.0	False			RNA-Seq|OTHER|cDNA	bulk RNA-seq
PRJNA1336125	8	8	8	1	True	1	0	0.0	False			RNA-Seq|TRANSCRIPTOMIC|cDNA	bulk RNA-seq
PRJNA1345406	8	8	8	1	True	1	0	0.0	False			RNA-Seq|TRANSCRIPTOMIC|PolyA	bulk RNA-seq
PRJNA1357888	8	8	8	1	True	1	0	0.0	False			RNA-Seq|TRANSCRIPTOMIC|PolyA	bulk RNA-seq
PRJNA1365012	8	8	8	1	True	1	0	0.0	False			RNA-Seq|TRANSCRIPTOMIC|cDNA	bulk RNA-seq
PRJNA1365027	8	8	8	1	True	1	0	0.0	False			RNA-Seq|TRANSCRIPTOMIC|cDNA	bulk RNA-seq
PRJNA1365523	8	8	8	1	True	1	0	0.0	False			RNA-Seq|TRANSCRIPTOMIC|cDNA	polyA selected RNA-seq
PRJNA1367483	8	8	8	1	True	1	0	0.0	False			ATAC-seq|GENOMIC|other	bulk RNA-seq
PRJNA1367496	8	8	8	1	True	1	0	0.0	False			ATAC-seq|GENOMIC|other	bulk RNA-seq
PRJNA1368598	8	8	8	1	True	1	0	0.0	False			RNA-Seq|TRANSCRIPTOMIC|cDNA	bulk RNA-seq
PRJNA1369833	8	8	8	1	True	1	0	0.0	False			RNA-Seq|TRANSCRIPTOMIC|cDNA	bulk RNA-seq
PRJNA1377522	8	8	8	1	True	2	0	0.0	False			ATAC-seq|GENOMIC SINGLE CELL|other;RNA-Seq|TRANSCRIPTOMIC SINGLE CELL|cDNA	10x Genomics Chromium
PRJNA1380354	8	8	8	1	True	1	0	0.0	False			RNA-Seq|TRANSCRIPTOMIC|cDNA	bulk RNA-seq
PRJNA1381520	8	8	8	1	True	1	0	0.0	False			RNA-Seq|TRANSCRIPTOMIC|cDNA_oligo_dT	bulk RNA-seq
PRJNA1390162	8	8	8	1	True	1	0	0.0	False			RNA-Seq|TRANSCRIPTOMIC|cDNA	bulk RNA-seq
PRJNA1393362	8	8	8	1	True	1	0	0.0	False			RNA-Seq|TRANSCRIPTOMIC SINGLE CELL|cDNA	10x Genomics Chromium
PRJNA1398935	8	8	8	1	True	1	0	0.0	False			RNA-Seq|TRANSCRIPTOMIC|cDNA	bulk RNA-seq
PRJNA1400634	8	8	8	1	True	1	0	0.0	False			RNA-Seq|TRANSCRIPTOMIC SINGLE CELL|cDNA	Parse Biosciences
PRJNA1411997	8	8	8	1	True	1	0	0.0	False			RNA-Seq|TRANSCRIPTOMIC|cDNA	TruSeq Stranded mRNA
PRJNA1420714	8	8	29	6	False	1	0	0.0	False			RNA-Seq|TRANSCRIPTOMIC SINGLE CELL|cDNA	10x Genomics Chromium
PRJNA1423603	8	8	8	1	True	1	0	0.0	False			RNA-Seq|TRANSCRIPTOMIC SINGLE CELL|cDNA	10x Genomics Chromium
PRJNA1431946	8	8	8	1	True	1	0	0.0	False			RNA-Seq|TRANSCRIPTOMIC|cDNA	bulk RNA-seq
PRJNA1432090	8	8	8	1	True	1	0	0.0	False			RNA-Seq|TRANSCRIPTOMIC SINGLE CELL|cDNA	Parse Biosciences
PRJNA1432913	8	8	8	1	True	1	0	0.0	False			RNA-Seq|TRANSCRIPTOMIC|cDNA	bulk RNA-seq
PRJNA1434408	8	8	8	1	True	1	0	0.0	False			RNA-Seq|TRANSCRIPTOMIC|cDNA	bulk RNA-seq
PRJNA1438197	8	8	8	1	True	1	0	0.0	False			RNA-Seq|TRANSCRIPTOMIC|cDNA	bulk RNA-seq
PRJNA1457373	8	8	8	1	True	1	0	0.0	False			RNA-Seq|TRANSCRIPTOMIC|cDNA	bulk RNA-seq
PRJNA1458671	8	8	8	1	True	1	0	0.0	False			Bisulfite-Seq|GENOMIC|Reduced Representation	bulk RNA-seq
PRJNA1458685	8	8	8	1	True	2	0	0.0	False			RNA-Seq|TRANSCRIPTOMIC SINGLE CELL|cDNA;RNA-Seq|TRANSCRIPTOMIC|cDNA	bulk RNA-seq
PRJNA1462710	8	22	22	4	False	1	0	0.0	False			RNA-Seq|TRANSCRIPTOMIC|PolyA	bulk RNA-seq
PRJNA1463191	8	8	9	2	False	2	0	0.0	False			RNA-Seq|OTHER|cDNA;RNA-Seq|TRANSCRIPTOMIC SINGLE CELL|cDNA	Parse Biosciences
PRJNA1464635	8	8	24	3	False	1	0	0.0	False			RNA-Seq|TRANSCRIPTOMIC SINGLE CELL|cDNA	single nucleus RNA-seq
PRJNA1469797	8	8	8	1	True	1	0	0.0	False			RNA-Seq|TRANSCRIPTOMIC|cDNA	bulk RNA-seq
PRJNA1471075	8	8	8	1	True	1	0	0.0	False			RNA-Seq|TRANSCRIPTOMIC|cDNA	TruSeq Stranded mRNA
PRJNA1475985	8	8	8	1	True	1	0	0.0	False			RNA-Seq|TRANSCRIPTOMIC|cDNA	bulk RNA-seq
PRJNA1483378	8	8	8	1	True	1	0	0.0	False			RNA-Seq|TRANSCRIPTOMIC|cDNA	bulk RNA-seq
PRJNA1490245	8	8	8	1	True	1	0	0.0	False			RNA-Seq|TRANSCRIPTOMIC SINGLE CELL|cDNA	Parse Biosciences
PRJNA1491187	8	8	8	1	True	1	0	0.0	False			RNA-Seq|TRANSCRIPTOMIC|cDNA	bulk RNA-seq
PRJNA1492619	8	8	8	1	True	1	1	0.5	False		8.0	RNA-Seq|TRANSCRIPTOMIC|cDNA	bulk RNA-seq
PRJNA1495365	8	8	16	2	False	1	0	0.0	False			RNA-Seq|TRANSCRIPTOMIC SINGLE CELL|cDNA	10x Genomics Chromium
PRJNA1496757	8	8	8	1	True	1	0	0.0	False			RNA-Seq|TRANSCRIPTOMIC|cDNA	bulk RNA-seq
PRJNA1501645	8	8	8	1	True	1	0	0.0	False			RNA-Seq|TRANSCRIPTOMIC|PolyA	bulk RNA-seq
PRJNA193596	8	8	8	1	True	1	0	0.0	False			RNA-Seq|TRANSCRIPTOMIC|cDNA	polyA selected RNA-seq
PRJNA275914	8	8	16	2	False	1	0	0.0	False			RNA-Seq|TRANSCRIPTOMIC|cDNA	polyA selected RNA-seq
PRJNA307239	8	8	8	1	True	1	0	0.0	False			RNA-Seq|TRANSCRIPTOMIC|cDNA	TruSeq Stranded mRNA
PRJNA316518	8	8	8	1	True	1	0	0.0	False			RNA-Seq|TRANSCRIPTOMIC|cDNA	TruSeq Stranded mRNA
PRJNA317070	8	8	8	1	True	1	0	0.0	False			RNA-Seq|TRANSCRIPTOMIC|cDNA	polyA selected RNA-seq
PRJNA356644	8	8	8	1	True	1	0	0.0	False			RNA-Seq|TRANSCRIPTOMIC|cDNA	TruSeq Stranded mRNA
PRJNA371548	8	8	8	1	True	1	0	0.0	False			RNA-Seq|TRANSCRIPTOMIC|cDNA	polyA selected RNA-seq
PRJNA379785	8	8	8	1	True	1	0	0.0	False			RNA-Seq|GENOMIC|cDNA	bulk RNA-seq
PRJNA381699	8	8	8	1	True	1	0	0.0	False			RIP-Seq|TRANSCRIPTOMIC|other	TruSeq Stranded mRNA
PRJNA381786	8	8	8	1	True	1	0	0.0	False			RNA-Seq|TRANSCRIPTOMIC|cDNA	polyA selected RNA-seq
PRJNA382743	8	8	32	4	False	1	0	0.0	False			RNA-Seq|TRANSCRIPTOMIC|cDNA	bulk RNA-seq
PRJNA401742	8	8	8	1	True	1	0	0.0	False			RNA-Seq|TRANSCRIPTOMIC|cDNA	TruSeq Stranded mRNA
PRJNA401777	8	8	8	1	True	1	0	0.0	False			RNA-Seq|TRANSCRIPTOMIC|cDNA	TruSeq Stranded mRNA
PRJNA414619	8	8	8	1	True	1	0	0.0	False			RNA-Seq|TRANSCRIPTOMIC|cDNA	TruSeq Stranded mRNA
PRJNA419350	8	8	8	1	True	1	0	0.0	False			RNA-Seq|TRANSCRIPTOMIC|cDNA	Drop-seq
PRJNA427111	8	8	8	1	True	1	0	0.0	False			RNA-Seq|TRANSCRIPTOMIC|cDNA	bulk RNA-seq
PRJNA427303	8	8	8	1	True	1	0	0.0	False			RNA-Seq|TRANSCRIPTOMIC|cDNA	bulk RNA-seq
PRJNA429125	8	8	8	1	True	1	0	0.0	False			RNA-Seq|TRANSCRIPTOMIC|cDNA	TruSeq Stranded mRNA
PRJNA429468	8	8	8	1	True	1	0	0.0	False			RNA-Seq|TRANSCRIPTOMIC|cDNA	10x Genomics Chromium;Drop-seq
PRJNA434148	8	8	8	1	True	1	0	0.0	False			RNA-Seq|TRANSCRIPTOMIC|cDNA	TruSeq Stranded mRNA
PRJNA436570	8	8	8	1	True	1	0	0.0	False			RNA-Seq|TRANSCRIPTOMIC|cDNA	TruSeq Stranded mRNA
PRJNA473151	8	8	8	1	True	2	0	0.0	False			RIP-Seq|TRANSCRIPTOMIC|other;RNA-Seq|TRANSCRIPTOMIC|cDNA	TruSeq Stranded mRNA
PRJNA491926	8	8	8	1	True	1	0	0.0	False			RNA-Seq|TRANSCRIPTOMIC|cDNA	bulk RNA-seq
PRJNA497381	8	8	8	1	True	1	1	0.5	False		8.0	Bisulfite-Seq|GENOMIC|Reduced Representation	bulk RNA-seq
PRJNA499030	8	8	8	1	True	1	0	0.0	False			RNA-Seq|TRANSCRIPTOMIC|cDNA	10x Genomics Chromium
PRJNA503982	8	8	8	1	True	1	0	0.0	False			RNA-Seq|TRANSCRIPTOMIC|cDNA	bulk RNA-seq
PRJNA506920	8	8	8	1	True	1	0	0.0	False			RNA-Seq|TRANSCRIPTOMIC|cDNA	TruSeq Stranded mRNA
PRJNA508970	8	8	8	1	True	1	0	0.0	False			RNA-Seq|TRANSCRIPTOMIC|cDNA	TruSeq Stranded mRNA
PRJNA521723	8	8	8	1	True	1	0	0.0	False			RNA-Seq|TRANSCRIPTOMIC|cDNA	Drop-seq
PRJNA524687	8	8	8	1	True	1	0	0.0	False			RNA-Seq|TRANSCRIPTOMIC|cDNA	polyA selected RNA-seq
PRJNA531290	8	8	8	1	True	1	0	0.0	False			RNA-Seq|TRANSCRIPTOMIC|cDNA	TruSeq Stranded mRNA
PRJNA533255	8	8	8	1	True	1	0	0.0	False			RNA-Seq|TRANSCRIPTOMIC|cDNA	bulk RNA-seq
PRJNA533469	8	8	8	1	True	1	6	0.75	False		1.33	RNA-Seq|TRANSCRIPTOMIC|cDNA	Drop-seq
PRJNA541000	8	8	44	8	False	1	0	0.0	False			RNA-Seq|TRANSCRIPTOMIC|cDNA	single nucleus RNA-seq
PRJNA543483	8	8	8	1	True	1	0	0.0	False			RNA-Seq|TRANSCRIPTOMIC|cDNA	TruSeq Stranded mRNA
PRJNA543817	8	8	8	1	True	1	0	0.0	False			RNA-Seq|TRANSCRIPTOMIC|cDNA	polyA selected RNA-seq
PRJNA549506	8	8	11	4	False	1	0	0.0	False			RNA-Seq|TRANSCRIPTOMIC|cDNA	bulk RNA-seq
PRJNA550355	8	8	16	2	False	1	0	0.0	False			RNA-Seq|TRANSCRIPTOMIC|cDNA	TruSeq Stranded mRNA
PRJNA551746	8	8	8	1	True	1	0	0.0	False			RNA-Seq|TRANSCRIPTOMIC|cDNA	single nucleus RNA-seq
PRJNA551755	8	8	8	1	True	1	0	0.0	False			RNA-Seq|TRANSCRIPTOMIC|cDNA	single nucleus RNA-seq
PRJNA552466	8	8	8	1	True	1	0	0.0	False			RNA-Seq|TRANSCRIPTOMIC|cDNA	TruSeq Stranded mRNA
PRJNA557504	8	8	8	1	True	1	0	0.0	False			RNA-Seq|TRANSCRIPTOMIC|cDNA	bulk RNA-seq
PRJNA561378	8	8	17	4	False	1	0	0.0	False			RNA-Seq|TRANSCRIPTOMIC|cDNA	bulk RNA-seq
PRJNA563538	8	8	8	1	True	1	0	0.0	False			RNA-Seq|TRANSCRIPTOMIC|cDNA	TruSeq Stranded mRNA
PRJNA564297	8	8	8	1	True	1	0	0.0	False			RNA-Seq|TRANSCRIPTOMIC|cDNA	bulk RNA-seq
PRJNA564506	8	8	8	1	True	1	0	0.0	False			RNA-Seq|TRANSCRIPTOMIC|cDNA	bulk RNA-seq
PRJNA577618	8	8	32	4	False	1	0	0.0	False			RNA-Seq|TRANSCRIPTOMIC|cDNA	single nucleus RNA-seq
PRJNA577725	8	8	8	1	True	1	0	0.0	False			RNA-Seq|TRANSCRIPTOMIC|cDNA	bulk RNA-seq
PRJNA595625	8	8	8	1	True	2	0	0.0	False			RNA-Seq|TRANSCRIPTOMIC SINGLE CELL|Oligo-dT;RNA-Seq|TRANSCRIPTOMIC|PolyA	bulk RNA-seq
PRJNA597870	8	8	8	1	True	1	0	0.0	False			RNA-Seq|TRANSCRIPTOMIC|cDNA	bulk RNA-seq
PRJNA598669	8	8	32	5	False	1	0	0.0	False			RNA-Seq|TRANSCRIPTOMIC|cDNA	10x Genomics Chromium
PRJNA600520	8	8	8	1	True	1	0	0.0	False			RNA-Seq|TRANSCRIPTOMIC|cDNA	single nucleus RNA-seq
PRJNA604771	8	8	8	1	True	1	0	0.0	False			RNA-Seq|TRANSCRIPTOMIC|cDNA	TruSeq Stranded mRNA
PRJNA605450	8	8	8	1	True	1	0	0.0	False			RNA-Seq|TRANSCRIPTOMIC|cDNA	TruSeq Stranded mRNA
PRJNA605801	8	8	8	1	True	1	0	0.0	False			RNA-Seq|TRANSCRIPTOMIC|cDNA	bulk RNA-seq
PRJNA609070	8	8	8	1	True	1	0	0.0	False			RNA-Seq|TRANSCRIPTOMIC|cDNA	bulk RNA-seq
PRJNA609317	8	8	8	1	True	1	0	0.0	False			RNA-Seq|TRANSCRIPTOMIC|cDNA	bulk RNA-seq
PRJNA611623	8	8	8	1	True	1	8	1.0	False		1.0	RNA-Seq|TRANSCRIPTOMIC|cDNA	bulk RNA-seq
PRJNA614016	8	8	8	1	True	1	0	0.0	False			RNA-Seq|TRANSCRIPTOMIC|cDNA	TruSeq Stranded mRNA
PRJNA614934	8	8	8	1	True	1	0	0.0	False			RNA-Seq|TRANSCRIPTOMIC|cDNA	TruSeq Stranded mRNA
PRJNA615179	8	8	8	1	True	1	0	0.0	False			RNA-Seq|TRANSCRIPTOMIC|cDNA	TruSeq Stranded mRNA
PRJNA616110	8	8	8	1	True	1	0	0.0	False			RNA-Seq|TRANSCRIPTOMIC|cDNA	Drop-seq
PRJNA627387	8	8	64	8	False	1	0	0.0	False			RNA-Seq|TRANSCRIPTOMIC|cDNA	10x Genomics Chromium
PRJNA627599	8	8	8	1	True	1	0	0.0	False			RNA-Seq|TRANSCRIPTOMIC|cDNA	bulk RNA-seq
PRJNA627656	8	8	8	1	True	1	2	0.25	False		4.0	RNA-Seq|TRANSCRIPTOMIC|cDNA	single nucleus RNA-seq
PRJNA628736	8	8	8	1	True	1	0	0.0	False			RNA-Seq|TRANSCRIPTOMIC|PolyA	bulk RNA-seq
PRJNA630953	8	8	8	1	True	1	0	0.0	False			RNA-Seq|TRANSCRIPTOMIC|cDNA	bulk RNA-seq
PRJNA635577	8	8	8	1	True	1	0	0.0	False			RNA-Seq|TRANSCRIPTOMIC|cDNA	Drop-seq
PRJNA637770	8	8	8	1	True	1	0	0.0	False			RNA-Seq|TRANSCRIPTOMIC|cDNA	TruSeq Stranded mRNA
PRJNA639836	8	8	44	8	False	1	0	0.0	False			RNA-Seq|TRANSCRIPTOMIC|cDNA	bulk RNA-seq
PRJNA640043	8	8	8	1	True	1	0	0.0	False			RNA-Seq|TRANSCRIPTOMIC|cDNA	bulk RNA-seq
PRJNA640144	8	8	8	1	True	1	0	0.0	False			RNA-Seq|TRANSCRIPTOMIC|cDNA	bulk RNA-seq
PRJNA640162	8	8	32	4	False	1	0	0.0	False			RNA-Seq|TRANSCRIPTOMIC|cDNA	bulk RNA-seq
PRJNA640646	8	8	8	1	True	1	0	0.0	False			RNA-Seq|TRANSCRIPTOMIC|cDNA	bulk RNA-seq
PRJNA640997	8	8	8	1	True	1	0	0.0	False			RNA-Seq|TRANSCRIPTOMIC|other	TruSeq Stranded mRNA
PRJNA641700	8	8	15	4	False	1	3	0.2	False		2.67	RNA-Seq|TRANSCRIPTOMIC|cDNA	bulk RNA-seq
PRJNA642415	8	8	32	4	False	1	0	0.0	False			RNA-Seq|TRANSCRIPTOMIC|cDNA	bulk RNA-seq
PRJNA643294	8	8	32	4	False	1	0	0.0	False			RNA-Seq|TRANSCRIPTOMIC|cDNA	10x Genomics Chromium
PRJNA644127	8	8	20	3	False	1	0	0.0	False			RNA-Seq|TRANSCRIPTOMIC|cDNA	single nucleus RNA-seq
PRJNA648643	8	8	30	4	False	1	0	0.0	False			RNA-Seq|TRANSCRIPTOMIC|cDNA	single nucleus RNA-seq
PRJNA658148	8	8	8	1	True	1	6	0.75	False		1.33	RNA-Seq|TRANSCRIPTOMIC|cDNA	TruSeq Stranded mRNA
PRJNA661471	8	8	8	1	True	1	0	0.0	False			WGS|GENOMIC|other	10x Genomics Chromium
PRJNA662591	8	8	8	1	True	1	0	0.0	False			RNA-Seq|TRANSCRIPTOMIC|cDNA	TruSeq Stranded mRNA
PRJNA663582	8	8	16	4	False	2	0	0.0	False			RNA-Seq|TRANSCRIPTOMIC|cDNA;ncRNA-Seq|TRANSCRIPTOMIC|size fractionation	bulk RNA-seq
PRJNA667468	8	8	8	1	True	1	0	0.0	False			RNA-Seq|TRANSCRIPTOMIC|cDNA	bulk RNA-seq
PRJNA670445	8	8	39	11	False	1	0	0.0	False			RNA-Seq|TRANSCRIPTOMIC|cDNA	10x Genomics Chromium
PRJNA678308	8	8	8	1	True	1	0	0.0	False			RNA-Seq|TRANSCRIPTOMIC|cDNA	bulk RNA-seq
PRJNA679616	8	8	8	1	True	1	0	0.0	False			RNA-Seq|TRANSCRIPTOMIC|cDNA	TruSeq Stranded mRNA
PRJNA682341	8	8	8	1	True	1	0	0.0	False			RNA-Seq|TRANSCRIPTOMIC|cDNA	bulk RNA-seq
PRJNA682912	8	8	8	1	True	2	0	0.0	False			FL-cDNA|TRANSCRIPTOMIC|cDNA;RNA-Seq|TRANSCRIPTOMIC|cDNA	TruSeq Stranded mRNA
PRJNA683026	8	8	22	8	False	1	0	0.0	False			RNA-Seq|TRANSCRIPTOMIC|cDNA	bulk RNA-seq
PRJNA687523	8	8	16	4	False	1	0	0.0	False			RNA-Seq|TRANSCRIPTOMIC|cDNA	bulk RNA-seq
PRJNA687529	8	8	8	1	True	1	0	0.0	False			RNA-Seq|TRANSCRIPTOMIC|cDNA	bulk RNA-seq
PRJNA688503	8	8	8	1	True	1	0	0.0	False			RNA-Seq|TRANSCRIPTOMIC|cDNA	bulk RNA-seq
PRJNA689429	8	8	8	1	True	1	0	0.0	False			RNA-Seq|TRANSCRIPTOMIC|cDNA	TruSeq Stranded mRNA
PRJNA691932	8	8	16	2	False	1	0	0.0	False			OTHER|GENOMIC|other	single nucleus RNA-seq
PRJNA691958	8	8	8	1	True	1	0	0.0	False			RNA-Seq|TRANSCRIPTOMIC|cDNA	bulk RNA-seq
PRJNA695536	8	8	8	1	True	1	0	0.0	False			RNA-Seq|TRANSCRIPTOMIC|cDNA	BD Rhapsody
PRJNA702527	8	8	8	1	True	1	4	0.5	False		2.0	RNA-Seq|TRANSCRIPTOMIC|cDNA	TruSeq Stranded mRNA
PRJNA702790	8	8	8	1	True	1	2	1.0	False		4.0	ATAC-seq|GENOMIC|other	10x Genomics Chromium
PRJNA704073	8	8	8	1	True	1	0	0.0	False			RNA-Seq|TRANSCRIPTOMIC|cDNA	bulk RNA-seq
PRJNA713903	8	8	64	8	False	1	0	0.0	False			RNA-Seq|TRANSCRIPTOMIC|cDNA	10x Genomics Chromium
PRJNA714963	8	8	64	8	False	1	0	0.0	False			RNA-Seq|TRANSCRIPTOMIC|cDNA	10x Genomics Chromium
PRJNA715208	8	8	16	3	False	1	0	0.0	False			RNA-Seq|TRANSCRIPTOMIC|cDNA	single nucleus RNA-seq
PRJNA715493	8	8	16	2	False	1	0	0.0	False			RNA-Seq|TRANSCRIPTOMIC|cDNA	10x Genomics Chromium
PRJNA718091	8	8	8	1	True	1	0	0.0	False			RNA-Seq|TRANSCRIPTOMIC|cDNA	bulk RNA-seq
PRJNA720406	8	8	8	1	True	1	0	0.0	False			RNA-Seq|TRANSCRIPTOMIC|cDNA	10x Genomics Chromium
PRJNA721394	8	8	8	1	True	1	0	0.0	False			RNA-Seq|TRANSCRIPTOMIC|cDNA	bulk RNA-seq
PRJNA722025	8	8	32	4	False	1	3	1.0	False		2.67	RNA-Seq|TRANSCRIPTOMIC|cDNA	inDrop
PRJNA725808	8	8	8	1	True	1	0	0.0	False			RNA-Seq|TRANSCRIPTOMIC|cDNA	bulk RNA-seq
PRJNA726821	8	8	32	4	False	1	0	0.0	False			RNA-Seq|TRANSCRIPTOMIC|cDNA	bulk RNA-seq
PRJNA731177	8	8	8	1	True	1	0	0.0	False			RNA-Seq|TRANSCRIPTOMIC|cDNA	TruSeq Stranded mRNA
PRJNA732926	8	8	8	1	True	1	0	0.0	False			RNA-Seq|TRANSCRIPTOMIC|cDNA	TruSeq Stranded mRNA
PRJNA733146	8	8	8	1	True	1	0	0.0	False			RNA-Seq|TRANSCRIPTOMIC|cDNA	bulk RNA-seq
PRJNA734865	8	8	8	1	True	1	1	0.5	False		8.0	RNA-Seq|TRANSCRIPTOMIC|cDNA	10x Genomics Chromium
PRJNA742544	8	8	8	1	True	1	0	0.0	False			RNA-Seq|TRANSCRIPTOMIC|cDNA	10x Genomics Chromium
PRJNA745464	8	8	8	1	True	1	0	0.0	False			RNA-Seq|TRANSCRIPTOMIC|cDNA	bulk RNA-seq
PRJNA746272	8	8	8	1	True	1	0	0.0	False			RNA-Seq|TRANSCRIPTOMIC|cDNA	bulk RNA-seq
PRJNA750152	8	8	8	1	True	1	0	0.0	False			RNA-Seq|TRANSCRIPTOMIC|cDNA	bulk RNA-seq
PRJNA750240	8	8	8	1	True	1	0	0.0	False			RNA-Seq|TRANSCRIPTOMIC|cDNA	bulk RNA-seq
PRJNA750433	8	8	8	1	True	1	0	0.0	False			RNA-Seq|TRANSCRIPTOMIC|cDNA	bulk RNA-seq
PRJNA750921	8	8	8	1	True	1	0	0.0	False			RNA-Seq|TRANSCRIPTOMIC|cDNA	bulk RNA-seq
PRJNA753472	8	8	32	4	False	1	0	0.0	False			RNA-Seq|TRANSCRIPTOMIC|cDNA	bulk RNA-seq
PRJNA754364	8	8	8	1	True	1	0	0.0	False			RNA-Seq|TRANSCRIPTOMIC|cDNA	bulk RNA-seq
PRJNA754678	8	8	8	1	True	1	0	0.0	False			RNA-Seq|TRANSCRIPTOMIC SINGLE CELL|cDNA	BD Rhapsody
PRJNA758807	8	8	32	4	False	1	0	0.0	False			RNA-Seq|TRANSCRIPTOMIC|cDNA	10x Genomics Chromium
PRJNA760533	8	8	8	1	True	1	0	0.0	False			RNA-Seq|TRANSCRIPTOMIC|cDNA	bulk RNA-seq
PRJNA766644	8	8	8	1	True	1	0	0.0	False			RNA-Seq|TRANSCRIPTOMIC|cDNA	bulk RNA-seq
PRJNA767039	8	8	8	1	True	1	0	0.0	False			RNA-Seq|TRANSCRIPTOMIC|cDNA	bulk RNA-seq
PRJNA770889	8	8	8	1	True	1	0	0.0	False			RNA-Seq|TRANSCRIPTOMIC|cDNA	bulk RNA-seq
PRJNA770994	8	8	32	4	False	1	0	0.0	False			RNA-Seq|TRANSCRIPTOMIC|cDNA	10x Genomics Chromium
PRJNA773099	8	8	8	1	True	1	1	0.5	False		8.0	ATAC-seq|GENOMIC|other	bulk RNA-seq
PRJNA776888	8	8	8	1	True	1	0	0.0	False			RNA-Seq|TRANSCRIPTOMIC|cDNA	10x Genomics Chromium;bulk RNA-seq
PRJNA777569	8	8	8	1	True	1	0	0.0	False			ATAC-seq|GENOMIC|other	10x Genomics Chromium
PRJNA777647	8	8	8	1	True	1	0	0.0	False			RNA-Seq|TRANSCRIPTOMIC|cDNA	inDrop
PRJNA778003	8	8	8	1	True	1	0	0.0	False			RNA-Seq|TRANSCRIPTOMIC|cDNA	bulk RNA-seq
PRJNA779271	8	8	8	1	True	1	0	0.0	False			RNA-Seq|TRANSCRIPTOMIC|cDNA	bulk RNA-seq
PRJNA780585	8	8	8	1	True	1	0	0.0	False			RNA-Seq|TRANSCRIPTOMIC|cDNA	bulk RNA-seq
PRJNA781337	8	60	60	8	False	2	0	0.0	False			OTHER|SYNTHETIC|cDNA;RNA-Seq|TRANSCRIPTOMIC|cDNA	10x Genomics Chromium
PRJNA781338	8	60	60	8	False	2	0	0.0	False			OTHER|SYNTHETIC|cDNA;RNA-Seq|TRANSCRIPTOMIC|cDNA	10x Genomics Chromium
PRJNA785586	8	8	8	1	True	1	0	0.0	False			RNA-Seq|TRANSCRIPTOMIC|cDNA	single nucleus RNA-seq
PRJNA786235	8	8	8	1	True	1	0	0.0	False			RNA-Seq|TRANSCRIPTOMIC|cDNA	bulk RNA-seq
PRJNA789563	8	8	8	1	True	1	1	1.0	False		8.0	RNA-Seq|TRANSCRIPTOMIC|cDNA	bulk RNA-seq
PRJNA793694	8	8	8	1	True	1	0	0.0	False			RNA-Seq|TRANSCRIPTOMIC|cDNA	bulk RNA-seq
PRJNA794066	8	8	19	8	False	1	0	0.0	False			RNA-Seq|TRANSCRIPTOMIC|cDNA	10x Genomics Chromium
PRJNA794116	8	8	11	2	False	1	0	0.0	False			RNA-Seq|TRANSCRIPTOMIC|cDNA	bulk RNA-seq
PRJNA794140	8	8	8	1	True	1	0	0.0	False			RNA-Seq|TRANSCRIPTOMIC|cDNA	bulk RNA-seq
PRJNA795047	8	8	8	1	True	1	0	0.0	False			RNA-Seq|TRANSCRIPTOMIC|cDNA	bulk RNA-seq
PRJNA795806	8	8	8	1	True	1	0	0.0	False			RNA-Seq|TRANSCRIPTOMIC|cDNA	bulk RNA-seq
PRJNA796027	8	8	8	1	True	1	0	0.0	False			RNA-Seq|TRANSCRIPTOMIC|cDNA	TruSeq Stranded mRNA
PRJNA796602	8	8	8	1	True	1	0	0.0	False			RNA-Seq|TRANSCRIPTOMIC|cDNA	bulk RNA-seq
PRJNA809342	8	8	8	1	True	1	0	0.0	False			RNA-Seq|TRANSCRIPTOMIC|cDNA	bulk RNA-seq
PRJNA813861	8	8	8	1	True	1	0	0.0	False			RNA-Seq|TRANSCRIPTOMIC|cDNA	bulk RNA-seq
PRJNA814747	8	8	8	1	True	1	0	0.0	False			RNA-Seq|TRANSCRIPTOMIC|cDNA	bulk RNA-seq
PRJNA817158	8	8	8	1	True	1	0	0.0	False			RNA-Seq|TRANSCRIPTOMIC|cDNA	bulk RNA-seq
PRJNA817614	8	8	8	1	True	1	0	0.0	False			RNA-Seq|TRANSCRIPTOMIC|cDNA	bulk RNA-seq
PRJNA817820	8	8	8	1	True	1	0	0.0	False			RNA-Seq|TRANSCRIPTOMIC|cDNA	TruSeq Stranded mRNA
PRJNA824451	8	8	8	1	True	1	0	0.0	False			RNA-Seq|TRANSCRIPTOMIC|cDNA	bulk RNA-seq
PRJNA824783	8	8	8	1	True	1	0	0.0	False			RNA-Seq|TRANSCRIPTOMIC|cDNA	bulk RNA-seq
PRJNA827151	8	8	8	1	True	1	1	0.375	False		8.0	RNA-Seq|TRANSCRIPTOMIC|cDNA	bulk RNA-seq
PRJNA830521	8	8	8	1	True	1	0	0.0	False			RNA-Seq|TRANSCRIPTOMIC|cDNA	TruSeq Stranded mRNA
PRJNA832326	8	8	8	1	True	1	0	0.0	False			RNA-Seq|TRANSCRIPTOMIC|cDNA	bulk RNA-seq
PRJNA835439	8	8	8	1	True	1	0	0.0	False			RNA-Seq|TRANSCRIPTOMIC|cDNA	TruSeq Stranded mRNA
PRJNA836131	8	8	8	1	True	1	0	0.0	False			RNA-Seq|TRANSCRIPTOMIC|cDNA	bulk RNA-seq;TruSeq Stranded mRNA
PRJNA838342	8	8	8	1	True	1	0	0.0	False			RNA-Seq|TRANSCRIPTOMIC|cDNA	bulk RNA-seq
PRJNA838608	8	8	8	1	True	1	0	0.0	False			RNA-Seq|TRANSCRIPTOMIC|cDNA	bulk RNA-seq
PRJNA839093	8	8	8	1	True	1	0	0.0	False			RNA-Seq|TRANSCRIPTOMIC|cDNA	bulk RNA-seq
PRJNA841347	8	8	32	4	False	1	0	0.0	False			RNA-Seq|TRANSCRIPTOMIC|cDNA	bulk RNA-seq
PRJNA842096	8	8	12	2	False	1	0	0.0	False			RNA-Seq|TRANSCRIPTOMIC SINGLE CELL|cDNA	single nucleus RNA-seq
PRJNA847452	8	8	8	1	True	1	0	0.0	False			RNA-Seq|TRANSCRIPTOMIC|cDNA	bulk RNA-seq
PRJNA851794	8	8	64	8	False	1	0	0.0	False			RNA-Seq|TRANSCRIPTOMIC SINGLE CELL|cDNA	10x Genomics Chromium
PRJNA856476	8	8	8	1	True	1	0	0.0	False			RNA-Seq|TRANSCRIPTOMIC SINGLE CELL|cDNA	single nucleus RNA-seq
PRJNA857718	8	8	8	1	True	1	0	0.0	False			RNA-Seq|TRANSCRIPTOMIC|cDNA	bulk RNA-seq
PRJNA859915	8	8	8	1	True	1	0	0.0	False			RNA-Seq|TRANSCRIPTOMIC|cDNA	bulk RNA-seq
PRJNA860605	8	8	8	1	True	1	0	0.0	False			RNA-Seq|TRANSCRIPTOMIC SINGLE CELL|cDNA	10x Genomics Chromium
PRJNA860946	8	8	8	1	True	1	1	0.25	False		8.0	RNA-Seq|TRANSCRIPTOMIC|other	bulk RNA-seq
PRJNA865121	8	8	16	2	False	1	0	0.0	False			RNA-Seq|TRANSCRIPTOMIC|cDNA	bulk RNA-seq
PRJNA865563	8	8	8	1	True	1	0	0.0	False			RNA-Seq|TRANSCRIPTOMIC|cDNA	bulk RNA-seq
PRJNA867550	8	8	8	1	True	1	1	0.25	False		8.0	RNA-Seq|TRANSCRIPTOMIC|cDNA	bulk RNA-seq
PRJNA868813	8	8	32	12	False	1	0	0.0	False			RNA-Seq|TRANSCRIPTOMIC SINGLE CELL|cDNA	10x Genomics Chromium
PRJNA872548	8	8	32	4	False	1	0	0.0	False			RNA-Seq|TRANSCRIPTOMIC|cDNA	single nucleus RNA-seq
PRJNA876097	8	8	29	4	False	1	0	0.0	False			RNA-Seq|TRANSCRIPTOMIC SINGLE CELL|cDNA	Drop-seq
PRJNA881290	8	8	8	1	True	1	0	0.0	False			RNA-Seq|TRANSCRIPTOMIC|cDNA	bulk RNA-seq
PRJNA881937	8	8	8	1	True	1	0	0.0	False			RNA-Seq|TRANSCRIPTOMIC|cDNA	bulk RNA-seq
PRJNA884479	8	8	24	4	False	1	0	0.0	False			RNA-Seq|TRANSCRIPTOMIC SINGLE CELL|cDNA	single nucleus RNA-seq
PRJNA884705	8	8	8	1	True	1	1	1.0	False		8.0	RNA-Seq|TRANSCRIPTOMIC|cDNA	bulk RNA-seq
PRJNA884832	8	8	8	1	True	1	0	0.0	False			RNA-Seq|TRANSCRIPTOMIC|cDNA	bulk RNA-seq
PRJNA885413	8	8	8	1	True	1	1	0.5	False		8.0	RNA-Seq|TRANSCRIPTOMIC|cDNA	bulk RNA-seq
PRJNA885414	8	8	10	3	False	1	0	0.0	False			ChIP-Seq|GENOMIC|ChIP	bulk RNA-seq
PRJNA888986	8	8	8	1	True	1	0	0.0	False			RNA-Seq|TRANSCRIPTOMIC|cDNA	bulk RNA-seq
PRJNA890241	8	8	8	1	True	1	0	0.0	False			OTHER|TRANSCRIPTOMIC|other	10x Genomics Chromium
PRJNA891047	8	8	8	1	True	1	0	0.0	False			RNA-Seq|TRANSCRIPTOMIC|cDNA	bulk RNA-seq
PRJNA891243	8	8	8	1	True	1	0	0.0	False			ATAC-seq|GENOMIC SINGLE CELL|other	SPLiT-seq
PRJNA891758	8	8	8	1	True	1	0	0.0	False			RNA-Seq|TRANSCRIPTOMIC|cDNA	bulk RNA-seq
PRJNA892631	8	8	8	1	True	2	0	0.0	False			OTHER|TRANSCRIPTOMIC SINGLE CELL|other;RNA-Seq|TRANSCRIPTOMIC SINGLE CELL|cDNA	10x Genomics Chromium
PRJNA894158	8	8	16	2	False	1	0	0.0	False			RNA-Seq|TRANSCRIPTOMIC|cDNA	bulk RNA-seq
PRJNA895014	8	8	8	1	True	1	0	0.0	False			RNA-Seq|TRANSCRIPTOMIC|cDNA	bulk RNA-seq
PRJNA895436	8	8	8	1	True	1	0	0.0	False			RNA-Seq|TRANSCRIPTOMIC|cDNA	bulk RNA-seq
PRJNA899486	8	8	8	1	True	1	0	0.0	False			RNA-Seq|TRANSCRIPTOMIC SINGLE CELL|cDNA	Drop-seq
PRJNA903188	8	8	8	1	True	1	2	1.0	False		4.0	RNA-Seq|TRANSCRIPTOMIC|cDNA	bulk RNA-seq
PRJNA903198	8	8	22	8	False	2	0	0.0	False			RNA-Seq|TRANSCRIPTOMIC SINGLE CELL|cDNA;RNA-Seq|TRANSCRIPTOMIC|cDNA	bulk RNA-seq
PRJNA903377	8	8	8	1	True	1	0	0.0	False			RNA-Seq|TRANSCRIPTOMIC|cDNA	bulk RNA-seq
PRJNA910568	8	8	8	1	True	1	0	0.0	False			RNA-Seq|TRANSCRIPTOMIC|cDNA	bulk RNA-seq
PRJNA910598	8	8	8	1	True	1	0	0.0	False			RNA-Seq|TRANSCRIPTOMIC|cDNA	bulk RNA-seq
PRJNA912189	8	8	10	2	False	1	2	0.3	False		4.0	RNA-Seq|TRANSCRIPTOMIC SINGLE CELL|cDNA	BD Rhapsody
PRJNA912246	8	8	8	1	True	1	0	0.0	False			RNA-Seq|TRANSCRIPTOMIC SINGLE CELL|cDNA	10x Genomics Chromium
PRJNA914651	8	8	8	1	True	1	0	0.0	False			RNA-Seq|TRANSCRIPTOMIC|cDNA	bulk RNA-seq
PRJNA922058	8	8	8	1	True	1	0	0.0	False			RNA-Seq|TRANSCRIPTOMIC|Oligo-dT	single nucleus RNA-seq
PRJNA923006	8	8	8	1	True	1	0	0.0	False			RNA-Seq|TRANSCRIPTOMIC|cDNA	TruSeq Stranded mRNA
PRJNA925023	8	8	8	1	True	1	0	0.0	False			RNA-Seq|TRANSCRIPTOMIC|cDNA	bulk RNA-seq
PRJNA925508	8	8	16	2	False	1	0	0.0	False			RNA-Seq|TRANSCRIPTOMIC|cDNA	bulk RNA-seq
PRJNA925889	8	8	42	12	False	1	0	0.0	False			RNA-Seq|TRANSCRIPTOMIC SINGLE CELL|cDNA	10x Genomics Chromium
PRJNA926506	8	8	8	1	True	1	3	1.0	False		2.67	RNA-Seq|TRANSCRIPTOMIC|cDNA	bulk RNA-seq
PRJNA928714	8	8	32	4	False	1	0	0.0	False			RNA-Seq|TRANSCRIPTOMIC|cDNA	bulk RNA-seq
PRJNA933652	8	8	16	2	False	1	0	0.0	False			ATAC-seq|GENOMIC|other	bulk RNA-seq
PRJNA933654	8	8	16	2	False	1	0	0.0	False			RNA-Seq|TRANSCRIPTOMIC|cDNA	bulk RNA-seq
PRJNA933680	8	8	8	1	True	1	0	0.0	False			RNA-Seq|TRANSCRIPTOMIC SINGLE CELL|cDNA	bulk RNA-seq
PRJNA934291	8	8	8	1	True	1	0	0.0	False			RNA-Seq|TRANSCRIPTOMIC|cDNA	bulk RNA-seq
PRJNA934309	8	8	8	1	True	1	0	0.0	False			RNA-Seq|TRANSCRIPTOMIC|cDNA	bulk RNA-seq
PRJNA934560	8	8	8	1	True	1	1	1.0	False		8.0	RNA-Seq|TRANSCRIPTOMIC|cDNA	bulk RNA-seq
PRJNA935654	8	8	12	2	False	1	0	0.0	False			RNA-Seq|TRANSCRIPTOMIC|cDNA	bulk RNA-seq
PRJNA935791	8	8	8	1	True	1	0	0.0	False			RNA-Seq|TRANSCRIPTOMIC SINGLE CELL|cDNA	Parse Biosciences
PRJNA936084	8	8	8	1	True	1	0	0.0	False			RNA-Seq|TRANSCRIPTOMIC|cDNA	bulk RNA-seq
PRJNA936086	8	8	8	1	True	1	0	0.0	False			RNA-Seq|TRANSCRIPTOMIC|cDNA	bulk RNA-seq
PRJNA937434	8	29	29	16	False	3	0	0.0	False			Hi-C|GENOMIC|RANDOM;RNA-Seq|TRANSCRIPTOMIC|RANDOM;WGS|GENOMIC|RANDOM	10x Genomics Chromium
PRJNA937661	8	8	8	1	True	1	0	0.0	False			RNA-Seq|TRANSCRIPTOMIC|cDNA	bulk RNA-seq
PRJNA938046	8	8	8	1	True	1	0	0.0	False			RNA-Seq|TRANSCRIPTOMIC|cDNA	bulk RNA-seq
PRJNA938935	8	8	8	1	True	1	0	0.0	False			RNA-Seq|TRANSCRIPTOMIC|cDNA	bulk RNA-seq
PRJNA939177	8	8	36	8	False	1	0	0.0	False			RNA-Seq|TRANSCRIPTOMIC|cDNA	bulk RNA-seq
PRJNA940092	8	8	8	1	True	1	0	0.0	False			RNA-Seq|TRANSCRIPTOMIC|cDNA	bulk RNA-seq
PRJNA946177	8	8	8	1	True	1	0	0.0	False			RNA-Seq|TRANSCRIPTOMIC|cDNA	bulk RNA-seq
PRJNA947155	8	8	24	3	False	1	0	0.0	False			RNA-Seq|TRANSCRIPTOMIC SINGLE CELL|cDNA	Chromium Single Cell 5'
PRJNA947773	8	18	18	6	False	2	1	0.167	False		8.0	RNA-Seq|TRANSCRIPTOMIC SINGLE CELL|cDNA;RNA-Seq|TRANSCRIPTOMIC|Oligo-dT	bulk RNA-seq
PRJNA950970	8	8	16	2	False	1	0	0.0	False			ATAC-seq|GENOMIC SINGLE CELL|other	bulk RNA-seq
PRJNA950972	8	8	24	4	False	1	0	0.0	False			RNA-Seq|TRANSCRIPTOMIC SINGLE CELL|cDNA	bulk RNA-seq
PRJNA950983	8	8	8	1	True	1	0	0.0	False			ATAC-seq|GENOMIC|other	bulk RNA-seq
PRJNA952270	8	8	26	4	False	2	0	0.0	False			RNA-Seq|OTHER|cDNA;RNA-Seq|TRANSCRIPTOMIC SINGLE CELL|cDNA	10x Genomics Chromium
PRJNA952918	8	8	32	4	False	1	0	0.0	False			RNA-Seq|TRANSCRIPTOMIC SINGLE CELL|cDNA	10x Genomics Chromium
PRJNA955273	8	8	8	1	True	1	0	0.0	False			RNA-Seq|TRANSCRIPTOMIC|cDNA	bulk RNA-seq
PRJNA958181	8	8	8	1	True	1	0	0.0	False			RNA-Seq|TRANSCRIPTOMIC|cDNA	bulk RNA-seq
PRJNA970333	8	8	8	1	True	1	0	0.0	False			RNA-Seq|TRANSCRIPTOMIC|cDNA	bulk RNA-seq
PRJNA973714	8	8	16	2	False	1	0	0.0	False			RNA-Seq|TRANSCRIPTOMIC|cDNA	bulk RNA-seq
PRJNA975857	8	8	8	1	True	1	0	0.0	False			RNA-Seq|TRANSCRIPTOMIC|cDNA	bulk RNA-seq
PRJNA977660	8	8	8	1	True	1	0	0.0	False			RNA-Seq|TRANSCRIPTOMIC|cDNA	bulk RNA-seq
PRJNA983239	8	8	40	8	False	1	0	0.0	False			RNA-Seq|TRANSCRIPTOMIC SINGLE CELL|cDNA	single nucleus RNA-seq
PRJNA983337	8	8	8	1	True	1	0	0.0	False			Hi-C|GENOMIC|other	bulk RNA-seq
PRJNA983389	8	8	8	1	True	1	1	1.0	False		8.0	RNA-Seq|TRANSCRIPTOMIC|cDNA	bulk RNA-seq
PRJNA984727	8	8	8	1	True	1	0	0.0	False			RNA-Seq|TRANSCRIPTOMIC|cDNA	bulk RNA-seq
PRJNA984740	8	8	8	1	True	1	0	0.0	False			RNA-Seq|TRANSCRIPTOMIC SINGLE CELL|cDNA	bulk RNA-seq
PRJNA985565	8	8	8	1	True	1	0	0.0	False			RNA-Seq|TRANSCRIPTOMIC|cDNA	bulk RNA-seq
PRJNA986472	8	8	8	1	True	1	0	0.0	False			RNA-Seq|TRANSCRIPTOMIC|cDNA	bulk RNA-seq
PRJNA989432	8	8	8	1	True	1	0	0.0	False			WGA|TRANSCRIPTOMIC SINGLE CELL|RANDOM PCR	BD Rhapsody
PRJNA992391	8	8	8	1	True	1	0	0.0	False			OTHER|TRANSCRIPTOMIC|other	10x Genomics Chromium
PRJNA993690	8	8	8	1	True	1	0	0.0	False			RNA-Seq|TRANSCRIPTOMIC|cDNA	bulk RNA-seq
PRJNA994153	8	8	18	4	False	2	1	0.056	False		8.0	OTHER|TRANSCRIPTOMIC|other;RNA-Seq|TRANSCRIPTOMIC SINGLE CELL|cDNA	bulk RNA-seq
PRJNA994156	8	8	24	4	False	1	1	0.167	False		8.0	ATAC-seq|GENOMIC SINGLE CELL|other	bulk RNA-seq
PRJNA994175	8	8	8	1	True	1	0	0.0	False			RNA-Seq|TRANSCRIPTOMIC SINGLE CELL|cDNA	single nucleus RNA-seq
PRJNA994177	8	8	8	1	True	1	1	0.125	False		8.0	RNA-Seq|TRANSCRIPTOMIC SINGLE CELL|cDNA	single nucleus RNA-seq
PRJNA998262	8	8	79	12	False	1	0	0.0	False			Bisulfite-Seq|GENOMIC|Reduced Representation	bulk RNA-seq
PRJNA999284	8	8	8	1	True	1	0	0.0	False			RNA-Seq|TRANSCRIPTOMIC|cDNA	bulk RNA-seq
PRJDB13013	7	7	7	1	True	1	0	0.0	False			RNA-Seq|TRANSCRIPTOMIC|other	BD Rhapsody
PRJEB106501	7	7	7	1	True	1	0	0.0	False			RNA-Seq|TRANSCRIPTOMIC SINGLE CELL|cDNA_randomPriming	Parse Biosciences
PRJEB34080	7	7	7	1	True	1	0	0.0	False			ssRNA-seq|TRANSCRIPTOMIC|PolyA	TruSeq Stranded mRNA
PRJEB36152	7	7	13	2	False	2	0	0.0	False			OTHER|TRANSCRIPTOMIC|RANDOM;ssRNA-seq|TRANSCRIPTOMIC|RANDOM	TruSeq Stranded mRNA
PRJEB40726	7	28	28	4	False	2	0	0.0	False			OTHER|OTHER|PCR;OTHER|TRANSCRIPTOMIC SINGLE CELL|PCR	Chromium Single Cell 5'
PRJEB47015	7	7	7	1	True	1	1	1.0	False		7.0	RNA-Seq|TRANSCRIPTOMIC|cDNA	bulk RNA-seq
PRJEB53341	7	24	26	6	False	1	0	0.0	False			RNA-Seq|TRANSCRIPTOMIC SINGLE CELL|PolyA	10x Genomics Chromium
PRJEB64226	7	7	7	1	True	1	0	0.0	False			RNA-Seq|TRANSCRIPTOMIC|PolyA	bulk RNA-seq
PRJEB65014	7	7	7	1	True	1	6	0.857	False		1.17	ssRNA-seq|TRANSCRIPTOMIC|RANDOM	TruSeq Stranded mRNA
PRJNA1005185	7	7	7	1	True	1	0	0.0	False			RNA-Seq|TRANSCRIPTOMIC|cDNA	bulk RNA-seq
PRJNA1006756	7	7	7	1	True	1	0	0.0	False			RNA-Seq|TRANSCRIPTOMIC|cDNA	bulk RNA-seq
PRJNA1007621	7	7	112	16	False	1	0	0.0	False			RNA-Seq|TRANSCRIPTOMIC SINGLE CELL|cDNA	10x Genomics Chromium
PRJNA1040191	7	7	7	1	True	2	0	0.0	False			RNA-Seq|OTHER|cDNA;RNA-Seq|TRANSCRIPTOMIC SINGLE CELL|cDNA	bulk RNA-seq
PRJNA1047181	7	7	7	1	True	1	0	0.0	False			RNA-Seq|TRANSCRIPTOMIC|cDNA	bulk RNA-seq
PRJNA1047678	7	7	7	1	True	2	0	0.0	False			RNA-Seq|TRANSCRIPTOMIC SINGLE CELL|cDNA;RNA-Seq|TRANSCRIPTOMIC|cDNA	bulk RNA-seq
PRJNA1056252	7	7	7	1	True	1	0	0.0	False			RNA-Seq|TRANSCRIPTOMIC SINGLE CELL|cDNA	SPLiT-seq
PRJNA1073897	7	7	7	1	True	1	0	0.0	False			RNA-Seq|TRANSCRIPTOMIC|cDNA	bulk RNA-seq
PRJNA1074230	7	7	7	1	True	1	0	0.0	False			RNA-Seq|TRANSCRIPTOMIC|cDNA	bulk RNA-seq
PRJNA1077300	7	7	7	1	True	1	0	0.0	False			RNA-Seq|TRANSCRIPTOMIC|cDNA	bulk RNA-seq
PRJNA1095926	7	7	7	1	True	1	0	0.0	False			RNA-Seq|TRANSCRIPTOMIC|cDNA	bulk RNA-seq
PRJNA1097504	7	7	7	1	True	1	0	0.0	False			RNA-Seq|TRANSCRIPTOMIC|cDNA	bulk RNA-seq
PRJNA1100558	7	7	7	1	True	1	0	0.0	False			ATAC-seq|GENOMIC|other	bulk RNA-seq
PRJNA1103792	7	7	7	1	True	1	0	0.0	False			RNA-Seq|TRANSCRIPTOMIC SINGLE CELL|cDNA	Parse Biosciences
PRJNA1108262	7	7	14	2	False	1	0	0.0	False			RNA-Seq|TRANSCRIPTOMIC|cDNA	bulk RNA-seq
PRJNA1112884	7	7	7	1	True	1	0	0.0	False			RNA-Seq|TRANSCRIPTOMIC|cDNA	bulk RNA-seq
PRJNA1114668	7	7	7	1	True	1	0	0.0	False			RNA-Seq|TRANSCRIPTOMIC|cDNA	bulk RNA-seq
PRJNA1127474	7	7	8	2	False	1	0	0.0	False			RNA-Seq|TRANSCRIPTOMIC SINGLE CELL|cDNA	BD Rhapsody
PRJNA1140844	7	7	7	1	True	1	0	0.0	False			RNA-Seq|TRANSCRIPTOMIC|PolyA	bulk RNA-seq
PRJNA1161855	7	7	7	1	True	1	1	1.0	False		7.0	RNA-Seq|TRANSCRIPTOMIC|cDNA	bulk RNA-seq
PRJNA1163534	7	7	7	1	True	1	0	0.0	False			RNA-Seq|TRANSCRIPTOMIC|cDNA_oligo_dT	bulk RNA-seq
PRJNA1163535	7	7	7	1	True	1	0	0.0	False			RNA-Seq|TRANSCRIPTOMIC|cDNA_oligo_dT	bulk RNA-seq
PRJNA1164299	7	7	7	1	True	1	0	0.0	False			RNA-Seq|TRANSCRIPTOMIC|cDNA	bulk RNA-seq
PRJNA1179971	7	7	7	1	True	1	0	0.0	False			RNA-Seq|TRANSCRIPTOMIC|cDNA	bulk RNA-seq
PRJNA1181823	7	7	7	1	True	1	0	0.0	False			RNA-Seq|TRANSCRIPTOMIC|cDNA	bulk RNA-seq
PRJNA1192294	7	7	7	1	True	1	7	1.0	False		1.0	RNA-Seq|TRANSCRIPTOMIC SINGLE CELL|cDNA	Parse Biosciences
PRJNA1221541	7	7	24	4	False	1	0	0.0	False			RNA-Seq|TRANSCRIPTOMIC SINGLE CELL|cDNA	10x Genomics Chromium
PRJNA1234189	7	7	7	1	True	1	0	0.0	False			RNA-Seq|TRANSCRIPTOMIC|cDNA	bulk RNA-seq
PRJNA1238812	7	7	7	1	True	1	0	0.0	False			RNA-Seq|TRANSCRIPTOMIC SINGLE CELL|cDNA	10x Genomics Chromium
PRJNA1242361	7	7	7	1	True	2	0	0.0	False			OTHER|TRANSCRIPTOMIC|other;RNA-Seq|TRANSCRIPTOMIC SINGLE CELL|cDNA	BD Rhapsody
PRJNA1244776	7	7	7	1	True	1	0	0.0	False			RNA-Seq|TRANSCRIPTOMIC|cDNA	bulk RNA-seq
PRJNA1246418	7	7	7	1	True	1	5	1.0	False		1.4	RNA-Seq|TRANSCRIPTOMIC|cDNA	bulk RNA-seq
PRJNA1258265	7	7	7	1	True	1	0	0.0	False			RNA-Seq|TRANSCRIPTOMIC SINGLE CELL|cDNA	Parse Biosciences
PRJNA1280290	7	7	7	1	True	1	0	0.0	False			RNA-Seq|TRANSCRIPTOMIC|PolyA	bulk RNA-seq
PRJNA1281515	7	7	7	1	True	1	0	0.0	False			RNA-Seq|TRANSCRIPTOMIC|cDNA	bulk RNA-seq
PRJNA1294197	7	7	7	1	True	1	1	0.143	False		7.0	RNA-Seq|TRANSCRIPTOMIC|cDNA	bulk RNA-seq
PRJNA1295348	7	7	7	1	True	1	0	0.0	False			RNA-Seq|TRANSCRIPTOMIC|cDNA	bulk RNA-seq
PRJNA1309665	7	7	28	4	False	1	0	0.0	False			RNA-Seq|TRANSCRIPTOMIC SINGLE CELL|cDNA	Drop-seq
PRJNA1310304	7	7	8	2	False	1	0	0.0	False			RNA-Seq|TRANSCRIPTOMIC SINGLE CELL|cDNA	10x Genomics Chromium
PRJNA1363758	7	7	14	2	False	1	0	0.0	False			RNA-Seq|TRANSCRIPTOMIC SINGLE CELL|cDNA	10x Genomics Chromium
PRJNA1389099	7	8	8	2	False	1	0	0.0	False			RNA-Seq|TRANSCRIPTOMIC|PolyA	bulk RNA-seq
PRJNA1389916	7	7	7	1	True	1	0	0.0	False			RNA-Seq|TRANSCRIPTOMIC|cDNA	bulk RNA-seq
PRJNA1432038	7	7	7	1	True	1	0	0.0	False			RNA-Seq|TRANSCRIPTOMIC|cDNA	single nucleus RNA-seq;bulk RNA-seq
PRJNA1454972	7	7	7	1	True	1	0	0.0	False			RNA-Seq|TRANSCRIPTOMIC|cDNA	bulk RNA-seq
PRJNA1462365	7	7	14	2	False	1	0	0.0	False			RNA-Seq|TRANSCRIPTOMIC|cDNA	bulk RNA-seq
PRJNA267857	7	7	7	1	True	1	1	1.0	False		7.0	RNA-Seq|TRANSCRIPTOMIC|cDNA	Drop-seq
PRJNA339314	7	7	8	2	False	1	0	0.0	False			OTHER|GENOMIC|RANDOM	10x Genomics Chromium
PRJNA339814	7	7	7	1	True	1	0	0.0	False			RNA-Seq|TRANSCRIPTOMIC|cDNA	TruSeq Stranded mRNA
PRJNA431401	7	7	7	1	True	1	0	0.0	False			RNA-Seq|TRANSCRIPTOMIC|cDNA	inDrop
PRJNA438523	7	7	7	1	True	1	0	0.0	False			RNA-Seq|TRANSCRIPTOMIC|cDNA	10x Genomics Chromium;Drop-seq;inDrop
PRJNA470653	7	7	7	1	True	1	0	0.0	False			RNA-Seq|TRANSCRIPTOMIC|cDNA	bulk RNA-seq
PRJNA478372	7	7	28	4	False	1	0	0.0	False			RNA-Seq|TRANSCRIPTOMIC|cDNA	10x Genomics Chromium
PRJNA492470	7	7	7	1	True	1	0	0.0	False			RNA-Seq|TRANSCRIPTOMIC|cDNA	bulk RNA-seq
PRJNA496556	7	32	32	14	False	3	0	0.0	False			AMPLICON|GENOMIC|PCR;AMPLICON|SYNTHETIC|PCR;RNA-Seq|TRANSCRIPTOMIC|RANDOM	TruSeq Stranded mRNA
PRJNA505496	7	7	7	1	True	1	0	0.0	False			ChIP-Seq|GENOMIC|ChIP	bulk RNA-seq
PRJNA509920	7	7	7	1	True	1	0	0.0	False			RNA-Seq|TRANSCRIPTOMIC|cDNA	bulk RNA-seq
PRJNA525603	7	7	10	2	False	1	0	0.0	False			RNA-Seq|TRANSCRIPTOMIC|cDNA	Drop-seq
PRJNA543115	7	7	7	1	True	1	0	0.0	False			RNA-Seq|TRANSCRIPTOMIC|cDNA	bulk RNA-seq
PRJNA627199	7	7	7	1	True	1	2	0.714	False		3.5	RNA-Seq|TRANSCRIPTOMIC|cDNA	bulk RNA-seq
PRJNA629493	7	7	7	1	True	1	0	0.0	False			RNA-Seq|TRANSCRIPTOMIC|cDNA	bulk RNA-seq
PRJNA643236	7	7	17	3	False	1	0	0.0	False			RNA-Seq|TRANSCRIPTOMIC|cDNA	10x Genomics Chromium
PRJNA645376	7	7	7	1	True	1	0	0.0	False			RNA-Seq|TRANSCRIPTOMIC|cDNA	single nucleus RNA-seq
PRJNA656205	7	7	7	1	True	1	0	0.0	False			RNA-Seq|TRANSCRIPTOMIC|cDNA	bulk RNA-seq
PRJNA658565	7	7	7	1	True	1	0	0.0	False			RNA-Seq|TRANSCRIPTOMIC|cDNA	bulk RNA-seq
PRJNA679170	7	7	12	2	False	1	6	1.0	False		1.17	RNA-Seq|TRANSCRIPTOMIC|cDNA	Drop-seq
PRJNA682136	7	7	7	1	True	1	0	0.0	False			RNA-Seq|TRANSCRIPTOMIC|cDNA	bulk RNA-seq
PRJNA683798	7	7	7	1	True	1	0	0.0	False			RNA-Seq|TRANSCRIPTOMIC|cDNA	bulk RNA-seq
PRJNA687392	7	7	20	4	False	1	0	0.0	False			RNA-Seq|TRANSCRIPTOMIC|cDNA	single nucleus RNA-seq
PRJNA729493	7	7	7	1	True	1	0	0.0	False			RNA-Seq|TRANSCRIPTOMIC|cDNA	bulk RNA-seq
PRJNA740004	7	7	7	1	True	1	0	0.0	False			RNA-Seq|TRANSCRIPTOMIC|cDNA	bulk RNA-seq
PRJNA763212	7	7	12	2	False	1	0	0.0	False			RNA-Seq|TRANSCRIPTOMIC|cDNA	10x Genomics Chromium
PRJNA782262	7	7	7	1	True	1	0	0.0	False			RNA-Seq|TRANSCRIPTOMIC|cDNA	bulk RNA-seq
PRJNA783353	7	7	7	1	True	1	0	0.0	False			RNA-Seq|TRANSCRIPTOMIC|cDNA	bulk RNA-seq
PRJNA789499	7	7	28	4	False	1	0	0.0	False			RNA-Seq|TRANSCRIPTOMIC|cDNA	bulk RNA-seq
PRJNA821161	7	7	7	1	True	1	0	0.0	False			RNA-Seq|TRANSCRIPTOMIC|cDNA	single nucleus RNA-seq
PRJNA825539	7	7	7	1	True	1	0	0.0	False			RNA-Seq|TRANSCRIPTOMIC|cDNA	bulk RNA-seq
PRJNA832323	7	7	14	2	False	1	0	0.0	False			RNA-Seq|TRANSCRIPTOMIC SINGLE CELL|cDNA	10x Genomics Chromium
PRJNA833870	7	7	7	1	True	1	1	0.143	False		7.0	RNA-Seq|TRANSCRIPTOMIC SINGLE CELL|cDNA	10x Genomics Chromium
PRJNA836322	7	7	7	1	True	1	0	0.0	False			RNA-Seq|TRANSCRIPTOMIC|cDNA	single nucleus RNA-seq
PRJNA839387	7	7	7	1	True	1	0	0.0	False			RNA-Seq|TRANSCRIPTOMIC|cDNA	bulk RNA-seq
PRJNA861825	7	7	7	1	True	1	0	0.0	False			RNA-Seq|TRANSCRIPTOMIC|cDNA	bulk RNA-seq
PRJNA865754	7	7	8	2	False	1	0	0.0	False			RNA-Seq|TRANSCRIPTOMIC|cDNA	bulk RNA-seq
PRJNA872488	7	7	7	1	True	1	1	0.429	False		7.0	RNA-Seq|TRANSCRIPTOMIC|cDNA	bulk RNA-seq
PRJNA891293	7	7	7	1	True	1	0	0.0	False			RNA-Seq|TRANSCRIPTOMIC|cDNA	bulk RNA-seq
PRJNA907017	7	7	7	1	True	1	0	0.0	False			RNA-Seq|TRANSCRIPTOMIC|cDNA	bulk RNA-seq
PRJNA911677	7	7	42	6	False	1	0	0.0	False			RNA-Seq|TRANSCRIPTOMIC SINGLE CELL|cDNA	10x Genomics Chromium
PRJNA925132	7	7	7	1	True	1	0	0.0	False			RNA-Seq|TRANSCRIPTOMIC|cDNA	bulk RNA-seq
PRJNA941214	7	7	7	1	True	1	0	0.0	False			RNA-Seq|TRANSCRIPTOMIC|cDNA	bulk RNA-seq
PRJNA982384	7	7	7	1	True	1	0	0.0	False			RNA-Seq|TRANSCRIPTOMIC|RANDOM	bulk RNA-seq
PRJNA985595	7	7	14	2	False	1	0	0.0	False			RNA-Seq|TRANSCRIPTOMIC SINGLE CELL|cDNA	10x Genomics Chromium
PRJNA990664	7	7	7	1	True	1	0	0.0	False			RNA-Seq|TRANSCRIPTOMIC|cDNA	bulk RNA-seq
PRJNA994172	7	7	8	2	False	1	0	0.0	False			RNA-Seq|TRANSCRIPTOMIC SINGLE CELL|cDNA	single nucleus RNA-seq
PRJDB14751	6	6	6	1	True	1	0	0.0	False			RNA-Seq|TRANSCRIPTOMIC|RANDOM	bulk RNA-seq
PRJDB15197	6	6	6	1	True	1	6	1.0	False		1.0	RNA-Seq|TRANSCRIPTOMIC|cDNA_randomPriming	bulk RNA-seq
PRJDB18480	6	6	6	1	True	1	0	0.0	False			RNA-Seq|TRANSCRIPTOMIC|PolyA	bulk RNA-seq
PRJDB37463	6	6	6	1	True	1	0	0.0	False			RNA-Seq|TRANSCRIPTOMIC|RT-PCR	bulk RNA-seq
PRJDB38790	6	6	6	1	True	1	0	0.0	False			RNA-Seq|TRANSCRIPTOMIC|PolyA	bulk RNA-seq
PRJDB38903	6	6	6	1	True	1	0	0.0	False			RNA-Seq|TRANSCRIPTOMIC|PolyA	bulk RNA-seq
PRJDB39592	6	6	6	1	True	1	0	0.0	False			RNA-Seq|TRANSCRIPTOMIC SINGLE CELL|PolyA	bulk RNA-seq
PRJDB40161	6	6	6	1	True	1	0	0.0	False			RNA-Seq|TRANSCRIPTOMIC|cDNA	bulk RNA-seq
PRJDB41638	6	6	6	1	True	1	0	0.0	False			RNA-Seq|TRANSCRIPTOMIC|PCR	bulk RNA-seq
PRJDB42636	6	6	6	1	True	1	0	0.0	False			RNA-Seq|TRANSCRIPTOMIC|RT-PCR	bulk RNA-seq
PRJDB4754	6	6	6	1	True	1	0	0.0	False			RNA-Seq|TRANSCRIPTOMIC|PolyA	TruSeq Stranded mRNA
PRJEB100850	6	6	6	1	True	1	0	0.0	False			RNA-Seq|TRANSCRIPTOMIC|Inverse rRNA	bulk RNA-seq
PRJEB104889	6	6	10	2	False	1	0	0.0	False			RNA-Seq|GENOMIC SINGLE CELL|Oligo-dT	10x Genomics Chromium
PRJEB105333	6	6	6	1	True	1	0	0.0	False			RNA-Seq|TRANSCRIPTOMIC|cDNA	Drop-seq
PRJEB106938	6	6	6	1	True	1	0	0.0	False			RNA-Seq|TRANSCRIPTOMIC SINGLE CELL|Oligo-dT	BD Rhapsody
PRJEB108841	6	6	6	1	True	1	0	0.0	False			RNA-Seq|TRANSCRIPTOMIC|cDNA_randomPriming	bulk RNA-seq
PRJEB108843	6	6	6	1	True	1	0	0.0	False			RNA-Seq|TRANSCRIPTOMIC|cDNA_randomPriming	bulk RNA-seq
PRJEB12922	6	6	10	2	False	1	0	0.0	False			RNA-Seq|TRANSCRIPTOMIC|RANDOM	TruSeq Stranded mRNA
PRJEB15204	6	6	6	1	True	1	0	0.0	False			RNA-Seq|TRANSCRIPTOMIC|cDNA	TruSeq Stranded mRNA
PRJEB20495	6	6	6	1	True	1	0	0.0	False			RNA-Seq|TRANSCRIPTOMIC|RANDOM	TruSeq Stranded mRNA
PRJEB20496	6	6	6	1	True	1	0	0.0	False			RNA-Seq|TRANSCRIPTOMIC|RANDOM	TruSeq Stranded mRNA
PRJEB21569	6	6	6	1	True	1	0	0.0	False			RNA-Seq|TRANSCRIPTOMIC|cDNA	TruSeq Stranded mRNA
PRJEB23550	6	6	6	1	True	1	0	0.0	False			AMPLICON|TRANSCRIPTOMIC|RT-PCR	polyA selected RNA-seq
PRJEB25572	6	6	6	1	True	1	0	0.0	False			ssRNA-seq|TRANSCRIPTOMIC|RANDOM	TruSeq Stranded mRNA
PRJEB27097	6	6	6	1	True	1	0	0.0	False			RNA-Seq|TRANSCRIPTOMIC|PolyA	bulk RNA-seq
PRJEB27272	6	6	6	1	True	2	0	0.0	False			RNA-Seq|TRANSCRIPTOMIC|RACE;RNA-Seq|TRANSCRIPTOMIC|RANDOM	bulk RNA-seq
PRJEB27926	6	6	6	1	True	1	6	1.0	False		1.0	RNA-Seq|TRANSCRIPTOMIC|RANDOM	TruSeq Stranded mRNA
PRJEB29927	6	6	6	1	True	1	0	0.0	False			RNA-Seq|TRANSCRIPTOMIC|Oligo-dT	TruSeq Stranded mRNA
PRJEB33441	6	6	6	1	True	1	0	0.0	False			RNA-Seq|TRANSCRIPTOMIC|cDNA	bulk RNA-seq
PRJEB33972	6	6	6	1	True	1	0	0.0	False			OTHER|TRANSCRIPTOMIC SINGLE CELL|PolyA	10x Genomics Chromium
PRJEB36017	6	6	6	1	True	1	0	0.0	False			RNA-Seq|TRANSCRIPTOMIC SINGLE CELL|Oligo-dT	Drop-seq
PRJEB36921	6	6	6	1	True	1	0	0.0	False			RNA-Seq|TRANSCRIPTOMIC|RT-PCR	polyA selected RNA-seq
PRJEB37531	6	36	36	6	False	1	0	0.0	False			OTHER|TRANSCRIPTOMIC|cDNA	10x Genomics Chromium
PRJEB37946	6	6	6	1	True	1	0	0.0	False			RNA-Seq|TRANSCRIPTOMIC|Oligo-dT	bulk RNA-seq
PRJEB38460	6	6	6	1	True	1	0	0.0	False			ssRNA-seq|TRANSCRIPTOMIC|PolyA	bulk RNA-seq
PRJEB39746	6	6	6	1	True	1	0	0.0	False			RNA-Seq|TRANSCRIPTOMIC|cDNA	TruSeq Stranded mRNA
PRJEB39952	6	6	6	1	True	1	0	0.0	False			RNA-Seq|TRANSCRIPTOMIC|PolyA	polyA selected RNA-seq
PRJEB40459	6	6	24	4	False	1	0	0.0	False			RNA-Seq|TRANSCRIPTOMIC SINGLE CELL|PolyA	10x Genomics Chromium
PRJEB41818	6	6	6	1	True	1	0	0.0	False			RNA-Seq|TRANSCRIPTOMIC|RT-PCR	TruSeq Stranded mRNA
PRJEB43039	6	6	6	1	True	1	0	0.0	False			ssRNA-seq|TRANSCRIPTOMIC|Inverse rRNA	TruSeq Stranded mRNA
PRJEB43109	6	6	6	1	True	1	0	0.0	False			ssRNA-seq|TRANSCRIPTOMIC|Inverse rRNA	TruSeq Stranded mRNA
PRJEB43112	6	6	6	1	True	1	0	0.0	False			RNA-Seq|TRANSCRIPTOMIC|Inverse rRNA	TruSeq Stranded mRNA
PRJEB43361	6	6	6	1	True	1	0	0.0	False			RNA-Seq|TRANSCRIPTOMIC|RANDOM	TruSeq Stranded mRNA
PRJEB43610	6	6	6	1	True	1	0	0.0	False			RNA-Seq|TRANSCRIPTOMIC|PolyA	bulk RNA-seq
PRJEB46023	6	6	6	1	True	1	0	0.0	False			ssRNA-seq|TRANSCRIPTOMIC|Inverse rRNA	TruSeq Stranded mRNA
PRJEB46121	6	6	6	1	True	1	1	1.0	False		6.0	RNA-Seq|TRANSCRIPTOMIC|cDNA	bulk RNA-seq
PRJEB46994	6	6	6	1	True	1	0	0.0	False			RNA-Seq|TRANSCRIPTOMIC|PolyA	bulk RNA-seq
PRJEB47210	6	6	9	2	False	1	0	0.0	False			ssRNA-seq|TRANSCRIPTOMIC|Inverse rRNA	TruSeq Stranded mRNA
PRJEB48654	6	6	6	1	True	1	0	0.0	False			RNA-Seq|TRANSCRIPTOMIC SINGLE CELL|Oligo-dT	single nucleus RNA-seq
PRJEB50345	6	6	6	1	True	1	0	0.0	False			RNA-Seq|TRANSCRIPTOMIC|RANDOM	TruSeq Stranded mRNA
PRJEB52503	6	6	18	3	False	1	0	0.0	False			RNA-Seq|TRANSCRIPTOMIC SINGLE CELL|RT-PCR	single nucleus RNA-seq
PRJEB54815	6	6	12	2	False	1	0	0.0	False			ssRNA-seq|TRANSCRIPTOMIC|Inverse rRNA	TruSeq Stranded mRNA
PRJEB56192	6	6	12	2	False	1	0	0.0	False			RNA-Seq|TRANSCRIPTOMIC|Oligo-dT	bulk RNA-seq
PRJEB61052	6	71	71	27	False	1	0	0.0	False			RNA-Seq|TRANSCRIPTOMIC|RT-PCR	10x Genomics Chromium
PRJEB64233	6	6	6	1	True	1	1	0.5	False		6.0	RNA-Seq|TRANSCRIPTOMIC|PolyA	bulk RNA-seq
PRJEB64235	6	6	6	1	True	1	1	0.5	False		6.0	RNA-Seq|TRANSCRIPTOMIC|PolyA	bulk RNA-seq
PRJEB65369	6	6	24	4	False	1	0	0.0	False			ssRNA-seq|TRANSCRIPTOMIC|Inverse rRNA	TruSeq Stranded mRNA
PRJEB65582	6	6	24	4	False	1	0	0.0	False			ssRNA-seq|TRANSCRIPTOMIC|Inverse rRNA	TruSeq Stranded mRNA
PRJEB65583	6	6	24	4	False	1	0	0.0	False			ssRNA-seq|TRANSCRIPTOMIC|Inverse rRNA	TruSeq Stranded mRNA
PRJEB67510	6	6	6	1	True	1	0	0.0	False			ssRNA-seq|TRANSCRIPTOMIC|Oligo-dT	bulk RNA-seq
PRJEB67536	6	6	12	2	False	1	0	0.0	False			OTHER|TRANSCRIPTOMIC SINGLE CELL|Oligo-dT	10x Genomics Chromium
PRJEB78374	6	6	6	1	True	1	0	0.0	False			RNA-Seq|TRANSCRIPTOMIC|RT-PCR	bulk RNA-seq
PRJEB79002	6	6	18	3	False	1	0	0.0	False			RNA-Seq|TRANSCRIPTOMIC SINGLE CELL|cDNA_randomPriming	10x Genomics Chromium
PRJEB79960	6	6	6	1	True	1	0	0.0	False			RNA-Seq|TRANSCRIPTOMIC|Oligo-dT	bulk RNA-seq
PRJEB88576	6	6	6	1	True	1	0	0.0	False			RNA-Seq|TRANSCRIPTOMIC|PolyA	polyA selected RNA-seq
PRJEB89697	6	6	6	1	True	1	0	0.0	False			RNA-Seq|TRANSCRIPTOMIC|Oligo-dT	bulk RNA-seq
PRJNA1000609	6	6	6	1	True	1	0	0.0	False			RNA-Seq|TRANSCRIPTOMIC|cDNA	bulk RNA-seq
PRJNA1000933	6	6	6	1	True	1	0	0.0	False			RNA-Seq|TRANSCRIPTOMIC|cDNA	TruSeq Stranded mRNA
PRJNA1001259	6	6	6	1	True	1	0	0.0	False			RNA-Seq|TRANSCRIPTOMIC|cDNA	bulk RNA-seq
PRJNA1002409	6	6	6	1	True	1	0	0.0	False			RNA-Seq|TRANSCRIPTOMIC|cDNA	bulk RNA-seq
PRJNA1003142	6	6	6	1	True	1	2	0.667	False		3.0	RNA-Seq|TRANSCRIPTOMIC|cDNA	bulk RNA-seq;polyA selected RNA-seq
PRJNA1003459	6	6	6	1	True	1	0	0.0	False			RNA-Seq|TRANSCRIPTOMIC|cDNA	bulk RNA-seq
PRJNA1003826	6	6	6	1	True	1	0	0.0	False			RNA-Seq|TRANSCRIPTOMIC|cDNA	bulk RNA-seq
PRJNA1004168	6	6	6	1	True	1	0	0.0	False			RNA-Seq|TRANSCRIPTOMIC|cDNA	bulk RNA-seq
PRJNA1004255	6	6	20	4	False	1	0	0.0	False			RNA-Seq|TRANSCRIPTOMIC SINGLE CELL|cDNA	10x Genomics Chromium
PRJNA1005270	6	6	6	1	True	1	0	0.0	False			RNA-Seq|TRANSCRIPTOMIC|cDNA	bulk RNA-seq
PRJNA1006705	6	6	6	1	True	1	3	0.5	False		2.0	RNA-Seq|TRANSCRIPTOMIC SINGLE CELL|cDNA	Drop-seq
PRJNA1009394	6	6	12	4	False	1	0	0.0	False			RNA-Seq|TRANSCRIPTOMIC SINGLE CELL|cDNA	single nucleus RNA-seq
PRJNA1010941	6	6	6	1	True	1	0	0.0	False			ATAC-seq|GENOMIC|other	bulk RNA-seq
PRJNA1016340	6	6	6	1	True	1	0	0.0	False			RNA-Seq|TRANSCRIPTOMIC SINGLE CELL|cDNA	single nucleus RNA-seq
PRJNA1017811	6	6	6	1	True	1	1	0.167	False		6.0	RNA-Seq|TRANSCRIPTOMIC|cDNA	bulk RNA-seq
PRJNA1019250	6	6	6	1	True	1	0	0.0	False			RNA-Seq|TRANSCRIPTOMIC|cDNA	polyA selected RNA-seq
PRJNA1020856	6	6	32	8	False	1	0	0.0	False			RNA-Seq|TRANSCRIPTOMIC SINGLE CELL|cDNA	10x Genomics Chromium
PRJNA1021752	6	6	6	1	True	1	0	0.0	False			RNA-Seq|TRANSCRIPTOMIC|cDNA	bulk RNA-seq
PRJNA1022437	6	6	6	1	True	1	0	0.0	False			RNA-Seq|TRANSCRIPTOMIC|cDNA	bulk RNA-seq
PRJNA1023970	6	6	9	2	False	1	0	0.0	False			RNA-Seq|TRANSCRIPTOMIC SINGLE CELL|cDNA	10x Genomics Chromium
PRJNA1024891	6	6	6	1	True	2	3	1.0	False		2.0	ATAC-seq|GENOMIC SINGLE CELL|other;RNA-Seq|TRANSCRIPTOMIC SINGLE CELL|cDNA	10x Genomics Chromium
PRJNA1025114	6	6	6	1	True	1	0	0.0	False			RNA-Seq|TRANSCRIPTOMIC|RANDOM	bulk RNA-seq
PRJNA1026924	6	6	6	1	True	1	6	1.0	False		1.0	RNA-Seq|TRANSCRIPTOMIC|cDNA	bulk RNA-seq
PRJNA1026986	6	6	6	1	True	1	0	0.0	False			RNA-Seq|TRANSCRIPTOMIC|cDNA	bulk RNA-seq
PRJNA1027468	6	6	6	1	True	1	0	0.0	False			RNA-Seq|TRANSCRIPTOMIC|cDNA	bulk RNA-seq
PRJNA1027879	6	6	12	2	False	1	3	1.0	False		2.0	RNA-Seq|TRANSCRIPTOMIC SINGLE CELL|cDNA	10x Genomics Chromium
PRJNA1028957	6	6	80	16	False	1	0	0.0	False			RNA-Seq|TRANSCRIPTOMIC SINGLE CELL|cDNA	10x Genomics Chromium
PRJNA1028972	6	6	6	1	True	1	0	0.0	False			RNA-Seq|TRANSCRIPTOMIC|cDNA	bulk RNA-seq
PRJNA1028975	6	6	6	1	True	1	0	0.0	False			RNA-Seq|TRANSCRIPTOMIC|cDNA	bulk RNA-seq
PRJNA1028976	6	6	6	1	True	1	0	0.0	False			RNA-Seq|TRANSCRIPTOMIC|cDNA	bulk RNA-seq
PRJNA1029587	6	6	6	1	True	1	0	0.0	False			RNA-Seq|TRANSCRIPTOMIC|cDNA	bulk RNA-seq
PRJNA1029623	6	6	6	1	True	1	0	0.0	False			RNA-Seq|TRANSCRIPTOMIC|cDNA	bulk RNA-seq
PRJNA1029971	6	6	6	1	True	1	0	0.0	False			RNA-Seq|TRANSCRIPTOMIC|cDNA	TruSeq Stranded mRNA
PRJNA1034555	6	6	6	1	True	1	1	1.0	False		6.0	RNA-Seq|TRANSCRIPTOMIC|cDNA	bulk RNA-seq
PRJNA1034557	6	6	11	2	False	1	1	0.455	False		6.0	RNA-Seq|TRANSCRIPTOMIC SINGLE CELL|cDNA	bulk RNA-seq
PRJNA1034558	6	6	6	1	True	1	1	1.0	False		6.0	OTHER|GENOMIC|other	bulk RNA-seq
PRJNA1035080	6	6	6	1	True	1	0	0.0	False			RNA-Seq|TRANSCRIPTOMIC|cDNA	bulk RNA-seq
PRJNA1037122	6	6	6	1	True	1	0	0.0	False			RNA-Seq|TRANSCRIPTOMIC SINGLE CELL|cDNA	Drop-seq
PRJNA1040264	6	6	6	1	True	1	1	1.0	False		6.0	RNA-Seq|TRANSCRIPTOMIC|cDNA	bulk RNA-seq
PRJNA1040802	6	6	6	1	True	1	1	0.5	False		6.0	RNA-Seq|TRANSCRIPTOMIC|cDNA	bulk RNA-seq
PRJNA1041305	6	6	6	1	True	1	0	0.0	False			RNA-Seq|TRANSCRIPTOMIC|cDNA	TruSeq Stranded mRNA
PRJNA1041337	6	6	6	1	True	1	0	0.0	False			RNA-Seq|TRANSCRIPTOMIC|cDNA	bulk RNA-seq
PRJNA1045526	6	6	12	2	False	1	0	0.0	False			RNA-Seq|TRANSCRIPTOMIC SINGLE CELL|cDNA	10x Genomics Chromium
PRJNA1045620	6	6	6	1	True	1	0	0.0	False			RNA-Seq|TRANSCRIPTOMIC SINGLE CELL|cDNA	single nucleus RNA-seq
PRJNA1048526	6	6	6	1	True	1	0	0.0	False			RNA-Seq|TRANSCRIPTOMIC|cDNA	bulk RNA-seq
PRJNA1048936	6	6	6	1	True	1	0	0.0	False			RNA-Seq|TRANSCRIPTOMIC|cDNA	bulk RNA-seq
PRJNA1049792	6	6	12	2	False	1	0	0.0	False			RNA-Seq|TRANSCRIPTOMIC SINGLE CELL|cDNA	10x Genomics Chromium
PRJNA1050307	6	6	6	1	True	1	0	0.0	False			RNA-Seq|TRANSCRIPTOMIC|cDNA	bulk RNA-seq
PRJNA1050328	6	6	6	1	True	1	0	0.0	False			RNA-Seq|TRANSCRIPTOMIC|cDNA	TruSeq Stranded mRNA
PRJNA1051064	6	6	6	1	True	1	0	0.0	False			RNA-Seq|TRANSCRIPTOMIC|PolyA	bulk RNA-seq
PRJNA1051589	6	6	6	1	True	1	0	0.0	False			RNA-Seq|TRANSCRIPTOMIC|cDNA	bulk RNA-seq
PRJNA1052743	6	6	6	1	True	1	1	0.333	False		6.0	OTHER|GENOMIC|other	bulk RNA-seq
PRJNA1054116	6	6	6	1	True	1	0	0.0	False			RNA-Seq|TRANSCRIPTOMIC|cDNA	bulk RNA-seq
PRJNA1054183	6	6	6	1	True	1	0	0.0	False			RNA-Seq|TRANSCRIPTOMIC|cDNA	TruSeq Stranded mRNA
PRJNA1058653	6	6	6	1	True	1	0	0.0	False			RNA-Seq|TRANSCRIPTOMIC|cDNA	bulk RNA-seq
PRJNA1061067	6	6	6	1	True	1	1	0.333	False		6.0	RNA-Seq|TRANSCRIPTOMIC|cDNA	polyA selected RNA-seq
PRJNA1061475	6	6	24	4	False	1	0	0.0	False			RNA-Seq|TRANSCRIPTOMIC|cDNA	bulk RNA-seq
PRJNA1061799	6	6	6	1	True	1	0	0.0	False			RNA-Seq|TRANSCRIPTOMIC|cDNA	bulk RNA-seq
PRJNA1062707	6	6	6	1	True	1	0	0.0	False			RNA-Seq|TRANSCRIPTOMIC|cDNA	bulk RNA-seq
PRJNA1063274	6	6	6	1	True	1	0	0.0	False			RNA-Seq|TRANSCRIPTOMIC|cDNA	bulk RNA-seq
PRJNA1063646	6	6	6	1	True	1	0	0.0	False			RNA-Seq|TRANSCRIPTOMIC|cDNA	bulk RNA-seq
PRJNA1064628	6	6	6	1	True	1	0	0.0	False			RNA-Seq|TRANSCRIPTOMIC SINGLE CELL|cDNA	Parse Biosciences
PRJNA1065281	6	6	6	1	True	1	0	0.0	False			RNA-Seq|TRANSCRIPTOMIC|cDNA	TruSeq Stranded mRNA
PRJNA1067673	6	6	6	1	True	1	0	0.0	False			RNA-Seq|TRANSCRIPTOMIC|cDNA	bulk RNA-seq
PRJNA1068069	6	6	6	1	True	1	0	0.0	False			RNA-Seq|TRANSCRIPTOMIC|cDNA	bulk RNA-seq
PRJNA1071605	6	6	6	1	True	1	0	0.0	False			RNA-Seq|TRANSCRIPTOMIC|cDNA	bulk RNA-seq
PRJNA1071606	6	6	6	1	True	1	0	0.0	False			RNA-Seq|TRANSCRIPTOMIC|cDNA	bulk RNA-seq
PRJNA1072101	6	6	6	1	True	1	3	0.5	False		2.0	RNA-Seq|TRANSCRIPTOMIC|cDNA	TruSeq Stranded mRNA
PRJNA1074943	6	6	6	1	True	1	0	0.0	False			RNA-Seq|TRANSCRIPTOMIC|cDNA	TruSeq Stranded mRNA
PRJNA1075108	6	6	6	1	True	1	0	0.0	False			RNA-Seq|TRANSCRIPTOMIC|cDNA	bulk RNA-seq
PRJNA1076653	6	6	6	1	True	1	0	0.0	False			RNA-Seq|TRANSCRIPTOMIC|cDNA	bulk RNA-seq
PRJNA1077951	6	6	6	1	True	1	1	1.0	False		6.0	RNA-Seq|TRANSCRIPTOMIC|cDNA	bulk RNA-seq
PRJNA1083017	6	6	6	1	True	1	0	0.0	False			RNA-Seq|TRANSCRIPTOMIC|other	bulk RNA-seq
PRJNA1083895	6	6	6	1	True	1	0	0.0	False			RNA-Seq|TRANSCRIPTOMIC|cDNA	bulk RNA-seq
PRJNA1085289	6	6	6	1	True	1	0	0.0	False			RNA-Seq|TRANSCRIPTOMIC|cDNA	bulk RNA-seq
PRJNA1088167	6	6	6	1	True	1	0	0.0	False			RNA-Seq|TRANSCRIPTOMIC|cDNA	bulk RNA-seq
PRJNA1090493	6	6	6	1	True	1	0	0.0	False			RNA-Seq|TRANSCRIPTOMIC|cDNA	bulk RNA-seq
PRJNA1091579	6	6	6	1	True	1	0	0.0	False			RNA-Seq|TRANSCRIPTOMIC|cDNA	bulk RNA-seq
PRJNA1091899	6	6	6	1	True	1	0	0.0	False			RNA-Seq|TRANSCRIPTOMIC|cDNA	bulk RNA-seq
PRJNA1092698	6	6	6	1	True	1	0	0.0	False			RNA-Seq|TRANSCRIPTOMIC|cDNA	TruSeq Stranded mRNA
PRJNA1095003	6	6	6	1	True	1	0	0.0	False			RNA-Seq|TRANSCRIPTOMIC|cDNA	bulk RNA-seq
PRJNA1095386	6	6	6	1	True	1	0	0.0	False			RNA-Seq|TRANSCRIPTOMIC SINGLE CELL|cDNA	Drop-seq
PRJNA1095880	6	6	6	1	True	1	3	0.5	False		2.0	RNA-Seq|TRANSCRIPTOMIC|cDNA	bulk RNA-seq
PRJNA1096107	6	6	6	1	True	1	0	0.0	False			RNA-Seq|TRANSCRIPTOMIC|cDNA	bulk RNA-seq
PRJNA1096108	6	6	6	1	True	1	0	0.0	False			RNA-Seq|TRANSCRIPTOMIC|cDNA	bulk RNA-seq
PRJNA1098215	6	6	6	1	True	1	0	0.0	False			RNA-Seq|TRANSCRIPTOMIC|cDNA	bulk RNA-seq
PRJNA1098410	6	6	6	1	True	1	0	0.0	False			RNA-Seq|TRANSCRIPTOMIC SINGLE CELL|cDNA	bulk RNA-seq
PRJNA1100554	6	6	6	1	True	1	0	0.0	False			RNA-Seq|TRANSCRIPTOMIC|cDNA	bulk RNA-seq
PRJNA1100560	6	6	6	1	True	1	0	0.0	False			RNA-Seq|TRANSCRIPTOMIC|cDNA	bulk RNA-seq
PRJNA1101451	6	6	6	1	True	1	0	0.0	False			RNA-Seq|TRANSCRIPTOMIC|cDNA	bulk RNA-seq
PRJNA1101981	6	6	6	1	True	1	6	1.0	False		1.0	RNA-Seq|TRANSCRIPTOMIC|cDNA	bulk RNA-seq
PRJNA1102036	6	6	6	1	True	1	3	0.5	False		2.0	OTHER|METATRANSCRIPTOMIC|other	bulk RNA-seq
PRJNA1102296	6	6	6	1	True	1	0	0.0	False			RNA-Seq|TRANSCRIPTOMIC|cDNA	bulk RNA-seq
PRJNA1102437	6	6	6	1	True	1	0	0.0	False			RNA-Seq|TRANSCRIPTOMIC|cDNA	bulk RNA-seq
PRJNA1105879	6	6	6	1	True	1	0	0.0	False			RNA-Seq|TRANSCRIPTOMIC|cDNA	bulk RNA-seq
PRJNA1106539	6	6	6	1	True	1	0	0.0	False			RNA-Seq|TRANSCRIPTOMIC|cDNA	bulk RNA-seq
PRJNA1107210	6	6	6	1	True	1	0	0.0	False			RNA-Seq|TRANSCRIPTOMIC|PolyA	bulk RNA-seq
PRJNA1107279	6	6	6	1	True	1	0	0.0	False			RNA-Seq|TRANSCRIPTOMIC|PolyA	bulk RNA-seq
PRJNA1107621	6	6	6	1	True	1	0	0.0	False			RNA-Seq|TRANSCRIPTOMIC|cDNA	bulk RNA-seq
PRJNA1108328	6	6	6	1	True	1	0	0.0	False			RNA-Seq|TRANSCRIPTOMIC|cDNA	bulk RNA-seq
PRJNA1108458	6	6	6	1	True	1	0	0.0	False			RNA-Seq|TRANSCRIPTOMIC SINGLE CELL|cDNA	bulk RNA-seq
PRJNA1110168	6	6	6	1	True	1	0	0.0	False			RNA-Seq|TRANSCRIPTOMIC|cDNA	bulk RNA-seq
PRJNA1113427	6	6	6	1	True	1	0	0.0	False			RNA-Seq|TRANSCRIPTOMIC|Oligo-dT	bulk RNA-seq
PRJNA1113651	6	6	6	1	True	1	0	0.0	False			RNA-Seq|TRANSCRIPTOMIC|cDNA	bulk RNA-seq
PRJNA1114685	6	6	6	1	True	1	0	0.0	False			RNA-Seq|TRANSCRIPTOMIC|cDNA	TruSeq Stranded mRNA
PRJNA1115129	6	6	6	1	True	1	0	0.0	False			RNA-Seq|TRANSCRIPTOMIC SINGLE CELL|cDNA	10x Genomics Chromium
PRJNA1116735	6	6	6	1	True	1	0	0.0	False			RNA-Seq|TRANSCRIPTOMIC|cDNA	bulk RNA-seq
PRJNA1118782	6	6	12	2	False	1	0	0.0	False			RNA-Seq|TRANSCRIPTOMIC|cDNA	bulk RNA-seq
PRJNA1119498	6	6	6	1	True	1	0	0.0	False			RNA-Seq|TRANSCRIPTOMIC|cDNA	bulk RNA-seq
PRJNA1120384	6	6	6	1	True	1	0	0.0	False			RNA-Seq|TRANSCRIPTOMIC|cDNA	bulk RNA-seq
PRJNA1120756	6	6	6	1	True	1	0	0.0	False			OTHER|GENOMIC|other	bulk RNA-seq
PRJNA1121924	6	6	6	1	True	1	0	0.0	False			RNA-Seq|TRANSCRIPTOMIC|cDNA	bulk RNA-seq
PRJNA1122778	6	6	6	1	True	1	1	0.333	False		6.0	RNA-Seq|TRANSCRIPTOMIC|cDNA	bulk RNA-seq
PRJNA1123742	6	6	6	1	True	1	0	0.0	False			RNA-Seq|TRANSCRIPTOMIC|cDNA	bulk RNA-seq
PRJNA1124516	6	6	6	1	True	1	0	0.0	False			RNA-Seq|TRANSCRIPTOMIC|cDNA	bulk RNA-seq
PRJNA1124644	6	6	6	1	True	1	3	0.5	False		2.0	RNA-Seq|TRANSCRIPTOMIC|cDNA	bulk RNA-seq
PRJNA1124930	6	6	8	3	False	2	0	0.0	False			RNA-Seq|OTHER|cDNA;RNA-Seq|TRANSCRIPTOMIC SINGLE CELL|cDNA	10x Genomics Chromium
PRJNA1124987	6	6	6	1	True	1	0	0.0	False			RNA-Seq|TRANSCRIPTOMIC|cDNA	bulk RNA-seq
PRJNA1125843	6	6	6	1	True	1	0	0.0	False			RNA-Seq|TRANSCRIPTOMIC|Oligo-dT	bulk RNA-seq
PRJNA1126391	6	6	6	1	True	1	0	0.0	False			RNA-Seq|TRANSCRIPTOMIC|cDNA	bulk RNA-seq
PRJNA1127986	6	6	6	1	True	1	0	0.0	False			RNA-Seq|TRANSCRIPTOMIC|cDNA	bulk RNA-seq
PRJNA1129072	6	6	6	1	True	1	0	0.0	False			RNA-Seq|TRANSCRIPTOMIC|cDNA	bulk RNA-seq
PRJNA1131765	6	6	6	1	True	1	0	0.0	False			RNA-Seq|TRANSCRIPTOMIC|cDNA	bulk RNA-seq
PRJNA1132160	6	6	6	1	True	1	0	0.0	False			RNA-Seq|TRANSCRIPTOMIC|cDNA	bulk RNA-seq
PRJNA1132262	6	6	6	1	True	1	0	0.0	False			RNA-Seq|TRANSCRIPTOMIC|cDNA	bulk RNA-seq
PRJNA1133723	6	6	6	1	True	1	0	0.0	False			RNA-Seq|TRANSCRIPTOMIC|cDNA	bulk RNA-seq
PRJNA1136018	6	6	6	1	True	1	0	0.0	False			RNA-Seq|TRANSCRIPTOMIC|cDNA	bulk RNA-seq
PRJNA1137861	6	6	6	1	True	1	0	0.0	False			RNA-Seq|TRANSCRIPTOMIC|cDNA	bulk RNA-seq
PRJNA1139165	6	6	6	1	True	1	0	0.0	False			RNA-Seq|TRANSCRIPTOMIC|cDNA	bulk RNA-seq
PRJNA1139223	6	6	6	1	True	1	3	0.5	False		2.0	RNA-Seq|TRANSCRIPTOMIC|cDNA	bulk RNA-seq
PRJNA1139726	6	6	6	1	True	1	0	0.0	False			RNA-Seq|TRANSCRIPTOMIC|cDNA	bulk RNA-seq
PRJNA1139784	6	6	6	1	True	1	0	0.0	False			RNA-Seq|TRANSCRIPTOMIC|cDNA	TruSeq Stranded mRNA
PRJNA1141991	6	6	6	1	True	1	0	0.0	False			RNA-Seq|TRANSCRIPTOMIC|cDNA	bulk RNA-seq
PRJNA1142567	6	6	6	1	True	1	0	0.0	False			RNA-Seq|TRANSCRIPTOMIC|cDNA	bulk RNA-seq
PRJNA1143561	6	6	6	1	True	1	0	0.0	False			RNA-Seq|TRANSCRIPTOMIC|cDNA	bulk RNA-seq
PRJNA1143562	6	6	6	1	True	1	0	0.0	False			RNA-Seq|TRANSCRIPTOMIC|cDNA	bulk RNA-seq
PRJNA1144343	6	6	6	1	True	1	0	0.0	False			RNA-Seq|TRANSCRIPTOMIC|cDNA	bulk RNA-seq
PRJNA1145353	6	6	6	1	True	1	1	1.0	False		6.0	RNA-Seq|TRANSCRIPTOMIC|cDNA	polyA selected RNA-seq
PRJNA1145872	6	6	12	2	False	1	0	0.0	False			RNA-Seq|TRANSCRIPTOMIC SINGLE CELL|cDNA	SPLiT-seq
PRJNA1146416	6	6	12	2	False	1	0	0.0	False			RNA-Seq|TRANSCRIPTOMIC SINGLE CELL|cDNA	10x Genomics Chromium
PRJNA1146740	6	6	6	1	True	1	0	0.0	False			RNA-Seq|TRANSCRIPTOMIC|cDNA	bulk RNA-seq
PRJNA1148977	6	6	6	1	True	1	0	0.0	False			RNA-Seq|TRANSCRIPTOMIC|cDNA	bulk RNA-seq
PRJNA1153608	6	6	6	1	True	1	1	1.0	False		6.0	RNA-Seq|TRANSCRIPTOMIC|cDNA	bulk RNA-seq
PRJNA1154689	6	6	6	1	True	1	0	0.0	False			OTHER|GENOMIC|other	bulk RNA-seq
PRJNA1154690	6	6	6	1	True	1	0	0.0	False			MeDIP-Seq|GENOMIC|5-methylcytidine antibody	bulk RNA-seq
PRJNA1156232	6	6	13	3	False	1	3	1.0	False		2.0	RNA-Seq|TRANSCRIPTOMIC SINGLE CELL|cDNA	10x Genomics Chromium
PRJNA1156551	6	6	6	1	True	1	0	0.0	False			RNA-Seq|TRANSCRIPTOMIC|cDNA	bulk RNA-seq
PRJNA1158778	6	6	12	2	False	1	0	0.0	False			RNA-Seq|TRANSCRIPTOMIC SINGLE CELL|cDNA	single nucleus RNA-seq
PRJNA1158782	6	6	6	1	True	1	0	0.0	False			RNA-Seq|TRANSCRIPTOMIC|cDNA	bulk RNA-seq
PRJNA1158812	6	6	6	1	True	1	0	0.0	False			RNA-Seq|TRANSCRIPTOMIC|cDNA	bulk RNA-seq
PRJNA1158814	6	6	6	1	True	1	0	0.0	False			RNA-Seq|TRANSCRIPTOMIC SINGLE CELL|cDNA	10x Genomics Chromium
PRJNA1159387	6	6	6	1	True	1	0	0.0	False			RNA-Seq|TRANSCRIPTOMIC|cDNA	bulk RNA-seq
PRJNA1159703	6	6	6	1	True	1	0	0.0	False			RNA-Seq|TRANSCRIPTOMIC|cDNA	bulk RNA-seq
PRJNA1160318	6	6	6	1	True	1	1	1.0	False		6.0	RNA-Seq|TRANSCRIPTOMIC|cDNA	bulk RNA-seq
PRJNA1161575	6	6	6	1	True	1	0	0.0	False			RNA-Seq|TRANSCRIPTOMIC|cDNA	bulk RNA-seq
PRJNA1162890	6	6	6	1	True	1	0	0.0	False			RNA-Seq|TRANSCRIPTOMIC|cDNA	bulk RNA-seq
PRJNA1163527	6	6	6	1	True	1	0	0.0	False			RNA-Seq|TRANSCRIPTOMIC|cDNA_oligo_dT	bulk RNA-seq
PRJNA1164022	6	6	6	1	True	1	0	0.0	False			RNA-Seq|TRANSCRIPTOMIC|cDNA_oligo_dT	bulk RNA-seq
PRJNA1164806	6	6	6	1	True	1	0	0.0	False			RNA-Seq|TRANSCRIPTOMIC|cDNA	bulk RNA-seq
PRJNA1165159	6	6	6	1	True	1	0	0.0	False			RNA-Seq|TRANSCRIPTOMIC|cDNA	bulk RNA-seq
PRJNA1167243	6	6	6	1	True	1	0	0.0	False			RNA-Seq|TRANSCRIPTOMIC|cDNA	bulk RNA-seq
PRJNA1167264	6	6	6	1	True	1	0	0.0	False			RNA-Seq|TRANSCRIPTOMIC|cDNA	bulk RNA-seq
PRJNA1168113	6	6	6	1	True	1	0	0.0	False			RNA-Seq|TRANSCRIPTOMIC|PolyA	bulk RNA-seq
PRJNA1168148	6	6	6	1	True	1	0	0.0	False			RNA-Seq|TRANSCRIPTOMIC|cDNA	bulk RNA-seq
PRJNA1169853	6	6	17	5	False	1	0	0.0	False			RNA-Seq|TRANSCRIPTOMIC|cDNA	bulk RNA-seq
PRJNA1170348	6	6	6	1	True	1	0	0.0	False			RNA-Seq|TRANSCRIPTOMIC|cDNA	bulk RNA-seq
PRJNA1171320	6	6	6	1	True	1	0	0.0	False			RNA-Seq|TRANSCRIPTOMIC|cDNA	bulk RNA-seq
PRJNA1175381	6	6	6	1	True	1	0	0.0	False			RNA-Seq|TRANSCRIPTOMIC|cDNA	bulk RNA-seq
PRJNA1175432	6	6	6	1	True	1	0	0.0	False			RNA-Seq|TRANSCRIPTOMIC|cDNA	bulk RNA-seq
PRJNA1176025	6	6	6	1	True	1	0	0.0	False			RNA-Seq|TRANSCRIPTOMIC|cDNA	bulk RNA-seq
PRJNA1176179	6	6	6	1	True	1	0	0.0	False			RNA-Seq|TRANSCRIPTOMIC|cDNA	bulk RNA-seq
PRJNA1176845	6	6	6	1	True	1	0	0.0	False			RNA-Seq|TRANSCRIPTOMIC|cDNA	bulk RNA-seq
PRJNA1177874	6	6	6	1	True	1	0	0.0	False			RNA-Seq|TRANSCRIPTOMIC|cDNA	bulk RNA-seq
PRJNA1177978	6	6	6	1	True	1	0	0.0	False			RNA-Seq|TRANSCRIPTOMIC|cDNA	bulk RNA-seq
PRJNA1179966	6	6	6	1	True	1	0	0.0	False			RNA-Seq|TRANSCRIPTOMIC|cDNA	TruSeq Stranded mRNA
PRJNA1180071	6	6	6	1	True	1	0	0.0	False			RNA-Seq|TRANSCRIPTOMIC SINGLE CELL|cDNA	single nucleus RNA-seq
PRJNA1180580	6	6	6	1	True	1	0	0.0	False			RNA-Seq|TRANSCRIPTOMIC|cDNA	bulk RNA-seq
PRJNA1182730	6	6	6	1	True	1	0	0.0	False			RNA-Seq|TRANSCRIPTOMIC|cDNA	bulk RNA-seq
PRJNA1183310	6	6	6	1	True	1	0	0.0	False			RNA-Seq|TRANSCRIPTOMIC|cDNA	bulk RNA-seq
PRJNA1186074	6	6	6	1	True	1	0	0.0	False			RNA-Seq|TRANSCRIPTOMIC|cDNA	bulk RNA-seq
PRJNA1186955	6	6	6	1	True	1	0	0.0	False			RNA-Seq|TRANSCRIPTOMIC|cDNA	bulk RNA-seq
PRJNA1188032	6	6	6	1	True	1	0	0.0	False			RNA-Seq|TRANSCRIPTOMIC|cDNA	bulk RNA-seq
PRJNA1189474	6	6	6	1	True	1	0	0.0	False			RNA-Seq|TRANSCRIPTOMIC|PolyA	bulk RNA-seq
PRJNA1190427	6	6	6	1	True	1	0	0.0	False			RNA-Seq|TRANSCRIPTOMIC|cDNA	bulk RNA-seq
PRJNA1191481	6	6	6	1	True	1	0	0.0	False			RNA-Seq|TRANSCRIPTOMIC SINGLE CELL|cDNA	inDrop
PRJNA1193553	6	6	6	1	True	1	0	0.0	False			RNA-Seq|TRANSCRIPTOMIC|cDNA	bulk RNA-seq
PRJNA1198939	6	6	6	1	True	1	0	0.0	False			RNA-Seq|TRANSCRIPTOMIC|cDNA	bulk RNA-seq
PRJNA1201116	6	6	6	1	True	1	0	0.0	False			RNA-Seq|TRANSCRIPTOMIC|cDNA	TruSeq Stranded mRNA
PRJNA1201126	6	6	6	1	True	1	0	0.0	False			RNA-Seq|TRANSCRIPTOMIC|cDNA	bulk RNA-seq
PRJNA1202145	6	6	24	4	False	1	0	0.0	False			RNA-Seq|TRANSCRIPTOMIC|cDNA	bulk RNA-seq
PRJNA1203254	6	6	6	1	True	1	0	0.0	False			RNA-Seq|TRANSCRIPTOMIC|cDNA	bulk RNA-seq
PRJNA1204119	6	6	18	4	False	1	0	0.0	False			RNA-Seq|TRANSCRIPTOMIC SINGLE CELL|cDNA	10x Genomics Chromium
PRJNA1210535	6	6	7	2	False	1	0	0.0	False			RNA-Seq|TRANSCRIPTOMIC SINGLE CELL|cDNA	single nucleus RNA-seq
PRJNA1211501	6	6	6	1	True	1	0	0.0	False			RNA-Seq|TRANSCRIPTOMIC|cDNA	bulk RNA-seq
PRJNA1213701	6	6	6	1	True	1	0	0.0	False			RNA-Seq|TRANSCRIPTOMIC|cDNA	bulk RNA-seq
PRJNA1214247	6	6	6	1	True	1	0	0.0	False			RNA-Seq|TRANSCRIPTOMIC|cDNA	TruSeq Stranded mRNA
PRJNA1214733	6	6	6	1	True	1	6	1.0	False		1.0	RNA-Seq|TRANSCRIPTOMIC|cDNA	bulk RNA-seq
PRJNA1217822	6	6	6	1	True	1	0	0.0	False			RNA-Seq|TRANSCRIPTOMIC|cDNA	bulk RNA-seq
PRJNA1218007	6	6	6	1	True	1	0	0.0	False			RNA-Seq|TRANSCRIPTOMIC|PolyA	bulk RNA-seq
PRJNA1219065	6	6	6	1	True	1	0	0.0	False			RNA-Seq|TRANSCRIPTOMIC|cDNA	bulk RNA-seq
PRJNA1219195	6	6	6	1	True	1	0	0.0	False			RNA-Seq|TRANSCRIPTOMIC|cDNA	bulk RNA-seq
PRJNA1219754	6	6	6	1	True	1	0	0.0	False			RNA-Seq|TRANSCRIPTOMIC|cDNA	bulk RNA-seq
PRJNA1219998	6	6	6	1	True	1	0	0.0	False			RNA-Seq|TRANSCRIPTOMIC|cDNA	bulk RNA-seq
PRJNA1221882	6	6	6	1	True	1	0	0.0	False			RNA-Seq|TRANSCRIPTOMIC|cDNA	TruSeq Stranded mRNA
PRJNA1222829	6	6	6	1	True	1	0	0.0	False			RNA-Seq|TRANSCRIPTOMIC|cDNA	TruSeq Stranded mRNA
PRJNA1223441	6	6	6	1	True	1	0	0.0	False			RNA-Seq|TRANSCRIPTOMIC|cDNA	bulk RNA-seq
PRJNA1224834	6	6	6	1	True	1	0	0.0	False			RNA-Seq|TRANSCRIPTOMIC|cDNA	bulk RNA-seq
PRJNA1225193	6	6	11	2	False	1	0	0.0	False			RNA-Seq|TRANSCRIPTOMIC SINGLE CELL|cDNA	10x Genomics Chromium
PRJNA1226224	6	6	6	1	True	1	0	0.0	False			RNA-Seq|TRANSCRIPTOMIC|cDNA	bulk RNA-seq
PRJNA1226225	6	6	6	1	True	1	0	0.0	False			RNA-Seq|TRANSCRIPTOMIC|cDNA	bulk RNA-seq
PRJNA1226579	6	6	6	1	True	1	2	1.0	False		3.0	RNA-Seq|GENOMIC SINGLE CELL|RANDOM	BD Rhapsody
PRJNA1227558	6	6	6	1	True	1	0	0.0	False			RNA-Seq|TRANSCRIPTOMIC|cDNA	bulk RNA-seq
PRJNA1228033	6	6	6	1	True	1	0	0.0	False			RNA-Seq|TRANSCRIPTOMIC|cDNA	bulk RNA-seq
PRJNA1228135	6	6	6	1	True	1	0	0.0	False			RNA-Seq|TRANSCRIPTOMIC|cDNA	bulk RNA-seq
PRJNA1228641	6	6	6	1	True	1	0	0.0	False			RNA-Seq|TRANSCRIPTOMIC SINGLE CELL|cDNA	10x Genomics Chromium
PRJNA1228958	6	6	6	1	True	1	0	0.0	False			RNA-Seq|TRANSCRIPTOMIC|cDNA	bulk RNA-seq
PRJNA1231384	6	6	6	1	True	1	0	0.0	False			RNA-Seq|TRANSCRIPTOMIC|RT-PCR	bulk RNA-seq
PRJNA1234169	6	6	6	1	True	1	0	0.0	False			RNA-Seq|TRANSCRIPTOMIC|cDNA	bulk RNA-seq
PRJNA1235171	6	6	6	1	True	1	0	0.0	False			RNA-Seq|TRANSCRIPTOMIC|cDNA	bulk RNA-seq
PRJNA1238368	6	6	6	1	True	1	0	0.0	False			RNA-Seq|TRANSCRIPTOMIC|Oligo-dT	bulk RNA-seq
PRJNA1238770	6	6	6	1	True	1	0	0.0	False			RNA-Seq|TRANSCRIPTOMIC|cDNA	bulk RNA-seq
PRJNA1238830	6	6	6	1	True	1	0	0.0	False			RNA-Seq|TRANSCRIPTOMIC|cDNA	bulk RNA-seq
PRJNA1241771	6	6	6	1	True	1	0	0.0	False			RNA-Seq|TRANSCRIPTOMIC|cDNA	bulk RNA-seq
PRJNA1241773	6	6	6	1	True	1	0	0.0	False			RNA-Seq|TRANSCRIPTOMIC|cDNA	bulk RNA-seq
PRJNA1241810	6	6	24	4	False	1	0	0.0	False			RNA-Seq|TRANSCRIPTOMIC|cDNA	bulk RNA-seq
PRJNA1242039	6	6	6	1	True	1	0	0.0	False			RNA-Seq|TRANSCRIPTOMIC|PolyA	bulk RNA-seq
PRJNA1242708	6	6	6	1	True	1	0	0.0	False			RNA-Seq|TRANSCRIPTOMIC|cDNA	bulk RNA-seq
PRJNA1243313	6	6	6	1	True	1	0	0.0	False			RNA-Seq|TRANSCRIPTOMIC|cDNA	bulk RNA-seq
PRJNA1243356	6	6	6	1	True	1	0	0.0	False			RNA-Seq|TRANSCRIPTOMIC SINGLE CELL|cDNA	10x Genomics Chromium
PRJNA1244311	6	6	6	1	True	1	0	0.0	False			RNA-Seq|TRANSCRIPTOMIC SINGLE CELL|cDNA	BD Rhapsody
PRJNA1244312	6	6	6	1	True	1	0	0.0	False			RNA-Seq|TRANSCRIPTOMIC|cDNA	bulk RNA-seq
PRJNA1244320	6	6	15	4	False	2	0	0.0	False			ATAC-seq|GENOMIC SINGLE CELL|other;RNA-Seq|TRANSCRIPTOMIC SINGLE CELL|cDNA	10x Genomics Chromium
PRJNA1248412	6	6	24	4	False	1	0	0.0	False			RNA-Seq|TRANSCRIPTOMIC|cDNA	bulk RNA-seq
PRJNA1248762	6	6	6	1	True	1	0	0.0	False			RNA-Seq|TRANSCRIPTOMIC SINGLE CELL|cDNA	10x Genomics Chromium
PRJNA1248883	6	6	6	1	True	1	0	0.0	False			RNA-Seq|TRANSCRIPTOMIC|cDNA	10x Genomics Chromium
PRJNA1249475	6	6	6	1	True	1	0	0.0	False			RNA-Seq|TRANSCRIPTOMIC|cDNA	bulk RNA-seq
PRJNA1251095	6	6	12	2	False	1	2	1.0	False		3.0	RNA-Seq|TRANSCRIPTOMIC SINGLE CELL|cDNA	10x Genomics Chromium
PRJNA1251573	6	6	6	1	True	1	0	0.0	False			RNA-Seq|TRANSCRIPTOMIC|cDNA	bulk RNA-seq
PRJNA1253542	6	6	6	1	True	1	0	0.0	False			RNA-Seq|TRANSCRIPTOMIC SINGLE CELL|cDNA	single nucleus RNA-seq
PRJNA1253742	6	6	27	8	False	1	0	0.0	False			RNA-Seq|TRANSCRIPTOMIC SINGLE CELL|cDNA	single nucleus RNA-seq
PRJNA1255145	6	6	6	1	True	1	0	0.0	False			RNA-Seq|TRANSCRIPTOMIC|cDNA	bulk RNA-seq
PRJNA1258276	6	6	6	1	True	1	0	0.0	False			RNA-Seq|TRANSCRIPTOMIC|cDNA	bulk RNA-seq
PRJNA1259002	6	6	6	1	True	1	0	0.0	False			RNA-Seq|TRANSCRIPTOMIC|cDNA	bulk RNA-seq
PRJNA1259015	6	6	6	1	True	1	0	0.0	False			RNA-Seq|TRANSCRIPTOMIC|cDNA	bulk RNA-seq
PRJNA1260980	6	6	6	1	True	1	0	0.0	False			RNA-Seq|TRANSCRIPTOMIC|RACE	TruSeq Stranded mRNA
PRJNA1261791	6	6	6	1	True	1	0	0.0	False			RNA-Seq|TRANSCRIPTOMIC|cDNA	bulk RNA-seq
PRJNA1263189	6	6	6	1	True	1	0	0.0	False			RNA-Seq|TRANSCRIPTOMIC|cDNA	bulk RNA-seq
PRJNA1263769	6	6	6	1	True	1	0	0.0	False			RNA-Seq|TRANSCRIPTOMIC|cDNA	bulk RNA-seq
PRJNA1266167	6	6	6	1	True	1	0	0.0	False			RNA-Seq|TRANSCRIPTOMIC SINGLE CELL|cDNA	10x Genomics Chromium
PRJNA1268586	6	6	6	1	True	1	0	0.0	False			RNA-Seq|TRANSCRIPTOMIC|cDNA	bulk RNA-seq
PRJNA1269093	6	6	6	1	True	1	0	0.0	False			RNA-Seq|TRANSCRIPTOMIC|PolyA	bulk RNA-seq
PRJNA1269941	6	6	6	1	True	1	0	0.0	False			RNA-Seq|TRANSCRIPTOMIC|cDNA	bulk RNA-seq
PRJNA1271536	6	6	6	1	True	1	0	0.0	False			RNA-Seq|TRANSCRIPTOMIC|cDNA	bulk RNA-seq
PRJNA1273283	6	6	6	1	True	1	0	0.0	False			RNA-Seq|TRANSCRIPTOMIC|PCR	TruSeq Stranded mRNA
PRJNA1273625	6	6	6	1	True	1	0	0.0	False			RNA-Seq|TRANSCRIPTOMIC|RANDOM	bulk RNA-seq
PRJNA1274487	6	6	12	2	False	1	0	0.0	False			RNA-Seq|TRANSCRIPTOMIC|cDNA	bulk RNA-seq
PRJNA1275555	6	6	6	1	True	1	0	0.0	False			RNA-Seq|TRANSCRIPTOMIC|RANDOM	bulk RNA-seq
PRJNA1279123	6	6	6	1	True	1	0	0.0	False			RNA-Seq|TRANSCRIPTOMIC|cDNA	bulk RNA-seq
PRJNA1280121	6	6	6	1	True	1	1	1.0	False		6.0	RNA-Seq|TRANSCRIPTOMIC|cDNA	bulk RNA-seq
PRJNA1282222	6	6	6	1	True	1	0	0.0	False			RNA-Seq|TRANSCRIPTOMIC|PolyA	bulk RNA-seq
PRJNA1282645	6	6	6	1	True	1	0	0.0	False			RNA-Seq|TRANSCRIPTOMIC|cDNA	polyA selected RNA-seq
PRJNA1282708	6	6	6	1	True	1	0	0.0	False			RNA-Seq|TRANSCRIPTOMIC|RANDOM PCR	bulk RNA-seq
PRJNA1283084	6	6	6	1	True	1	0	0.0	False			RNA-Seq|TRANSCRIPTOMIC|cDNA	bulk RNA-seq
PRJNA1285383	6	6	6	1	True	1	0	0.0	False			RNA-Seq|TRANSCRIPTOMIC|cDNA	bulk RNA-seq
PRJNA1285841	6	6	6	1	True	1	0	0.0	False			RNA-Seq|TRANSCRIPTOMIC SINGLE CELL|cDNA	10x Genomics Chromium
PRJNA1287484	6	6	12	2	False	1	0	0.0	False			RNA-Seq|TRANSCRIPTOMIC|cDNA	TruSeq Stranded mRNA
PRJNA1289093	6	6	6	1	True	1	0	0.0	False			RNA-Seq|TRANSCRIPTOMIC|PCR	bulk RNA-seq
PRJNA1289816	6	6	6	1	True	1	0	0.0	False			RNA-Seq|TRANSCRIPTOMIC SINGLE CELL|cDNA	10x Genomics Chromium
PRJNA1290103	6	6	6	1	True	1	0	0.0	False			RNA-Seq|TRANSCRIPTOMIC SINGLE CELL|cDNA	10x Genomics Chromium
PRJNA1290106	6	6	6	1	True	1	0	0.0	False			RNA-Seq|TRANSCRIPTOMIC SINGLE CELL|cDNA	single nucleus RNA-seq
PRJNA1290214	6	6	6	1	True	1	0	0.0	False			RNA-Seq|TRANSCRIPTOMIC|cDNA	bulk RNA-seq
PRJNA1290409	6	6	6	1	True	1	0	0.0	False			RNA-Seq|TRANSCRIPTOMIC|cDNA	single nucleus RNA-seq
PRJNA1291633	6	6	6	1	True	1	0	0.0	False			RNA-Seq|TRANSCRIPTOMIC|cDNA	TruSeq Stranded mRNA
PRJNA1292860	6	6	30	5	False	1	0	0.0	False			RNA-Seq|TRANSCRIPTOMIC SINGLE CELL|cDNA	10x Genomics Chromium
PRJNA1292872	6	6	6	1	True	1	0	0.0	False			RNA-Seq|TRANSCRIPTOMIC|cDNA	bulk RNA-seq
PRJNA1293417	6	6	6	1	True	1	0	0.0	False			RNA-Seq|TRANSCRIPTOMIC|cDNA	bulk RNA-seq
PRJNA1293955	6	6	10	2	False	2	0	0.0	False			RNA-Seq|OTHER|cDNA;RNA-Seq|TRANSCRIPTOMIC SINGLE CELL|cDNA	Drop-seq
PRJNA1301122	6	6	6	1	True	1	0	0.0	False			RNA-Seq|TRANSCRIPTOMIC|cDNA	bulk RNA-seq
PRJNA1301129	6	6	6	1	True	1	0	0.0	False			RNA-Seq|TRANSCRIPTOMIC|cDNA	TruSeq Stranded mRNA
PRJNA1301345	6	6	6	1	True	1	0	0.0	False			RNA-Seq|TRANSCRIPTOMIC SINGLE CELL|cDNA	bulk RNA-seq
PRJNA1302379	6	6	7	2	False	1	0	0.0	False			RNA-Seq|TRANSCRIPTOMIC SINGLE CELL|cDNA	single nucleus RNA-seq
PRJNA1303032	6	6	17	4	False	1	2	0.824	False		3.0	RNA-Seq|TRANSCRIPTOMIC SINGLE CELL|cDNA	10x Genomics Chromium
PRJNA1303731	6	6	6	1	True	1	0	0.0	False			RNA-Seq|TRANSCRIPTOMIC|cDNA	bulk RNA-seq
PRJNA1303854	6	6	6	1	True	1	0	0.0	False			RNA-Seq|TRANSCRIPTOMIC|cDNA	polyA selected RNA-seq
PRJNA1304548	6	6	6	1	True	1	0	0.0	False			RNA-Seq|TRANSCRIPTOMIC|cDNA	bulk RNA-seq
PRJNA1305477	6	6	6	1	True	1	0	0.0	False			RNA-Seq|TRANSCRIPTOMIC|cDNA	bulk RNA-seq
PRJNA1306490	6	6	6	1	True	1	0	0.0	False			RNA-Seq|TRANSCRIPTOMIC SINGLE CELL|cDNA	10x Genomics Chromium
PRJNA1307463	6	6	6	1	True	1	4	0.667	False		1.5	RNA-Seq|TRANSCRIPTOMIC SINGLE CELL|cDNA	10x Genomics Chromium
PRJNA1308865	6	6	6	1	True	1	0	0.0	False			RNA-Seq|TRANSCRIPTOMIC|cDNA	bulk RNA-seq
PRJNA1309142	6	6	6	1	True	1	0	0.0	False			RNA-Seq|TRANSCRIPTOMIC|cDNA	bulk RNA-seq
PRJNA1309143	6	6	6	1	True	1	0	0.0	False			RNA-Seq|TRANSCRIPTOMIC|cDNA	bulk RNA-seq
PRJNA1309573	6	6	6	1	True	1	2	1.0	False		3.0	RNA-Seq|TRANSCRIPTOMIC|cDNA	bulk RNA-seq
PRJNA1312054	6	6	6	1	True	1	0	0.0	False			RNA-Seq|TRANSCRIPTOMIC|cDNA	bulk RNA-seq
PRJNA1313105	6	6	6	1	True	1	0	0.0	False			RNA-Seq|TRANSCRIPTOMIC|cDNA	bulk RNA-seq
PRJNA1314792	6	6	6	1	True	2	0	0.0	False			OTHER|OTHER|other;RNA-Seq|TRANSCRIPTOMIC|cDNA	bulk RNA-seq
PRJNA1314816	6	6	6	1	True	2	0	0.0	False			OTHER|OTHER|other;RNA-Seq|TRANSCRIPTOMIC SINGLE CELL|cDNA	10x Genomics Chromium
PRJNA1315188	6	6	6	1	True	1	0	0.0	False			RNA-Seq|TRANSCRIPTOMIC|cDNA	bulk RNA-seq
PRJNA1321772	6	6	6	1	True	1	0	0.0	False			RNA-Seq|TRANSCRIPTOMIC|cDNA	bulk RNA-seq
PRJNA1321879	6	6	6	1	True	1	0	0.0	False			RNA-Seq|TRANSCRIPTOMIC SINGLE CELL|cDNA	10x Genomics Chromium
PRJNA1321899	6	6	14	7	False	1	0	0.0	False			RNA-Seq|TRANSCRIPTOMIC SINGLE CELL|cDNA	10x Genomics Chromium
PRJNA1328722	6	6	6	1	True	1	0	0.0	False			RNA-Seq|TRANSCRIPTOMIC|cDNA	TruSeq Stranded mRNA
PRJNA1334382	6	6	6	1	True	1	0	0.0	False			ATAC-seq|GENOMIC|other	bulk RNA-seq
PRJNA1335162	6	6	12	2	False	1	0	0.0	False			RNA-Seq|TRANSCRIPTOMIC|cDNA	TruSeq Stranded mRNA
PRJNA1335962	6	6	6	1	True	1	0	0.0	False			RNA-Seq|TRANSCRIPTOMIC|cDNA	bulk RNA-seq
PRJNA1336082	6	6	6	1	True	1	0	0.0	False			RNA-Seq|TRANSCRIPTOMIC|cDNA	TruSeq Stranded mRNA
PRJNA1336114	6	6	6	1	True	1	0	0.0	False			RNA-Seq|TRANSCRIPTOMIC|cDNA	bulk RNA-seq
PRJNA1336136	6	6	6	1	True	1	2	0.333	False		3.0	RNA-Seq|TRANSCRIPTOMIC|cDNA	bulk RNA-seq;TruSeq Stranded mRNA
PRJNA1336144	6	6	6	1	True	1	0	0.0	False			RNA-Seq|TRANSCRIPTOMIC|cDNA	bulk RNA-seq
PRJNA1345427	6	6	6	1	True	1	0	0.0	False			RNA-Seq|TRANSCRIPTOMIC|PolyA	TruSeq Stranded mRNA
PRJNA1357856	6	6	6	1	True	1	0	0.0	False			RNA-Seq|TRANSCRIPTOMIC|Oligo-dT	bulk RNA-seq
PRJNA1358258	6	6	6	1	True	1	0	0.0	False			RNA-Seq|TRANSCRIPTOMIC|PolyA	bulk RNA-seq
PRJNA1359393	6	6	6	1	True	1	0	0.0	False			RNA-Seq|TRANSCRIPTOMIC|RT-PCR	TruSeq Stranded mRNA
PRJNA1364873	6	6	6	1	True	1	0	0.0	False			RNA-Seq|TRANSCRIPTOMIC|cDNA	bulk RNA-seq
PRJNA1365166	6	6	6	1	True	1	0	0.0	False			RNA-Seq|TRANSCRIPTOMIC SINGLE CELL|cDNA	10x Genomics Chromium
PRJNA1365216	6	6	6	1	True	1	0	0.0	False			RNA-Seq|TRANSCRIPTOMIC|cDNA	bulk RNA-seq
PRJNA1365219	6	6	6	1	True	1	0	0.0	False			RNA-Seq|TRANSCRIPTOMIC|cDNA	bulk RNA-seq
PRJNA1365222	6	6	6	1	True	1	0	0.0	False			RNA-Seq|TRANSCRIPTOMIC|cDNA	bulk RNA-seq
PRJNA1365854	6	6	6	1	True	1	0	0.0	False			RNA-Seq|TRANSCRIPTOMIC|cDNA	bulk RNA-seq
PRJNA1367503	6	6	6	1	True	1	0	0.0	False			RNA-Seq|TRANSCRIPTOMIC|cDNA	bulk RNA-seq
PRJNA1367753	6	6	6	1	True	1	6	1.0	False		1.0	RNA-Seq|TRANSCRIPTOMIC SINGLE CELL|cDNA	bulk RNA-seq
PRJNA1368989	6	6	6	1	True	1	0	0.0	False			RNA-Seq|TRANSCRIPTOMIC|cDNA	10x Genomics Chromium;bulk RNA-seq
PRJNA1370930	6	6	6	1	True	2	0	0.0	False			RIP-Seq|TRANSCRIPTOMIC|other;RNA-Seq|TRANSCRIPTOMIC|cDNA	bulk RNA-seq
PRJNA1370958	6	6	6	1	True	1	0	0.0	False			RNA-Seq|TRANSCRIPTOMIC SINGLE CELL|cDNA	bulk RNA-seq
PRJNA1370987	6	6	6	1	True	1	0	0.0	False			RNA-Seq|TRANSCRIPTOMIC|cDNA	bulk RNA-seq
PRJNA1372039	6	6	6	1	True	1	0	0.0	False			RNA-Seq|TRANSCRIPTOMIC|cDNA	TruSeq Stranded mRNA
PRJNA1372824	6	6	6	1	True	1	0	0.0	False			RNA-Seq|TRANSCRIPTOMIC|cDNA	bulk RNA-seq
PRJNA1372932	6	12	12	2	False	1	2	1.0	False		3.0	RNA-Seq|TRANSCRIPTOMIC|RANDOM	bulk RNA-seq
PRJNA1373111	6	6	6	1	True	1	0	0.0	False			RNA-Seq|TRANSCRIPTOMIC|cDNA	TruSeq Stranded mRNA
PRJNA1375536	6	6	6	1	True	1	0	0.0	False			RNA-Seq|TRANSCRIPTOMIC|cDNA	bulk RNA-seq
PRJNA1375738	6	6	6	1	True	1	0	0.0	False			RNA-Seq|TRANSCRIPTOMIC|cDNA	bulk RNA-seq
PRJNA1375870	6	6	6	1	True	1	0	0.0	False			RNA-Seq|TRANSCRIPTOMIC SINGLE CELL|cDNA	10x Genomics Chromium
PRJNA1377483	6	6	6	1	True	1	1	1.0	False		6.0	RNA-Seq|TRANSCRIPTOMIC|cDNA	bulk RNA-seq
PRJNA1377571	6	6	6	1	True	1	0	0.0	False			RNA-Seq|TRANSCRIPTOMIC|cDNA	bulk RNA-seq
PRJNA1377803	6	6	6	1	True	1	0	0.0	False			RNA-Seq|TRANSCRIPTOMIC|Oligo-dT	bulk RNA-seq
PRJNA1378836	6	6	16	7	False	1	0	0.0	False			RNA-Seq|TRANSCRIPTOMIC SINGLE CELL|cDNA	10x Genomics Chromium
PRJNA1381336	6	6	6	1	True	1	0	0.0	False			RNA-Seq|TRANSCRIPTOMIC|cDNA	bulk RNA-seq
PRJNA1381354	6	6	6	1	True	1	0	0.0	False			RNA-Seq|TRANSCRIPTOMIC|cDNA	bulk RNA-seq
PRJNA1381724	6	6	6	1	True	1	0	0.0	False			ssRNA-seq|TRANSCRIPTOMIC|cDNA	bulk RNA-seq;polyA selected RNA-seq
PRJNA1387199	6	6	6	1	True	1	0	0.0	False			RNA-Seq|TRANSCRIPTOMIC|cDNA	bulk RNA-seq
PRJNA1390207	6	6	12	2	False	1	0	0.0	False			RNA-Seq|TRANSCRIPTOMIC|cDNA	bulk RNA-seq
PRJNA1390273	6	6	6	1	True	1	0	0.0	False			RNA-Seq|TRANSCRIPTOMIC|cDNA	bulk RNA-seq;polyA selected RNA-seq
PRJNA1391336	6	6	12	2	False	2	0	0.0	False			OTHER|OTHER|other;RNA-Seq|TRANSCRIPTOMIC SINGLE CELL|cDNA	10x Genomics Chromium
PRJNA1391488	6	6	6	1	True	1	0	0.0	False			RNA-Seq|TRANSCRIPTOMIC|cDNA	10x Genomics Chromium;bulk RNA-seq
PRJNA1392643	6	6	6	1	True	1	0	0.0	False			RNA-Seq|TRANSCRIPTOMIC SINGLE CELL|cDNA	10x Genomics Chromium
PRJNA1395699	6	6	6	1	True	1	0	0.0	False			RNA-Seq|TRANSCRIPTOMIC|cDNA	bulk RNA-seq
PRJNA1400066	6	6	6	1	True	1	0	0.0	False			RNA-Seq|TRANSCRIPTOMIC|cDNA	bulk RNA-seq
PRJNA1403399	6	6	6	1	True	1	0	0.0	False			RNA-Seq|TRANSCRIPTOMIC SINGLE CELL|cDNA	10x Genomics Chromium
PRJNA1403409	6	6	6	1	True	1	0	0.0	False			RNA-Seq|TRANSCRIPTOMIC SINGLE CELL|cDNA	10x Genomics Chromium
PRJNA1405506	6	6	6	1	True	1	0	0.0	False			RNA-Seq|TRANSCRIPTOMIC|cDNA	bulk RNA-seq;TruSeq Stranded mRNA
PRJNA1406268	6	6	6	1	True	1	0	0.0	False			RNA-Seq|TRANSCRIPTOMIC|DNase	bulk RNA-seq
PRJNA1406275	6	6	12	2	False	1	0	0.0	False			RNA-Seq|TRANSCRIPTOMIC|cDNA	bulk RNA-seq
PRJNA1406771	6	6	6	1	True	1	0	0.0	False			RNA-Seq|TRANSCRIPTOMIC|cDNA	bulk RNA-seq
PRJNA1416448	6	6	12	2	False	1	5	1.0	False		1.2	RNA-Seq|TRANSCRIPTOMIC|cDNA	bulk RNA-seq
PRJNA1416983	6	6	6	1	True	1	0	0.0	False			RNA-Seq|TRANSCRIPTOMIC|cDNA	bulk RNA-seq
PRJNA1420376	6	6	6	1	True	1	0	0.0	False			RNA-Seq|TRANSCRIPTOMIC|other	bulk RNA-seq
PRJNA1420658	6	6	6	1	True	1	0	0.0	False			RNA-Seq|TRANSCRIPTOMIC|cDNA	bulk RNA-seq
PRJNA1420801	6	6	6	1	True	1	0	0.0	False			RNA-Seq|TRANSCRIPTOMIC|cDNA	bulk RNA-seq
PRJNA1422002	6	6	6	1	True	1	0	0.0	False			RNA-Seq|TRANSCRIPTOMIC|cDNA	bulk RNA-seq
PRJNA1422043	6	6	6	1	True	1	0	0.0	False			RNA-Seq|TRANSCRIPTOMIC SINGLE CELL|cDNA	BD Rhapsody
PRJNA1422613	6	6	6	1	True	1	0	0.0	False			RNA-Seq|TRANSCRIPTOMIC|cDNA	bulk RNA-seq
PRJNA1423319	6	6	6	1	True	1	0	0.0	False			ATAC-seq|GENOMIC|other	bulk RNA-seq
PRJNA1423323	6	6	6	1	True	1	0	0.0	False			RNA-Seq|TRANSCRIPTOMIC|cDNA	bulk RNA-seq
PRJNA1423520	6	6	6	1	True	1	0	0.0	False			OTHER|TRANSCRIPTOMIC|other	bulk RNA-seq
PRJNA1427430	6	6	6	1	True	1	0	0.0	False			RNA-Seq|TRANSCRIPTOMIC|cDNA	bulk RNA-seq
PRJNA1427611	6	6	11	2	False	1	0	0.0	False			RNA-Seq|TRANSCRIPTOMIC SINGLE CELL|cDNA	10x Genomics Chromium;Parse Biosciences
PRJNA1429231	6	6	6	1	True	2	2	0.333	False		3.0	OTHER|TRANSCRIPTOMIC|other;RNA-Seq|TRANSCRIPTOMIC SINGLE CELL|cDNA	10x Genomics Chromium
PRJNA1430239	6	6	6	1	True	1	0	0.0	False			RNA-Seq|TRANSCRIPTOMIC|cDNA	bulk RNA-seq
PRJNA1430561	6	6	12	2	False	1	0	0.0	False			RNA-Seq|TRANSCRIPTOMIC|cDNA	bulk RNA-seq
PRJNA1430714	6	6	6	1	True	1	0	0.0	False			RNA-Seq|TRANSCRIPTOMIC SINGLE CELL|cDNA	10x Genomics Chromium
PRJNA1431941	6	6	6	1	True	1	0	0.0	False			RNA-Seq|TRANSCRIPTOMIC|cDNA	bulk RNA-seq
PRJNA1434018	6	6	6	1	True	1	0	0.0	False			RNA-Seq|TRANSCRIPTOMIC SINGLE CELL|PolyA	10x Genomics Chromium
PRJNA1434373	6	6	6	1	True	1	0	0.0	False			RNA-Seq|TRANSCRIPTOMIC|cDNA	bulk RNA-seq
PRJNA1439735	6	6	6	1	True	1	0	0.0	False			RNA-Seq|TRANSCRIPTOMIC|Oligo-dT	bulk RNA-seq
PRJNA1440408	6	6	6	1	True	1	0	0.0	False			RNA-Seq|TRANSCRIPTOMIC|cDNA	bulk RNA-seq
PRJNA1442651	6	6	6	1	True	1	0	0.0	False			RNA-Seq|TRANSCRIPTOMIC|cDNA	bulk RNA-seq
PRJNA1445961	6	6	6	1	True	1	0	0.0	False			RNA-Seq|TRANSCRIPTOMIC|cDNA	bulk RNA-seq
PRJNA1447366	6	6	6	1	True	1	1	1.0	False		6.0	RNA-Seq|TRANSCRIPTOMIC|cDNA	bulk RNA-seq
PRJNA1449414	6	6	6	1	True	1	0	0.0	False			RNA-Seq|TRANSCRIPTOMIC|cDNA	bulk RNA-seq
PRJNA1453554	6	6	6	1	True	1	0	0.0	False			RNA-Seq|TRANSCRIPTOMIC|cDNA	bulk RNA-seq
PRJNA1456018	6	6	6	1	True	1	0	0.0	False			RNA-Seq|TRANSCRIPTOMIC SINGLE CELL|cDNA	10x Genomics Chromium
PRJNA1457402	6	6	6	1	True	1	0	0.0	False			RNA-Seq|TRANSCRIPTOMIC|cDNA	bulk RNA-seq
PRJNA1461992	6	6	18	3	False	1	0	0.0	False			RNA-Seq|TRANSCRIPTOMIC|cDNA	bulk RNA-seq
PRJNA1462339	6	6	12	2	False	1	0	0.0	False			RNA-Seq|TRANSCRIPTOMIC SINGLE CELL|cDNA	10x Genomics Chromium
PRJNA1466883	6	6	6	1	True	1	0	0.0	False			RNA-Seq|TRANSCRIPTOMIC|cDNA	bulk RNA-seq
PRJNA1466930	6	6	6	1	True	1	0	0.0	False			RNA-Seq|TRANSCRIPTOMIC|cDNA	bulk RNA-seq
PRJNA1468132	6	6	6	1	True	1	6	1.0	False		1.0	RNA-Seq|TRANSCRIPTOMIC|cDNA	bulk RNA-seq
PRJNA1469021	6	6	6	1	True	1	0	0.0	False			RNA-Seq|TRANSCRIPTOMIC|cDNA	bulk RNA-seq
PRJNA1469218	6	6	6	1	True	1	0	0.0	False			RNA-Seq|TRANSCRIPTOMIC|cDNA	bulk RNA-seq
PRJNA1470632	6	6	6	1	True	1	0	0.0	False			RNA-Seq|TRANSCRIPTOMIC|cDNA	bulk RNA-seq
PRJNA1474936	6	6	6	1	True	1	0	0.0	False			RNA-Seq|TRANSCRIPTOMIC|cDNA	bulk RNA-seq
PRJNA1475988	6	6	6	1	True	1	0	0.0	False			RNA-Seq|TRANSCRIPTOMIC|cDNA	bulk RNA-seq
PRJNA1476180	6	6	6	1	True	1	0	0.0	False			OTHER|TRANSCRIPTOMIC|other	bulk RNA-seq
PRJNA1477429	6	6	6	1	True	1	1	1.0	False		6.0	RNA-Seq|TRANSCRIPTOMIC|cDNA	bulk RNA-seq
PRJNA1478543	6	6	6	1	True	1	0	0.0	False			RNA-Seq|TRANSCRIPTOMIC|cDNA	bulk RNA-seq
PRJNA1478986	6	6	6	1	True	1	0	0.0	False			RNA-Seq|TRANSCRIPTOMIC|cDNA	TruSeq Stranded mRNA
PRJNA1479427	6	6	6	1	True	1	0	0.0	False			RNA-Seq|TRANSCRIPTOMIC SINGLE CELL|cDNA	10x Genomics Chromium
PRJNA1480942	6	6	6	1	True	1	0	0.0	False			RNA-Seq|TRANSCRIPTOMIC|cDNA	10x Genomics Chromium
PRJNA1484487	6	6	6	1	True	1	0	0.0	False			RNA-Seq|TRANSCRIPTOMIC SINGLE CELL|cDNA	single nucleus RNA-seq
PRJNA1492482	6	6	15	4	False	1	0	0.0	False			RNA-Seq|TRANSCRIPTOMIC SINGLE CELL|cDNA	10x Genomics Chromium;bulk RNA-seq
PRJNA1492484	6	6	6	1	True	1	0	0.0	False			RNA-Seq|TRANSCRIPTOMIC|cDNA	10x Genomics Chromium;bulk RNA-seq
PRJNA1492514	6	6	6	1	True	1	1	1.0	False		6.0	RNA-Seq|TRANSCRIPTOMIC|cDNA	bulk RNA-seq
PRJNA1498027	6	6	6	1	True	1	0	0.0	False			RNA-Seq|TRANSCRIPTOMIC|cDNA	bulk RNA-seq
PRJNA1501886	6	6	6	1	True	1	0	0.0	False			RNA-Seq|TRANSCRIPTOMIC|cDNA	bulk RNA-seq
PRJNA276978	6	6	6	1	True	1	0	0.0	False			RNA-Seq|TRANSCRIPTOMIC|cDNA	TruSeq Stranded mRNA
PRJNA301063	6	6	6	1	True	1	0	0.0	False			RNA-Seq|TRANSCRIPTOMIC|cDNA	polyA selected RNA-seq
PRJNA306479	6	6	6	1	True	1	0	0.0	False			RNA-Seq|TRANSCRIPTOMIC|cDNA	TruSeq Stranded mRNA
PRJNA311724	6	6	6	1	True	1	0	0.0	False			RNA-Seq|TRANSCRIPTOMIC|cDNA	bulk RNA-seq
PRJNA323370	6	6	6	1	True	1	1	1.0	False		6.0	RNA-Seq|TRANSCRIPTOMIC|cDNA	Drop-seq
PRJNA328774	6	6	19	4	False	1	0	0.0	False			RNA-Seq|TRANSCRIPTOMIC|cDNA	inDrop
PRJNA358677	6	6	6	1	True	1	0	0.0	False			RNA-Seq|TRANSCRIPTOMIC|cDNA	bulk RNA-seq
PRJNA389312	6	6	6	1	True	1	0	0.0	False			RNA-Seq|TRANSCRIPTOMIC|cDNA	TruSeq Stranded mRNA
PRJNA391516	6	6	6	1	True	1	0	0.0	False			RNA-Seq|TRANSCRIPTOMIC|cDNA	Drop-seq
PRJNA393429	6	6	16	4	False	1	0	0.0	False			RNA-Seq|TRANSCRIPTOMIC|cDNA	inDrop
PRJNA395897	6	6	6	1	True	1	0	0.0	False			RNA-Seq|TRANSCRIPTOMIC|cDNA	Drop-seq
PRJNA399093	6	6	6	1	True	1	0	0.0	False			RNA-Seq|TRANSCRIPTOMIC|cDNA	TruSeq Stranded mRNA
PRJNA403840	6	6	6	1	True	1	0	0.0	False			RNA-Seq|TRANSCRIPTOMIC|cDNA	TruSeq Stranded mRNA
PRJNA411878	6	6	6	1	True	1	3	1.0	False		2.0	RNA-Seq|TRANSCRIPTOMIC|cDNA	10x Genomics Chromium
PRJNA413606	6	6	6	1	True	1	0	0.0	False			RNA-Seq|TRANSCRIPTOMIC|cDNA	TruSeq Stranded mRNA
PRJNA417168	6	6	6	1	True	1	6	1.0	False		1.0	RNA-Seq|TRANSCRIPTOMIC|cDNA	bulk RNA-seq
PRJNA428246	6	6	6	1	True	1	0	0.0	False			RNA-Seq|TRANSCRIPTOMIC|cDNA	TruSeq Stranded mRNA
PRJNA434173	6	6	6	1	True	1	0	0.0	False			RNA-Seq|TRANSCRIPTOMIC|cDNA	polyA selected RNA-seq
PRJNA434658	6	6	19	14	False	1	0	0.0	False			RNA-Seq|TRANSCRIPTOMIC|cDNA	SPLiT-seq
PRJNA435940	6	6	10	2	False	1	0	0.0	False			RNA-Seq|TRANSCRIPTOMIC|cDNA	Drop-seq
PRJNA436922	6	6	6	1	True	1	0	0.0	False			RNA-Seq|TRANSCRIPTOMIC|cDNA	bulk RNA-seq
PRJNA438589	6	6	6	1	True	1	0	0.0	False			RNA-Seq|TRANSCRIPTOMIC|cDNA	polyA selected RNA-seq
PRJNA450034	6	6	6	1	True	1	0	0.0	False			RNA-Seq|TRANSCRIPTOMIC|cDNA	10x Genomics Chromium
PRJNA451019	6	6	6	1	True	1	0	0.0	False			RNA-Seq|TRANSCRIPTOMIC|cDNA	TruSeq Stranded mRNA
PRJNA451022	6	6	6	1	True	1	0	0.0	False			RNA-Seq|TRANSCRIPTOMIC|cDNA	TruSeq Stranded mRNA
PRJNA453989	6	6	6	1	True	1	0	0.0	False			RNA-Seq|TRANSCRIPTOMIC|cDNA	TruSeq Stranded mRNA
PRJNA477354	6	6	6	1	True	1	0	0.0	False			RNA-Seq|TRANSCRIPTOMIC|cDNA	bulk RNA-seq
PRJNA477844	6	6	6	1	True	1	0	0.0	False			RNA-Seq|TRANSCRIPTOMIC|cDNA	bulk RNA-seq
PRJNA488552	6	6	6	1	True	1	0	0.0	False			OTHER|TRANSCRIPTOMIC|other	Drop-seq
PRJNA489172	6	6	6	1	True	1	1	0.333	False		6.0	RNA-Seq|TRANSCRIPTOMIC|PCR	TruSeq Stranded mRNA
PRJNA490830	6	6	6	1	True	1	0	0.0	False			RNA-Seq|TRANSCRIPTOMIC|cDNA	Drop-seq
PRJNA493298	6	6	10	2	False	1	0	0.0	False			RNA-Seq|TRANSCRIPTOMIC|cDNA	inDrop
PRJNA495816	6	6	6	1	True	1	0	0.0	False			RNA-Seq|TRANSCRIPTOMIC|cDNA	bulk RNA-seq
PRJNA497072	6	6	6	1	True	1	0	0.0	False			RNA-Seq|TRANSCRIPTOMIC|cDNA	bulk RNA-seq
PRJNA497376	6	6	6	1	True	1	0	0.0	False			RNA-Seq|TRANSCRIPTOMIC|cDNA	bulk RNA-seq
PRJNA497905	6	6	6	1	True	1	0	0.0	False			RNA-Seq|TRANSCRIPTOMIC|cDNA	Chromium Single Cell 5'
PRJNA499120	6	6	12	2	False	1	0	0.0	False			RNA-Seq|TRANSCRIPTOMIC|cDNA	TruSeq Stranded mRNA
PRJNA499121	6	6	12	2	False	1	0	0.0	False			RNA-Seq|TRANSCRIPTOMIC|cDNA	TruSeq Stranded mRNA
PRJNA504887	6	6	6	1	True	1	1	1.0	False		6.0	RNA-Seq|TRANSCRIPTOMIC|cDNA	bulk RNA-seq
PRJNA508630	6	6	30	8	False	1	0	0.0	False			RNA-Seq|TRANSCRIPTOMIC|cDNA	Drop-seq
PRJNA509908	6	6	6	1	True	1	1	0.167	False		6.0	RNA-Seq|TRANSCRIPTOMIC|cDNA	TruSeq Stranded mRNA
PRJNA511608	6	6	12	4	False	1	0	0.0	False			RNA-Seq|TRANSCRIPTOMIC|cDNA	bulk RNA-seq
PRJNA512615	6	6	6	1	True	1	3	1.0	False		2.0	RNA-Seq|TRANSCRIPTOMIC|cDNA	bulk RNA-seq
PRJNA526451	6	6	6	1	True	1	0	0.0	False			RNA-Seq|TRANSCRIPTOMIC|cDNA	TruSeq Stranded mRNA
PRJNA527353	6	6	6	1	True	1	0	0.0	False			RNA-Seq|TRANSCRIPTOMIC|cDNA	bulk RNA-seq
PRJNA530279	6	6	6	1	True	1	0	0.0	False			RNA-Seq|TRANSCRIPTOMIC|cDNA	bulk RNA-seq
PRJNA530993	6	6	22	4	False	1	0	0.0	False			RNA-Seq|TRANSCRIPTOMIC|cDNA	TruSeq Stranded mRNA
PRJNA540843	6	6	96	16	False	1	0	0.0	False			RNA-Seq|TRANSCRIPTOMIC|cDNA	10x Genomics Chromium
PRJNA541133	6	6	6	1	True	1	0	0.0	False			RNA-Seq|TRANSCRIPTOMIC|cDNA	bulk RNA-seq
PRJNA543482	6	6	6	1	True	1	0	0.0	False			RNA-Seq|TRANSCRIPTOMIC|cDNA	TruSeq Stranded mRNA
PRJNA551752	6	6	6	1	True	1	0	0.0	False			RNA-Seq|TRANSCRIPTOMIC|cDNA	Drop-seq;single nucleus RNA-seq
PRJNA556612	6	6	6	1	True	1	0	0.0	False			RNA-Seq|TRANSCRIPTOMIC|cDNA	Drop-seq
PRJNA556614	6	6	6	1	True	1	0	0.0	False			RNA-Seq|TRANSCRIPTOMIC|cDNA	Drop-seq
PRJNA557212	6	6	12	2	False	1	0	0.0	False			RNA-Seq|TRANSCRIPTOMIC|cDNA	bulk RNA-seq
PRJNA558392	6	6	36	8	False	2	0	0.0	False			OTHER|TRANSCRIPTOMIC|other;RNA-Seq|TRANSCRIPTOMIC|cDNA	BD Rhapsody
PRJNA561837	6	6	6	1	True	1	0	0.0	False			RNA-Seq|TRANSCRIPTOMIC|cDNA	TruSeq Stranded mRNA
PRJNA562595	6	6	6	1	True	1	0	0.0	False			RIP-Seq|TRANSCRIPTOMIC|other	TruSeq Stranded mRNA
PRJNA565168	6	6	6	1	True	1	0	0.0	False			RNA-Seq|TRANSCRIPTOMIC|cDNA	TruSeq Stranded mRNA
PRJNA576049	6	6	6	1	True	1	0	0.0	False			RNA-Seq|TRANSCRIPTOMIC|cDNA	TruSeq Stranded mRNA
PRJNA596378	6	6	48	8	False	1	1	0.167	False		6.0	RNA-Seq|TRANSCRIPTOMIC|cDNA	single nucleus RNA-seq
PRJNA596993	6	6	6	1	True	1	1	0.167	False		6.0	RNA-Seq|TRANSCRIPTOMIC|cDNA	Drop-seq
PRJNA597339	6	6	6	1	True	1	0	0.0	False			RNA-Seq|TRANSCRIPTOMIC|cDNA	Drop-seq
PRJNA597608	6	6	6	1	True	1	0	0.0	False			RNA-Seq|TRANSCRIPTOMIC|RT-PCR	TruSeq Stranded mRNA
PRJNA600838	6	6	6	1	True	1	0	0.0	False			RNA-Seq|TRANSCRIPTOMIC|cDNA	TruSeq Stranded mRNA
PRJNA603460	6	6	24	4	False	1	0	0.0	False			RNA-Seq|TRANSCRIPTOMIC|cDNA	TruSeq Stranded mRNA
PRJNA604055	6	6	6	1	True	1	0	0.0	False			RNA-Seq|TRANSCRIPTOMIC|RT-PCR	single nucleus RNA-seq
PRJNA605428	6	6	6	1	True	1	0	0.0	False			RNA-Seq|TRANSCRIPTOMIC|cDNA	TruSeq Stranded mRNA
PRJNA606573	6	6	6	1	True	1	0	0.0	False			RNA-Seq|TRANSCRIPTOMIC|cDNA	bulk RNA-seq
PRJNA611977	6	6	6	1	True	1	0	0.0	False			RNA-Seq|TRANSCRIPTOMIC|cDNA	Drop-seq
PRJNA613077	6	6	12	2	False	1	0	0.0	False			RNA-Seq|TRANSCRIPTOMIC|cDNA	single nucleus RNA-seq
PRJNA613291	6	6	17	4	False	1	0	0.0	False			RNA-Seq|TRANSCRIPTOMIC|cDNA	inDrop
PRJNA615168	6	6	62	11	False	1	0	0.0	False			RNA-Seq|TRANSCRIPTOMIC|cDNA	Drop-seq
PRJNA623511	6	6	6	1	True	1	0	0.0	False			RNA-Seq|TRANSCRIPTOMIC|cDNA	bulk RNA-seq
PRJNA631011	6	6	10	3	False	1	0	0.0	False			OTHER|TRANSCRIPTOMIC|other	BD Rhapsody
PRJNA631015	6	6	12	4	False	2	0	0.0	False			ATAC-seq|GENOMIC|other;RNA-Seq|TRANSCRIPTOMIC|cDNA	single nucleus RNA-seq
PRJNA631535	6	6	6	1	True	1	0	0.0	False			RNA-Seq|TRANSCRIPTOMIC|cDNA	polyA selected RNA-seq
PRJNA634559	6	6	6	1	True	1	0	0.0	False			RNA-Seq|TRANSCRIPTOMIC|cDNA	bulk RNA-seq
PRJNA635609	6	6	6	1	True	1	0	0.0	False			RNA-Seq|TRANSCRIPTOMIC|cDNA	bulk RNA-seq
PRJNA639791	6	6	6	1	True	1	0	0.0	False			RNA-Seq|TRANSCRIPTOMIC|cDNA	bulk RNA-seq
PRJNA640648	6	6	6	1	True	1	0	0.0	False			RNA-Seq|TRANSCRIPTOMIC|cDNA	Drop-seq
PRJNA644625	6	6	12	2	False	1	0	0.0	False			RNA-Seq|TRANSCRIPTOMIC|cDNA	bulk RNA-seq
PRJNA645181	6	6	30	8	False	1	0	0.0	False			RNA-Seq|TRANSCRIPTOMIC|cDNA	bulk RNA-seq
PRJNA645887	6	6	6	1	True	1	0	0.0	False			RNA-Seq|TRANSCRIPTOMIC|RT-PCR	TruSeq Stranded mRNA
PRJNA646514	6	6	6	1	True	1	0	0.0	False			RNA-Seq|TRANSCRIPTOMIC|cDNA	bulk RNA-seq
PRJNA648913	6	6	6	1	True	1	3	0.5	False		2.0	RNA-Seq|TRANSCRIPTOMIC|cDNA	TruSeq Stranded mRNA
PRJNA649208	6	6	6	1	True	1	0	0.0	False			RNA-Seq|TRANSCRIPTOMIC|cDNA	TruSeq Stranded mRNA
PRJNA649447	6	6	6	1	True	1	0	0.0	False			RNA-Seq|TRANSCRIPTOMIC|cDNA	bulk RNA-seq
PRJNA649796	6	6	6	1	True	1	0	0.0	False			RNA-Seq|TRANSCRIPTOMIC|cDNA	bulk RNA-seq
PRJNA649972	6	6	30	8	False	1	0	0.0	False			RNA-Seq|TRANSCRIPTOMIC|cDNA	Drop-seq
PRJNA650118	6	6	6	1	True	1	0	0.0	False			RNA-Seq|TRANSCRIPTOMIC|cDNA	bulk RNA-seq
PRJNA657520	6	6	6	1	True	1	0	0.0	False			RNA-Seq|TRANSCRIPTOMIC|cDNA	bulk RNA-seq
PRJNA662526	6	6	6	1	True	1	0	0.0	False			RNA-Seq|TRANSCRIPTOMIC|cDNA	bulk RNA-seq
PRJNA663610	6	6	6	1	True	1	0	0.0	False			RNA-Seq|TRANSCRIPTOMIC|cDNA	bulk RNA-seq
PRJNA663959	6	6	6	1	True	1	0	0.0	False			RNA-Seq|TRANSCRIPTOMIC|cDNA	bulk RNA-seq
PRJNA663963	6	6	6	1	True	1	0	0.0	False			RNA-Seq|TRANSCRIPTOMIC|cDNA	TruSeq Stranded mRNA
PRJNA666415	6	6	6	1	True	1	0	0.0	False			RNA-Seq|TRANSCRIPTOMIC|cDNA	bulk RNA-seq
PRJNA668382	6	6	6	1	True	1	0	0.0	False			RNA-Seq|TRANSCRIPTOMIC|cDNA	TruSeq Stranded mRNA
PRJNA670235	6	6	9	4	False	1	0	0.0	False			RNA-Seq|TRANSCRIPTOMIC|cDNA	single nucleus RNA-seq
PRJNA674314	6	6	6	1	True	1	0	0.0	False			RNA-Seq|TRANSCRIPTOMIC|cDNA	single nucleus RNA-seq
PRJNA679961	6	6	6	1	True	1	0	0.0	False			RNA-Seq|TRANSCRIPTOMIC|cDNA	inDrop
PRJNA680768	6	6	6	1	True	1	0	0.0	False			RNA-Seq|TRANSCRIPTOMIC|cDNA	bulk RNA-seq
PRJNA681402	6	6	6	1	True	1	0	0.0	False			RNA-Seq|TRANSCRIPTOMIC|cDNA	TruSeq Stranded mRNA
PRJNA682580	6	6	6	1	True	1	0	0.0	False			RNA-Seq|TRANSCRIPTOMIC|cDNA	bulk RNA-seq
PRJNA684492	6	6	6	1	True	1	0	0.0	False			RNA-Seq|TRANSCRIPTOMIC|cDNA	bulk RNA-seq
PRJNA685104	6	6	6	1	True	1	0	0.0	False			RNA-Seq|TRANSCRIPTOMIC|cDNA	bulk RNA-seq
PRJNA685425	6	6	6	1	True	1	0	0.0	False			RNA-Seq|TRANSCRIPTOMIC|cDNA	bulk RNA-seq
PRJNA685442	6	6	6	1	True	1	0	0.0	False			RNA-Seq|TRANSCRIPTOMIC|cDNA	bulk RNA-seq
PRJNA686873	6	6	12	2	False	1	0	0.0	False			RNA-Seq|TRANSCRIPTOMIC|cDNA	TruSeq Stranded mRNA
PRJNA688758	6	6	6	1	True	1	0	0.0	False			RNA-Seq|TRANSCRIPTOMIC|cDNA	bulk RNA-seq
PRJNA691569	6	18	18	3	False	1	0	0.0	False			RNA-Seq|TRANSCRIPTOMIC SINGLE CELL|cDNA	10x Genomics Chromium
PRJNA692753	6	6	48	8	False	1	0	0.0	False			RNA-Seq|TRANSCRIPTOMIC|cDNA	single nucleus RNA-seq
PRJNA695423	6	6	6	1	True	1	0	0.0	False			RNA-Seq|TRANSCRIPTOMIC|cDNA	TruSeq Stranded mRNA
PRJNA698570	6	6	24	4	False	1	0	0.0	False			RNA-Seq|TRANSCRIPTOMIC|cDNA	10x Genomics Chromium
PRJNA699291	6	6	6	1	True	1	0	0.0	False			RNA-Seq|TRANSCRIPTOMIC|cDNA	polyA selected RNA-seq
PRJNA700646	6	6	6	1	True	1	0	0.0	False			RNA-Seq|TRANSCRIPTOMIC|cDNA	bulk RNA-seq
PRJNA701026	6	6	6	1	True	1	0	0.0	False			RNA-Seq|TRANSCRIPTOMIC|cDNA	bulk RNA-seq
PRJNA701573	6	6	6	1	True	1	0	0.0	False			RNA-Seq|TRANSCRIPTOMIC|cDNA	bulk RNA-seq
PRJNA704068	6	6	6	1	True	1	0	0.0	False			RNA-Seq|TRANSCRIPTOMIC|cDNA	bulk RNA-seq
PRJNA705992	6	6	6	1	True	1	0	0.0	False			RNA-Seq|TRANSCRIPTOMIC|cDNA	bulk RNA-seq
PRJNA706035	6	6	6	1	True	1	0	0.0	False			RNA-Seq|TRANSCRIPTOMIC|RANDOM	bulk RNA-seq
PRJNA706190	6	6	6	1	True	1	0	0.0	False			RNA-Seq|TRANSCRIPTOMIC|cDNA	bulk RNA-seq
PRJNA706664	6	6	24	4	False	1	0	0.0	False			RNA-Seq|TRANSCRIPTOMIC|cDNA	single nucleus RNA-seq
PRJNA714644	6	6	6	1	True	1	0	0.0	False			RNA-Seq|TRANSCRIPTOMIC|cDNA	bulk RNA-seq
PRJNA719740	6	6	22	5	False	1	0	0.0	False			RNA-Seq|TRANSCRIPTOMIC|cDNA	10x Genomics Chromium
PRJNA720547	6	6	6	1	True	1	0	0.0	False			RNA-Seq|TRANSCRIPTOMIC|cDNA	TruSeq Stranded mRNA
PRJNA720700	6	6	6	1	True	1	0	0.0	False			RNA-Seq|TRANSCRIPTOMIC|cDNA	bulk RNA-seq
PRJNA720843	6	6	24	4	False	1	0	0.0	False			RNA-Seq|TRANSCRIPTOMIC|cDNA	bulk RNA-seq
PRJNA721197	6	6	15	4	False	1	0	0.0	False			RNA-Seq|TRANSCRIPTOMIC|cDNA	bulk RNA-seq
PRJNA724998	6	6	6	1	True	1	0	0.0	False			RNA-Seq|TRANSCRIPTOMIC|cDNA	TruSeq Stranded mRNA
PRJNA725423	6	6	6	1	True	1	0	0.0	False			RNA-Seq|TRANSCRIPTOMIC|cDNA	bulk RNA-seq
PRJNA728884	6	6	6	1	True	1	0	0.0	False			RNA-Seq|TRANSCRIPTOMIC|cDNA	TruSeq Stranded mRNA
PRJNA729749	6	6	24	4	False	1	0	0.0	False			RNA-Seq|TRANSCRIPTOMIC|cDNA	Drop-seq
PRJNA731036	6	6	6	1	True	1	0	0.0	False			RNA-Seq|TRANSCRIPTOMIC|cDNA	10x Genomics Chromium
PRJNA735721	6	6	6	1	True	2	0	0.0	False			ATAC-seq|GENOMIC|other;RNA-Seq|TRANSCRIPTOMIC|cDNA	10x Genomics Chromium
PRJNA738379	6	6	6	1	True	2	0	0.0	False			RNA-Seq|TRANSCRIPTOMIC SINGLE CELL|cDNA;RNA-Seq|TRANSCRIPTOMIC|cDNA	10x Genomics Chromium
PRJNA744755	6	6	6	1	True	1	0	0.0	False			RNA-Seq|TRANSCRIPTOMIC|cDNA	bulk RNA-seq
PRJNA745684	6	6	24	4	False	1	0	0.0	False			RNA-Seq|TRANSCRIPTOMIC|cDNA	10x Genomics Chromium
PRJNA748073	6	6	6	1	True	1	0	0.0	False			RNA-Seq|TRANSCRIPTOMIC|cDNA	bulk RNA-seq
PRJNA753459	6	6	6	1	True	1	2	1.0	False		3.0	RNA-Seq|TRANSCRIPTOMIC|cDNA	bulk RNA-seq
PRJNA753480	6	6	6	1	True	1	0	0.0	False			RNA-Seq|TRANSCRIPTOMIC|cDNA	bulk RNA-seq
PRJNA753948	6	6	6	1	True	1	0	0.0	False			RNA-Seq|TRANSCRIPTOMIC|cDNA	bulk RNA-seq
PRJNA757403	6	6	6	1	True	1	0	0.0	False			RNA-Seq|TRANSCRIPTOMIC|cDNA	bulk RNA-seq
PRJNA758023	6	6	6	1	True	1	0	0.0	False			RNA-Seq|TRANSCRIPTOMIC|cDNA	TruSeq Stranded mRNA
PRJNA758256	6	6	6	1	True	1	0	0.0	False			RNA-Seq|TRANSCRIPTOMIC|cDNA	bulk RNA-seq
PRJNA760442	6	6	6	1	True	1	0	0.0	False			RNA-Seq|TRANSCRIPTOMIC|cDNA	bulk RNA-seq
PRJNA760767	6	6	12	4	False	2	0	0.0	False			RNA-Seq|TRANSCRIPTOMIC SINGLE CELL|cDNA;RNA-Seq|TRANSCRIPTOMIC|cDNA	10x Genomics Chromium
PRJNA762034	6	6	6	1	True	1	0	0.0	False			RNA-Seq|TRANSCRIPTOMIC|cDNA	single nucleus RNA-seq
PRJNA763194	6	6	24	4	False	1	0	0.0	False			RNA-Seq|TRANSCRIPTOMIC|cDNA	10x Genomics Chromium
PRJNA763603	6	6	6	1	True	1	0	0.0	False			RNA-Seq|TRANSCRIPTOMIC|cDNA	bulk RNA-seq
PRJNA765909	6	6	6	1	True	1	0	0.0	False			RNA-Seq|TRANSCRIPTOMIC|PCR	TruSeq Stranded mRNA
PRJNA767038	6	6	6	1	True	1	0	0.0	False			RNA-Seq|TRANSCRIPTOMIC|cDNA	bulk RNA-seq
PRJNA767708	6	6	6	1	True	1	1	0.167	False		6.0	RNA-Seq|TRANSCRIPTOMIC|cDNA	bulk RNA-seq
PRJNA768443	6	6	6	1	True	1	1	1.0	False		6.0	RNA-Seq|TRANSCRIPTOMIC|cDNA	bulk RNA-seq
PRJNA768793	6	6	6	1	True	1	0	0.0	False			RNA-Seq|TRANSCRIPTOMIC|cDNA	10x Genomics Chromium
PRJNA770747	6	6	6	1	True	1	0	0.0	False			RNA-Seq|GENOMIC|cDNA	bulk RNA-seq
PRJNA772976	6	6	6	1	True	1	0	0.0	False			RNA-Seq|TRANSCRIPTOMIC|cDNA	TruSeq Stranded mRNA
PRJNA773036	6	6	6	1	True	1	0	0.0	False			RNA-Seq|TRANSCRIPTOMIC|cDNA	bulk RNA-seq
PRJNA773064	6	6	6	1	True	1	0	0.0	False			RNA-Seq|TRANSCRIPTOMIC|cDNA	bulk RNA-seq
PRJNA774293	6	6	6	1	True	1	0	0.0	False			RNA-Seq|TRANSCRIPTOMIC|cDNA	10x Genomics Chromium
PRJNA775020	6	6	6	1	True	1	3	1.0	False		2.0	RNA-Seq|TRANSCRIPTOMIC|cDNA	bulk RNA-seq
PRJNA776256	6	6	6	1	True	1	0	0.0	False			RNA-Seq|TRANSCRIPTOMIC|cDNA	bulk RNA-seq
PRJNA777453	6	6	6	1	True	1	3	1.0	False		2.0	RNA-Seq|TRANSCRIPTOMIC|cDNA	bulk RNA-seq
PRJNA777551	6	6	6	1	True	1	0	0.0	False			RNA-Seq|TRANSCRIPTOMIC|cDNA	TruSeq Stranded mRNA
PRJNA778539	6	6	7	2	False	1	0	0.0	False			RNA-Seq|TRANSCRIPTOMIC|cDNA	bulk RNA-seq
PRJNA779049	6	6	12	2	False	1	0	0.0	False			RNA-Seq|TRANSCRIPTOMIC|cDNA	single nucleus RNA-seq
PRJNA779090	6	6	6	1	True	1	0	0.0	False			RNA-Seq|TRANSCRIPTOMIC|cDNA	bulk RNA-seq
PRJNA782007	6	6	6	1	True	1	4	0.667	False		1.5	RNA-Seq|TRANSCRIPTOMIC|cDNA	bulk RNA-seq
PRJNA785803	6	6	6	1	True	1	0	0.0	False			RNA-Seq|TRANSCRIPTOMIC|cDNA	bulk RNA-seq
PRJNA786471	6	6	8	2	False	2	4	0.5	False		1.5	ATAC-seq|GENOMIC|other;RNA-Seq|TRANSCRIPTOMIC|cDNA	10x Genomics Chromium
PRJNA786585	6	6	24	4	False	1	3	1.0	False		2.0	ATAC-seq|GENOMIC|other	bulk RNA-seq
PRJNA787219	6	6	6	1	True	1	0	0.0	False			RNA-Seq|TRANSCRIPTOMIC|cDNA	bulk RNA-seq
PRJNA788621	6	6	48	8	False	1	0	0.0	False			RNA-Seq|TRANSCRIPTOMIC|cDNA	bulk RNA-seq
PRJNA789562	6	6	6	1	True	1	0	0.0	False			RNA-Seq|TRANSCRIPTOMIC|cDNA	TruSeq Stranded mRNA
PRJNA792190	6	6	6	1	True	1	0	0.0	False			RNA-Seq|TRANSCRIPTOMIC|cDNA	bulk RNA-seq
PRJNA794179	6	6	6	1	True	1	0	0.0	False			RNA-Seq|TRANSCRIPTOMIC|cDNA	bulk RNA-seq
PRJNA795189	6	6	6	1	True	1	0	0.0	False			RNA-Seq|TRANSCRIPTOMIC|cDNA	bulk RNA-seq
PRJNA796313	6	6	24	4	False	1	0	0.0	False			RNA-Seq|TRANSCRIPTOMIC|cDNA	bulk RNA-seq
PRJNA799022	6	6	6	1	True	1	0	0.0	False			RNA-Seq|TRANSCRIPTOMIC|cDNA	bulk RNA-seq
PRJNA800006	6	6	6	1	True	1	0	0.0	False			RNA-Seq|TRANSCRIPTOMIC|cDNA	10x Genomics Chromium
PRJNA800776	6	6	6	1	True	1	0	0.0	False			RNA-Seq|TRANSCRIPTOMIC|RANDOM	TruSeq Stranded mRNA
PRJNA802811	6	6	6	1	True	1	0	0.0	False			RNA-Seq|TRANSCRIPTOMIC|cDNA	10x Genomics Chromium
PRJNA803529	6	6	6	1	True	1	0	0.0	False			RNA-Seq|TRANSCRIPTOMIC|cDNA	bulk RNA-seq
PRJNA807153	6	6	6	1	True	1	0	0.0	False			RNA-Seq|TRANSCRIPTOMIC|cDNA	bulk RNA-seq
PRJNA807274	6	6	6	1	True	1	0	0.0	False			RNA-Seq|TRANSCRIPTOMIC|cDNA	bulk RNA-seq
PRJNA807679	6	6	6	1	True	1	0	0.0	False			RNA-Seq|TRANSCRIPTOMIC|cDNA	TruSeq Stranded mRNA
PRJNA809318	6	6	6	1	True	1	1	1.0	False		6.0	RNA-Seq|TRANSCRIPTOMIC|cDNA	bulk RNA-seq
PRJNA810345	6	6	10	2	False	1	2	1.0	False		3.0	RNA-Seq|TRANSCRIPTOMIC|cDNA	10x Genomics Chromium
PRJNA812514	6	6	10	2	False	1	2	1.0	False		3.0	RNA-Seq|TRANSCRIPTOMIC|cDNA	10x Genomics Chromium
PRJNA813505	6	6	6	1	True	1	0	0.0	False			RNA-Seq|TRANSCRIPTOMIC|cDNA	bulk RNA-seq
PRJNA813688	6	6	6	1	True	1	0	0.0	False			RNA-Seq|TRANSCRIPTOMIC|cDNA	bulk RNA-seq
PRJNA814674	6	6	6	1	True	1	0	0.0	False			RNA-Seq|TRANSCRIPTOMIC|cDNA	bulk RNA-seq
PRJNA814690	6	6	12	2	False	1	3	0.5	False		2.0	RNA-Seq|TRANSCRIPTOMIC|cDNA	TruSeq Stranded mRNA
PRJNA814875	6	6	6	1	True	1	0	0.0	False			RNA-Seq|TRANSCRIPTOMIC|cDNA	bulk RNA-seq
PRJNA817218	6	6	6	1	True	1	0	0.0	False			RNA-Seq|TRANSCRIPTOMIC|cDNA	bulk RNA-seq
PRJNA817590	6	6	6	1	True	1	0	0.0	False			RNA-Seq|TRANSCRIPTOMIC|cDNA	10x Genomics Chromium
PRJNA817591	6	6	6	1	True	1	0	0.0	False			RNA-Seq|TRANSCRIPTOMIC|cDNA	10x Genomics Chromium
PRJNA818313	6	6	6	1	True	1	3	0.5	False		2.0	RNA-Seq|TRANSCRIPTOMIC|cDNA	TruSeq Stranded mRNA
PRJNA819963	6	6	11	3	False	1	3	1.0	False		2.0	RNA-Seq|TRANSCRIPTOMIC|cDNA	10x Genomics Chromium
PRJNA820908	6	6	6	1	True	1	0	0.0	False			RNA-Seq|TRANSCRIPTOMIC|cDNA	bulk RNA-seq
PRJNA821187	6	6	6	1	True	1	0	0.0	False			RNA-Seq|TRANSCRIPTOMIC|cDNA	bulk RNA-seq
PRJNA821856	6	6	12	2	False	1	0	0.0	False			RNA-Seq|TRANSCRIPTOMIC|cDNA	bulk RNA-seq
PRJNA822428	6	6	6	1	True	2	0	0.0	False			RNA-Seq|TRANSCRIPTOMIC SINGLE CELL|cDNA;RNA-Seq|TRANSCRIPTOMIC|cDNA	single nucleus RNA-seq
PRJNA824800	6	6	6	1	True	1	0	0.0	False			RNA-Seq|TRANSCRIPTOMIC|cDNA	TruSeq Stranded mRNA
PRJNA825581	6	6	6	1	True	1	0	0.0	False			RNA-Seq|TRANSCRIPTOMIC|cDNA	TruSeq Stranded mRNA
PRJNA826896	6	6	6	1	True	1	0	0.0	False			RNA-Seq|TRANSCRIPTOMIC|cDNA	bulk RNA-seq
PRJNA827150	6	6	12	2	False	1	0	0.0	False			RNA-Seq|TRANSCRIPTOMIC|cDNA	bulk RNA-seq
PRJNA827182	6	6	6	1	True	1	0	0.0	False			RNA-Seq|TRANSCRIPTOMIC|cDNA	bulk RNA-seq
PRJNA831454	6	6	6	1	True	1	0	0.0	False			RNA-Seq|TRANSCRIPTOMIC|cDNA	bulk RNA-seq
PRJNA832614	6	6	24	4	False	1	3	1.0	False		2.0	RNA-Seq|TRANSCRIPTOMIC SINGLE CELL|cDNA	10x Genomics Chromium
PRJNA832690	6	6	6	1	True	1	0	0.0	False			RNA-Seq|TRANSCRIPTOMIC|cDNA	BD Rhapsody
PRJNA833460	6	6	6	1	True	1	0	0.0	False			RNA-Seq|TRANSCRIPTOMIC SINGLE CELL|other	10x Genomics Chromium
PRJNA833946	6	6	6	1	True	1	0	0.0	False			RNA-Seq|TRANSCRIPTOMIC|cDNA	bulk RNA-seq
PRJNA836328	6	6	6	1	True	1	0	0.0	False			RNA-Seq|TRANSCRIPTOMIC|cDNA	single nucleus RNA-seq
PRJNA837182	6	6	6	1	True	1	1	1.0	False		6.0	RNA-Seq|TRANSCRIPTOMIC|cDNA	bulk RNA-seq
PRJNA838955	6	6	12	2	False	1	0	0.0	False			RNA-Seq|TRANSCRIPTOMIC|cDNA	bulk RNA-seq
PRJNA839412	6	6	6	1	True	1	0	0.0	False			RNA-Seq|TRANSCRIPTOMIC|cDNA	bulk RNA-seq
PRJNA839421	6	6	6	1	True	1	0	0.0	False			RNA-Seq|TRANSCRIPTOMIC|cDNA	bulk RNA-seq
PRJNA839615	6	6	12	2	False	1	0	0.0	False			RNA-Seq|TRANSCRIPTOMIC SINGLE CELL|cDNA	10x Genomics Chromium
PRJNA841354	6	6	6	1	True	1	0	0.0	False			RNA-Seq|TRANSCRIPTOMIC|cDNA	TruSeq Stranded mRNA
PRJNA841824	6	6	12	4	False	1	3	0.5	False		2.0	RNA-Seq|TRANSCRIPTOMIC SINGLE CELL|cDNA	10x Genomics Chromium;bulk RNA-seq
PRJNA847451	6	6	6	1	True	1	0	0.0	False			RNA-Seq|TRANSCRIPTOMIC|cDNA	bulk RNA-seq
PRJNA848386	6	6	6	1	True	1	0	0.0	False			RNA-Seq|TRANSCRIPTOMIC|cDNA	bulk RNA-seq
PRJNA849180	6	6	6	1	True	1	0	0.0	False			RNA-Seq|TRANSCRIPTOMIC|cDNA	bulk RNA-seq
PRJNA851253	6	6	6	1	True	1	0	0.0	False			RNA-Seq|TRANSCRIPTOMIC|cDNA	bulk RNA-seq
PRJNA851431	6	6	6	1	True	1	0	0.0	False			RNA-Seq|TRANSCRIPTOMIC|cDNA	bulk RNA-seq
PRJNA853371	6	6	6	1	True	1	0	0.0	False			RNA-Seq|TRANSCRIPTOMIC|cDNA	bulk RNA-seq
PRJNA859126	6	6	6	1	True	1	0	0.0	False			RNA-Seq|TRANSCRIPTOMIC|cDNA	bulk RNA-seq
PRJNA859405	6	6	6	1	True	1	0	0.0	False			RNA-Seq|TRANSCRIPTOMIC|RT-PCR	bulk RNA-seq
PRJNA860355	6	6	6	1	True	1	0	0.0	False			RNA-Seq|TRANSCRIPTOMIC|cDNA	bulk RNA-seq
PRJNA863303	6	6	6	1	True	1	0	0.0	False			RNA-Seq|TRANSCRIPTOMIC|cDNA	bulk RNA-seq
PRJNA863618	6	6	6	1	True	1	0	0.0	False			RNA-Seq|TRANSCRIPTOMIC|cDNA	bulk RNA-seq
PRJNA863624	6	6	6	1	True	1	0	0.0	False			RNA-Seq|TRANSCRIPTOMIC|cDNA	bulk RNA-seq
PRJNA866986	6	6	12	2	False	1	0	0.0	False			RNA-Seq|TRANSCRIPTOMIC|cDNA	10x Genomics Chromium;Chromium Single Cell 3';Chromium Single Cell 5'
PRJNA871229	6	6	24	4	False	1	0	0.0	False			RNA-Seq|TRANSCRIPTOMIC SINGLE CELL|cDNA	bulk RNA-seq
PRJNA871240	6	6	6	1	True	1	0	0.0	False			RNA-Seq|TRANSCRIPTOMIC|cDNA	bulk RNA-seq
PRJNA872144	6	6	9	4	False	1	0	0.0	False			RNA-Seq|TRANSCRIPTOMIC SINGLE CELL|cDNA	single nucleus RNA-seq
PRJNA874314	6	6	6	1	True	1	0	0.0	False			RNA-Seq|TRANSCRIPTOMIC|cDNA	bulk RNA-seq
PRJNA878813	6	6	6	1	True	1	0	0.0	False			RNA-Seq|TRANSCRIPTOMIC|cDNA	bulk RNA-seq
PRJNA879757	6	6	6	1	True	1	0	0.0	False			RNA-Seq|TRANSCRIPTOMIC|cDNA	bulk RNA-seq
PRJNA880540	6	6	6	1	True	1	0	0.0	False			RNA-Seq|TRANSCRIPTOMIC|cDNA	bulk RNA-seq
PRJNA880541	6	6	12	2	False	1	0	0.0	False			RNA-Seq|TRANSCRIPTOMIC|cDNA	bulk RNA-seq
PRJNA882122	6	6	6	1	True	1	0	0.0	False			RNA-Seq|TRANSCRIPTOMIC|cDNA	bulk RNA-seq
PRJNA882822	6	6	6	1	True	1	0	0.0	False			RNA-Seq|TRANSCRIPTOMIC|cDNA	TruSeq Stranded mRNA
PRJNA887380	6	6	6	1	True	1	0	0.0	False			RNA-Seq|TRANSCRIPTOMIC|cDNA	bulk RNA-seq
PRJNA887435	6	6	6	1	True	1	3	0.5	False		2.0	RNA-Seq|TRANSCRIPTOMIC|cDNA	TruSeq Stranded mRNA
PRJNA888980	6	6	6	1	True	1	1	1.0	False		6.0	RNA-Seq|TRANSCRIPTOMIC|cDNA	bulk RNA-seq
PRJNA890194	6	6	6	1	True	1	0	0.0	False			RNA-Seq|TRANSCRIPTOMIC|cDNA	bulk RNA-seq
PRJNA891372	6	6	6	1	True	1	2	0.333	False		3.0	RNA-Seq|TRANSCRIPTOMIC|PCR	bulk RNA-seq
PRJNA893220	6	6	12	2	False	1	0	0.0	False			RNA-Seq|TRANSCRIPTOMIC|cDNA	bulk RNA-seq
PRJNA897934	6	6	6	1	True	1	0	0.0	False			RNA-Seq|TRANSCRIPTOMIC|cDNA	bulk RNA-seq
PRJNA898616	6	6	12	2	False	1	1	1.0	False		6.0	RNA-Seq|TRANSCRIPTOMIC|cDNA	bulk RNA-seq
PRJNA899569	6	6	6	1	True	1	0	0.0	False			RNA-Seq|TRANSCRIPTOMIC|cDNA	bulk RNA-seq
PRJNA901902	6	6	6	1	True	1	0	0.0	False			RNA-Seq|TRANSCRIPTOMIC|cDNA	TruSeq Stranded mRNA
PRJNA906114	6	6	6	1	True	2	0	0.0	False			RNA-Seq|TRANSCRIPTOMIC SINGLE CELL|cDNA;RNA-Seq|TRANSCRIPTOMIC|cDNA	Drop-seq
PRJNA907311	6	6	6	1	True	1	0	0.0	False			RNA-Seq|TRANSCRIPTOMIC|PolyA	TruSeq Stranded mRNA
PRJNA910519	6	6	6	1	True	1	0	0.0	False			RNA-Seq|TRANSCRIPTOMIC SINGLE CELL|cDNA	bulk RNA-seq
PRJNA910936	6	6	105	40	False	1	0	0.0	False			RNA-Seq|TRANSCRIPTOMIC SINGLE CELL|cDNA	sci-RNA-seq
PRJNA913843	6	6	6	1	True	1	0	0.0	False			RNA-Seq|TRANSCRIPTOMIC|cDNA	TruSeq Stranded mRNA
PRJNA913916	6	6	6	1	True	1	1	1.0	False		6.0	RNA-Seq|TRANSCRIPTOMIC|cDNA	bulk RNA-seq
PRJNA914283	6	6	6	1	True	1	0	0.0	False			ChIP-Seq|GENOMIC|ChIP	bulk RNA-seq
PRJNA916255	6	6	6	1	True	1	0	0.0	False			RNA-Seq|TRANSCRIPTOMIC|PCR	bulk RNA-seq
PRJNA917647	6	6	6	1	True	1	0	0.0	False			RNA-Seq|TRANSCRIPTOMIC|cDNA	bulk RNA-seq
PRJNA922158	6	6	6	1	True	1	0	0.0	False			RNA-Seq|TRANSCRIPTOMIC|cDNA	bulk RNA-seq
PRJNA924770	6	6	6	1	True	1	0	0.0	False			RNA-Seq|TRANSCRIPTOMIC|cDNA	TruSeq Stranded mRNA
PRJNA926889	6	6	18	3	False	1	0	0.0	False			RNA-Seq|TRANSCRIPTOMIC SINGLE CELL|cDNA	10x Genomics Chromium
PRJNA929922	6	6	6	1	True	1	0	0.0	False			RNA-Seq|TRANSCRIPTOMIC SINGLE CELL|cDNA	10x Genomics Chromium
PRJNA931823	6	6	6	1	True	1	0	0.0	False			RNA-Seq|TRANSCRIPTOMIC|RT-PCR	bulk RNA-seq
PRJNA933390	6	6	6	1	True	1	0	0.0	False			RNA-Seq|TRANSCRIPTOMIC|PCR	bulk RNA-seq
PRJNA940134	6	6	6	1	True	1	0	0.0	False			RNA-Seq|TRANSCRIPTOMIC|cDNA	bulk RNA-seq
PRJNA941881	6	6	6	1	True	1	3	0.5	False		2.0	RNA-Seq|TRANSCRIPTOMIC|cDNA	TruSeq Stranded mRNA
PRJNA944117	6	6	6	1	True	1	0	0.0	False			RNA-Seq|TRANSCRIPTOMIC|RANDOM PCR	bulk RNA-seq
PRJNA945055	6	6	6	1	True	1	0	0.0	False			OTHER|GENOMIC|other	single nucleus RNA-seq
PRJNA949191	6	6	6	1	True	1	0	0.0	False			RNA-Seq|TRANSCRIPTOMIC|cDNA	bulk RNA-seq
PRJNA949574	6	6	20	8	False	1	0	0.0	False			RNA-Seq|TRANSCRIPTOMIC SINGLE CELL|cDNA	single nucleus RNA-seq
PRJNA950035	6	6	6	1	True	1	2	0.667	False		3.0	RNA-Seq|TRANSCRIPTOMIC|cDNA	bulk RNA-seq;polyA selected RNA-seq
PRJNA950402	6	6	6	1	True	1	0	0.0	False			RNA-Seq|TRANSCRIPTOMIC|cDNA	bulk RNA-seq
PRJNA952546	6	6	6	1	True	1	0	0.0	False			RNA-Seq|TRANSCRIPTOMIC|cDNA	bulk RNA-seq
PRJNA952615	6	6	6	1	True	1	0	0.0	False			RNA-Seq|TRANSCRIPTOMIC|cDNA	bulk RNA-seq
PRJNA953637	6	6	6	1	True	1	0	0.0	False			RNA-Seq|TRANSCRIPTOMIC|cDNA	bulk RNA-seq
PRJNA953775	6	6	6	1	True	1	0	0.0	False			RNA-Seq|TRANSCRIPTOMIC|cDNA	bulk RNA-seq
PRJNA953776	6	6	6	1	True	1	0	0.0	False			RNA-Seq|TRANSCRIPTOMIC|cDNA	bulk RNA-seq
PRJNA954883	6	6	6	1	True	1	0	0.0	False			RNA-Seq|TRANSCRIPTOMIC SINGLE CELL|cDNA	BD Rhapsody
PRJNA955112	6	6	6	1	True	1	0	0.0	False			RNA-Seq|TRANSCRIPTOMIC|cDNA	bulk RNA-seq
PRJNA962106	6	6	6	1	True	1	0	0.0	False			RNA-Seq|TRANSCRIPTOMIC|cDNA	bulk RNA-seq
PRJNA963169	6	6	6	1	True	1	0	0.0	False			RNA-Seq|TRANSCRIPTOMIC|cDNA	bulk RNA-seq
PRJNA967206	6	6	24	4	False	1	6	1.0	False		1.0	RNA-Seq|TRANSCRIPTOMIC|cDNA	bulk RNA-seq
PRJNA967653	6	6	6	1	True	1	0	0.0	False			RNA-Seq|TRANSCRIPTOMIC|cDNA	bulk RNA-seq
PRJNA971744	6	6	6	1	True	1	0	0.0	False			RNA-Seq|TRANSCRIPTOMIC|cDNA	bulk RNA-seq
PRJNA972768	6	6	6	1	True	1	0	0.0	False			RNA-Seq|TRANSCRIPTOMIC|cDNA	bulk RNA-seq
PRJNA973092	6	6	6	1	True	1	0	0.0	False			RNA-Seq|TRANSCRIPTOMIC|cDNA	bulk RNA-seq
PRJNA973093	6	6	6	1	True	1	0	0.0	False			RNA-Seq|TRANSCRIPTOMIC|cDNA	bulk RNA-seq
PRJNA974868	6	6	6	1	True	1	2	0.333	False		3.0	RNA-Seq|TRANSCRIPTOMIC|cDNA	bulk RNA-seq
PRJNA980284	6	6	6	1	True	1	1	0.5	False		6.0	RNA-Seq|TRANSCRIPTOMIC|cDNA	bulk RNA-seq
PRJNA981160	6	6	6	1	True	1	0	0.0	False			RNA-Seq|TRANSCRIPTOMIC|Oligo-dT	bulk RNA-seq
PRJNA981450	6	6	6	1	True	1	0	0.0	False			RNA-Seq|TRANSCRIPTOMIC|cDNA	bulk RNA-seq
PRJNA981590	6	6	6	1	True	1	0	0.0	False			RNA-Seq|TRANSCRIPTOMIC|cDNA	bulk RNA-seq
PRJNA985596	6	6	6	1	True	1	0	0.0	False			RNA-Seq|TRANSCRIPTOMIC|cDNA	bulk RNA-seq
PRJNA986434	6	6	6	1	True	1	0	0.0	False			OTHER|GENOMIC|other	bulk RNA-seq
PRJNA986436	6	6	6	1	True	1	0	0.0	False			RNA-Seq|TRANSCRIPTOMIC|cDNA	bulk RNA-seq
PRJNA987721	6	6	6	1	True	1	0	0.0	False			RNA-Seq|TRANSCRIPTOMIC|cDNA	bulk RNA-seq
PRJNA988020	6	6	6	1	True	1	0	0.0	False			RNA-Seq|TRANSCRIPTOMIC|cDNA	bulk RNA-seq
PRJNA988115	6	6	12	2	False	2	0	0.0	False			RNA-Seq|OTHER|cDNA;RNA-Seq|TRANSCRIPTOMIC SINGLE CELL|cDNA	Drop-seq
PRJNA989051	6	6	22	8	False	1	3	0.409	False		2.0	RNA-Seq|TRANSCRIPTOMIC SINGLE CELL|cDNA	BD Rhapsody
PRJNA990764	6	6	6	1	True	1	0	0.0	False			RNA-Seq|TRANSCRIPTOMIC|cDNA	10x Genomics Chromium;bulk RNA-seq
PRJNA991598	6	6	6	1	True	1	0	0.0	False			RNA-Seq|TRANSCRIPTOMIC SINGLE CELL|cDNA	bulk RNA-seq
PRJNA992003	6	6	6	1	True	1	0	0.0	False			RNA-Seq|TRANSCRIPTOMIC|cDNA	bulk RNA-seq
PRJNA992475	6	6	6	1	True	1	0	0.0	False			RNA-Seq|TRANSCRIPTOMIC|cDNA	TruSeq Stranded mRNA
PRJNA992512	6	6	6	1	True	1	1	1.0	False		6.0	RNA-Seq|TRANSCRIPTOMIC|cDNA	bulk RNA-seq
PRJNA994168	6	6	6	1	True	1	0	0.0	False			RNA-Seq|TRANSCRIPTOMIC SINGLE CELL|cDNA	single nucleus RNA-seq
PRJNA996525	6	6	18	3	False	1	0	0.0	False			RNA-Seq|TRANSCRIPTOMIC|cDNA	bulk RNA-seq
PRJNA999754	6	6	6	1	True	1	0	0.0	False			RNA-Seq|TRANSCRIPTOMIC|cDNA	bulk RNA-seq
PRJNA999755	6	6	6	1	True	1	0	0.0	False			RNA-Seq|TRANSCRIPTOMIC|cDNA	bulk RNA-seq
PRJDB10658	5	5	5	1	True	3	0	0.0	False			OTHER|TRANSCRIPTOMIC|Oligo-dT;RNA-Seq|TRANSCRIPTOMIC|Oligo-dT;RNA-Seq|TRANSCRIPTOMIC|cDNA	Drop-seq
PRJDB12803	5	5	5	1	True	1	0	0.0	False			RNA-Seq|TRANSCRIPTOMIC|cDNA_oligo_dT	TruSeq Stranded mRNA
PRJEB105679	5	5	46	12	False	1	0	0.0	False			OTHER|OTHER|other	bulk RNA-seq
PRJEB106098	5	5	10	2	False	1	0	0.0	False			RNA-Seq|TRANSCRIPTOMIC SINGLE CELL|PolyA	10x Genomics Chromium
PRJEB108828	5	27	27	14	False	1	4	0.704	False		1.25	RNA-Seq|TRANSCRIPTOMIC|PolyA	Parse Biosciences
PRJEB28253	5	5	5	1	True	1	0	0.0	False			OTHER|TRANSCRIPTOMIC SINGLE CELL|PolyA	10x Genomics Chromium
PRJEB33797	5	5	5	1	True	1	0	0.0	False			RNA-Seq|VIRAL RNA|DNase	polyA selected RNA-seq
PRJEB40778	5	5	5	1	True	1	0	0.0	False			RNA-Seq|TRANSCRIPTOMIC SINGLE CELL|Oligo-dT	Drop-seq
PRJEB54906	5	5	5	1	True	1	0	0.0	False			OTHER|TRANSCRIPTOMIC SINGLE CELL|Oligo-dT	single nucleus RNA-seq
PRJEB56930	5	5	5	1	True	1	0	0.0	False			RNA-Seq|TRANSCRIPTOMIC|PCR	bulk RNA-seq
PRJEB61792	5	5	5	1	True	1	0	0.0	False			RNA-Seq|TRANSCRIPTOMIC SINGLE CELL|PolyA	10x Genomics Chromium
PRJEB79586	5	5	5	1	True	1	0	0.0	False			AMPLICON|TRANSCRIPTOMIC SINGLE CELL|PCR	BD Rhapsody
PRJEB85167	5	18	18	4	False	2	0	0.0	False			RNA-Seq|TRANSCRIPTOMIC|Oligo-dT;RNA-Seq|TRANSCRIPTOMIC|cDNA	TruSeq Stranded mRNA
PRJEB94912	5	20	20	4	False	2	0	0.0	False			RNA-Seq|TRANSCRIPTOMIC|Oligo-dT;RNA-Seq|TRANSCRIPTOMIC|cDNA	TruSeq Stranded mRNA
PRJEB96761	5	5	5	1	True	1	0	0.0	False			RNA-Seq|TRANSCRIPTOMIC SINGLE CELL|PolyA	10x Genomics Chromium
PRJNA1000634	5	5	162	60	False	2	0	0.0	False			RNA-Seq|TRANSCRIPTOMIC SINGLE CELL|cDNA;RNA-Seq|TRANSCRIPTOMIC|cDNA	single nucleus RNA-seq
PRJNA1003000	5	5	5	1	True	1	1	1.0	False		5.0	RNA-Seq|TRANSCRIPTOMIC|cDNA	bulk RNA-seq
PRJNA1003438	5	5	13	4	False	2	0	0.0	False			RNA-Seq|OTHER|cDNA;RNA-Seq|TRANSCRIPTOMIC SINGLE CELL|cDNA	BD Rhapsody
PRJNA1010214	5	5	5	1	True	1	0	0.0	False			RNA-Seq|TRANSCRIPTOMIC|cDNA	bulk RNA-seq
PRJNA1010215	5	5	5	1	True	1	0	0.0	False			RNA-Seq|TRANSCRIPTOMIC SINGLE CELL|cDNA	BD Rhapsody
PRJNA1013926	5	5	15	6	False	2	0	0.0	False			RNA-Seq|TRANSCRIPTOMIC SINGLE CELL|cDNA;RNA-Seq|TRANSCRIPTOMIC|cDNA	10x Genomics Chromium
PRJNA1028986	5	5	6	2	False	1	0	0.0	False			RNA-Seq|TRANSCRIPTOMIC SINGLE CELL|cDNA	10x Genomics Chromium
PRJNA1052126	5	5	36	8	False	1	0	0.0	False			RNA-Seq|TRANSCRIPTOMIC|cDNA	10x Genomics Chromium
PRJNA1057236	5	5	5	1	True	1	0	0.0	False			RNA-Seq|TRANSCRIPTOMIC SINGLE CELL|cDNA	BD Rhapsody
PRJNA1061519	5	5	5	1	True	1	0	0.0	False			RNA-Seq|TRANSCRIPTOMIC SINGLE CELL|cDNA	10x Genomics Chromium
PRJNA1065847	5	5	5	1	True	1	0	0.0	False			RNA-Seq|TRANSCRIPTOMIC|cDNA	Drop-seq
PRJNA1066401	5	5	10	2	False	1	0	0.0	False			RNA-Seq|TRANSCRIPTOMIC SINGLE CELL|cDNA	10x Genomics Chromium
PRJNA1076593	5	5	5	1	True	1	0	0.0	False			RNA-Seq|TRANSCRIPTOMIC|cDNA	bulk RNA-seq
PRJNA1077301	5	5	5	1	True	1	0	0.0	False			ATAC-seq|GENOMIC|other	bulk RNA-seq
PRJNA1080197	5	5	5	1	True	1	0	0.0	False			RNA-Seq|TRANSCRIPTOMIC|cDNA	bulk RNA-seq
PRJNA1090137	5	5	5	1	True	1	0	0.0	False			RNA-Seq|TRANSCRIPTOMIC SINGLE CELL|cDNA	10x Genomics Chromium
PRJNA1100987	5	5	5	1	True	1	0	0.0	False			RNA-Seq|TRANSCRIPTOMIC SINGLE CELL|cDNA	single nucleus RNA-seq
PRJNA1107232	5	5	14	4	False	1	0	0.0	False			RNA-Seq|TRANSCRIPTOMIC SINGLE CELL|cDNA	single nucleus RNA-seq
PRJNA1120751	5	5	5	1	True	1	0	0.0	False			Hi-C|GENOMIC|other	bulk RNA-seq
PRJNA1125356	5	5	10	2	False	1	0	0.0	False			RNA-Seq|TRANSCRIPTOMIC SINGLE CELL|cDNA	10x Genomics Chromium
PRJNA1126231	5	5	5	1	True	1	0	0.0	False			RNA-Seq|TRANSCRIPTOMIC|cDNA	bulk RNA-seq
PRJNA1127459	5	5	5	1	True	1	0	0.0	False			RNA-Seq|TRANSCRIPTOMIC|cDNA	bulk RNA-seq
PRJNA1128098	5	5	5	1	True	1	0	0.0	False			OTHER|TRANSCRIPTOMIC|other	bulk RNA-seq
PRJNA1139775	5	5	5	1	True	1	0	0.0	False			RNA-Seq|TRANSCRIPTOMIC|cDNA	polyA selected RNA-seq
PRJNA1155217	5	5	5	1	True	1	0	0.0	False			miRNA-Seq|OTHER|size fractionation	bulk RNA-seq
PRJNA1165266	5	5	10	2	False	1	5	1.0	False		1.0	RNA-Seq|TRANSCRIPTOMIC SINGLE CELL|cDNA	10x Genomics Chromium
PRJNA1171479	5	11	11	4	False	2	0	0.0	False			ATAC-seq|GENOMIC SINGLE CELL|other;RNA-Seq|TRANSCRIPTOMIC SINGLE CELL|PolyA	single nucleus RNA-seq
PRJNA1172414	5	5	5	1	True	2	0	0.0	False			ChIP-Seq|GENOMIC|ChIP;RNA-Seq|GENOMIC|PCR	bulk RNA-seq
PRJNA1177865	5	5	5	1	True	1	0	0.0	False			RNA-Seq|TRANSCRIPTOMIC|PCR	bulk RNA-seq
PRJNA1182368	5	5	5	1	True	1	2	1.0	False		2.5	RNA-Seq|TRANSCRIPTOMIC|cDNA	bulk RNA-seq
PRJNA1185644	5	5	5	1	True	1	0	0.0	False			RNA-Seq|OTHER|cDNA	bulk RNA-seq
PRJNA1199415	5	5	5	1	True	1	0	0.0	False			RNA-Seq|TRANSCRIPTOMIC|cDNA	TruSeq Stranded mRNA
PRJNA1203257	5	5	8	4	False	1	0	0.0	False			RNA-Seq|TRANSCRIPTOMIC SINGLE CELL|cDNA	bulk RNA-seq
PRJNA1241727	5	5	5	1	True	1	5	1.0	False		1.0	RNA-Seq|TRANSCRIPTOMIC|cDNA	10x Genomics Chromium
PRJNA1242254	5	5	20	4	False	1	0	0.0	False			RNA-Seq|TRANSCRIPTOMIC SINGLE CELL|cDNA	10x Genomics Chromium
PRJNA1249038	5	5	5	1	True	1	0	0.0	False			RNA-Seq|TRANSCRIPTOMIC SINGLE CELL|cDNA	BD Rhapsody
PRJNA1279336	5	5	8	4	False	1	0	0.0	False			RNA-Seq|TRANSCRIPTOMIC SINGLE CELL|cDNA	single nucleus RNA-seq
PRJNA1284780	5	5	7	2	False	1	0	0.0	False			RNA-Seq|TRANSCRIPTOMIC SINGLE CELL|cDNA	10x Genomics Chromium
PRJNA1285366	5	5	13	3	False	1	0	0.0	False			RNA-Seq|TRANSCRIPTOMIC SINGLE CELL|cDNA	bulk RNA-seq
PRJNA1290257	5	5	14	3	False	1	0	0.0	False			RNA-Seq|TRANSCRIPTOMIC SINGLE CELL|cDNA	BD Rhapsody
PRJNA1295547	5	5	44	16	False	1	4	1.0	False		1.25	RNA-Seq|TRANSCRIPTOMIC SINGLE CELL|cDNA	10x Genomics Chromium
PRJNA1302454	5	5	5	1	True	1	0	0.0	False			RNA-Seq|TRANSCRIPTOMIC|cDNA	TruSeq Stranded mRNA
PRJNA1314157	5	5	5	1	True	1	0	0.0	False			RNA-Seq|TRANSCRIPTOMIC|cDNA	bulk RNA-seq
PRJNA1338327	5	5	5	1	True	1	0	0.0	False			RNA-Seq|TRANSCRIPTOMIC|Oligo-dT	bulk RNA-seq
PRJNA1363775	5	5	9	3	False	1	0	0.0	False			RNA-Seq|TRANSCRIPTOMIC SINGLE CELL|cDNA	10x Genomics Chromium
PRJNA1365850	5	5	29	9	False	1	0	0.0	False			RNA-Seq|TRANSCRIPTOMIC SINGLE CELL|cDNA	10x Genomics Chromium
PRJNA1402284	5	5	5	1	True	1	0	0.0	False			RNA-Seq|TRANSCRIPTOMIC SINGLE CELL|cDNA	10x Genomics Chromium
PRJNA1404329	5	5	5	1	True	1	0	0.0	False			RNA-Seq|TRANSCRIPTOMIC SINGLE CELL|cDNA	single nucleus RNA-seq
PRJNA1404415	5	5	5	1	True	1	0	0.0	False			RNA-Seq|TRANSCRIPTOMIC|cDNA	TruSeq Stranded mRNA
PRJNA1422040	5	5	8	2	False	1	0	0.0	False			RNA-Seq|TRANSCRIPTOMIC SINGLE CELL|cDNA	10x Genomics Chromium
PRJNA1430562	5	5	5	1	True	1	0	0.0	False			RNA-Seq|TRANSCRIPTOMIC|cDNA	bulk RNA-seq
PRJNA1435645	5	5	5	1	True	1	0	0.0	False			RNA-Seq|TRANSCRIPTOMIC SINGLE CELL|cDNA	single nucleus RNA-seq
PRJNA1445097	5	5	5	1	True	1	0	0.0	False			RNA-Seq|TRANSCRIPTOMIC|cDNA	bulk RNA-seq
PRJNA1446727	5	5	5	1	True	1	0	0.0	False			OTHER|TRANSCRIPTOMIC|other	10x Genomics Chromium
PRJNA1473288	5	5	5	1	True	1	0	0.0	False			OTHER|TRANSCRIPTOMIC|other	10x Genomics Chromium
PRJNA1473299	5	5	5	1	True	1	0	0.0	False			OTHER|TRANSCRIPTOMIC|other	10x Genomics Chromium
PRJNA1481079	5	5	5	1	True	1	0	0.0	False			RNA-Seq|TRANSCRIPTOMIC|cDNA	bulk RNA-seq
PRJNA345261	5	5	5	1	True	1	0	0.0	False			RNA-Seq|TRANSCRIPTOMIC|RANDOM	TruSeq Stranded mRNA
PRJNA385603	5	5	5	1	True	1	5	1.0	False		1.0	RNA-Seq|TRANSCRIPTOMIC|cDNA	polyA selected RNA-seq
PRJNA394015	5	5	5	1	True	1	0	0.0	False			RNA-Seq|TRANSCRIPTOMIC|cDNA	TruSeq Stranded mRNA
PRJNA419066	5	5	7	2	False	1	4	1.0	False		1.25	RNA-Seq|TRANSCRIPTOMIC|cDNA	Drop-seq
PRJNA422274	5	5	5	1	True	1	0	0.0	False			RNA-Seq|TRANSCRIPTOMIC|cDNA	10x Genomics Chromium
PRJNA422607	5	5	5	1	True	1	0	0.0	False			RNA-Seq|TRANSCRIPTOMIC|cDNA	TruSeq Stranded mRNA
PRJNA471825	5	5	5	1	True	1	0	0.0	False			RNA-Seq|TRANSCRIPTOMIC|cDNA	TruSeq Stranded mRNA
PRJNA475651	5	9	9	3	False	2	0	0.0	False			RNA-Seq|TRANSCRIPTOMIC|PCR;RNA-Seq|TRANSCRIPTOMIC|RANDOM	polyA selected RNA-seq
PRJNA482132	5	5	5	1	True	1	4	1.0	False		1.25	RNA-Seq|TRANSCRIPTOMIC|cDNA	Drop-seq
PRJNA485185	5	5	9	2	False	1	0	0.0	False			RNA-Seq|TRANSCRIPTOMIC|cDNA	Drop-seq
PRJNA493658	5	11	11	3	False	2	0	0.0	False			AMPLICON|SYNTHETIC|RT-PCR;RNA-Seq|TRANSCRIPTOMIC|RT-PCR	Drop-seq
PRJNA507252	5	5	7	2	False	1	0	0.0	False			RNA-Seq|TRANSCRIPTOMIC|cDNA	10x Genomics Chromium
PRJNA531933	5	5	11	4	False	1	0	0.0	False			RNA-Seq|TRANSCRIPTOMIC|cDNA	Drop-seq
PRJNA532599	5	5	5	1	True	1	0	0.0	False			RNA-Seq|TRANSCRIPTOMIC|cDNA	10x Genomics Chromium
PRJNA556613	5	5	5	1	True	1	1	0.4	False		5.0	RNA-Seq|TRANSCRIPTOMIC|cDNA	Drop-seq
PRJNA559147	5	5	5	1	True	1	1	0.6	False		5.0	RNA-Seq|TRANSCRIPTOMIC|cDNA	bulk RNA-seq
PRJNA564495	5	5	5	1	True	1	0	0.0	False			RNA-Seq|TRANSCRIPTOMIC|cDNA	bulk RNA-seq
PRJNA590197	5	5	5	1	True	1	2	0.4	False		2.5	OTHER|TRANSCRIPTOMIC|PolyA	10x Genomics Chromium
PRJNA597002	5	5	5	1	True	1	0	0.0	False			RNA-Seq|TRANSCRIPTOMIC|cDNA	Drop-seq
PRJNA597073	5	5	5	1	True	1	0	0.0	False			RNA-Seq|TRANSCRIPTOMIC|cDNA	10x Genomics Chromium
PRJNA604244	5	5	5	1	True	1	0	0.0	False			RNA-Seq|TRANSCRIPTOMIC|cDNA	Drop-seq
PRJNA607962	5	5	5	1	True	1	0	0.0	False			RNA-Seq|TRANSCRIPTOMIC|cDNA	Drop-seq
PRJNA624909	5	6	6	2	False	2	2	0.333	False		2.5	RNA-Seq|TRANSCRIPTOMIC|Inverse rRNA;WGS|GENOMIC|RANDOM	10x Genomics Chromium
PRJNA627675	5	5	5	1	True	1	0	0.0	False			RNA-Seq|TRANSCRIPTOMIC|cDNA	Drop-seq
PRJNA629312	5	5	5	1	True	1	0	0.0	False			RNA-Seq|TRANSCRIPTOMIC|cDNA	Drop-seq
PRJNA633895	5	5	10	2	False	1	0	0.0	False			RNA-Seq|TRANSCRIPTOMIC|cDNA	10x Genomics Chromium
PRJNA635020	5	5	20	4	False	1	0	0.0	False			RNA-Seq|TRANSCRIPTOMIC|cDNA	10x Genomics Chromium;Drop-seq
PRJNA646881	5	5	5	1	True	1	0	0.0	False			RNA-Seq|TRANSCRIPTOMIC|cDNA	10x Genomics Chromium
PRJNA647885	5	5	5	1	True	1	0	0.0	False			RNA-Seq|TRANSCRIPTOMIC|cDNA	bulk RNA-seq
PRJNA655458	5	5	5	1	True	1	1	0.2	False		5.0	RNA-Seq|TRANSCRIPTOMIC|cDNA	BD Rhapsody
PRJNA657850	5	5	5	1	True	1	0	0.0	False			RNA-Seq|TRANSCRIPTOMIC|cDNA	polyA selected RNA-seq
PRJNA659374	5	5	5	1	True	1	0	0.0	False			RNA-Seq|TRANSCRIPTOMIC|cDNA	bulk RNA-seq
PRJNA660752	5	5	5	1	True	1	0	0.0	False			RNA-Seq|TRANSCRIPTOMIC|cDNA	Drop-seq
PRJNA661041	5	5	5	1	True	1	0	0.0	False			RNA-Seq|TRANSCRIPTOMIC|cDNA	bulk RNA-seq
PRJNA668615	5	5	5	1	True	1	0	0.0	False			RNA-Seq|TRANSCRIPTOMIC|cDNA	bulk RNA-seq
PRJNA675005	5	5	5	1	True	1	0	0.0	False			OTHER|GENOMIC|other	bulk RNA-seq
PRJNA675866	5	5	5	1	True	1	0	0.0	False			RNA-Seq|TRANSCRIPTOMIC|cDNA	Drop-seq
PRJNA678355	5	5	5	1	True	1	0	0.0	False			RNA-Seq|TRANSCRIPTOMIC|cDNA	single nucleus RNA-seq
PRJNA679338	5	5	5	1	True	1	0	0.0	False			RNA-Seq|TRANSCRIPTOMIC|cDNA	bulk RNA-seq
PRJNA693704	5	5	5	1	True	1	0	0.0	False			RNA-Seq|TRANSCRIPTOMIC|cDNA	bulk RNA-seq
PRJNA705596	5	5	5	1	True	1	0	0.0	False			RNA-Seq|TRANSCRIPTOMIC|cDNA	10x Genomics Chromium
PRJNA719363	5	5	5	1	True	1	0	0.0	False			RNA-Seq|TRANSCRIPTOMIC|cDNA	TruSeq Stranded mRNA
PRJNA734950	5	5	5	1	True	1	0	0.0	False			RNA-Seq|TRANSCRIPTOMIC|cDNA	bulk RNA-seq
PRJNA735968	5	5	5	1	True	1	0	0.0	False			RNA-Seq|GENOMIC|cDNA	10x Genomics Chromium
PRJNA739646	5	5	5	1	True	2	3	1.0	False		1.67	ATAC-seq|GENOMIC|other;RNA-Seq|TRANSCRIPTOMIC|cDNA	10x Genomics Chromium
PRJNA758971	5	5	32	8	False	1	0	0.0	False			RNA-Seq|TRANSCRIPTOMIC|cDNA	bulk RNA-seq
PRJNA767445	5	5	20	4	False	1	0	0.0	False			RNA-Seq|TRANSCRIPTOMIC|cDNA	10x Genomics Chromium
PRJNA768440	5	5	6	2	False	1	0	0.0	False			RNA-Seq|TRANSCRIPTOMIC|cDNA	single nucleus RNA-seq
PRJNA769637	5	5	7	2	False	1	0	0.0	False			RNA-Seq|TRANSCRIPTOMIC|cDNA	SPLiT-seq;single nucleus RNA-seq
PRJNA770735	5	5	5	1	True	1	0	0.0	False			RNA-Seq|TRANSCRIPTOMIC|cDNA	10x Genomics Chromium;Drop-seq
PRJNA774789	5	5	20	4	False	1	0	0.0	False			RNA-Seq|TRANSCRIPTOMIC|cDNA	bulk RNA-seq
PRJNA777926	5	5	5	1	True	1	0	0.0	False			RNA-Seq|TRANSCRIPTOMIC|cDNA	10x Genomics Chromium
PRJNA780416	5	5	5	1	True	1	0	0.0	False			RNA-Seq|TRANSCRIPTOMIC|cDNA	10x Genomics Chromium
PRJNA786480	5	5	5	1	True	1	0	0.0	False			RNA-Seq|TRANSCRIPTOMIC|cDNA	bulk RNA-seq
PRJNA801705	5	5	5	1	True	1	0	0.0	False			RNA-Seq|TRANSCRIPTOMIC|cDNA	bulk RNA-seq
PRJNA809919	5	5	5	1	True	1	0	0.0	False			RNA-Seq|TRANSCRIPTOMIC|cDNA	10x Genomics Chromium
PRJNA812505	5	5	20	4	False	1	0	0.0	False			RNA-Seq|TRANSCRIPTOMIC|cDNA	10x Genomics Chromium
PRJNA821215	5	5	40	8	False	1	0	0.0	False			RNA-Seq|TRANSCRIPTOMIC|cDNA	single nucleus RNA-seq
PRJNA823340	5	5	5	1	True	1	0	0.0	False			RNA-Seq|TRANSCRIPTOMIC SINGLE CELL|cDNA	BD Rhapsody
PRJNA831444	5	5	5	1	True	1	0	0.0	False			RNA-Seq|TRANSCRIPTOMIC|cDNA	bulk RNA-seq
PRJNA833671	5	5	5	1	True	1	0	0.0	False			RNA-Seq|TRANSCRIPTOMIC|cDNA	bulk RNA-seq
PRJNA842511	5	5	13	3	False	1	0	0.0	False			RNA-Seq|TRANSCRIPTOMIC SINGLE CELL|cDNA	bulk RNA-seq
PRJNA848382	5	5	10	2	False	1	0	0.0	False			RNA-Seq|TRANSCRIPTOMIC SINGLE CELL|cDNA	bulk RNA-seq
PRJNA857455	5	5	5	1	True	1	0	0.0	False			RNA-Seq|TRANSCRIPTOMIC SINGLE CELL|cDNA	10x Genomics Chromium
PRJNA858426	5	5	5	1	True	1	1	0.6	False		5.0	RNA-Seq|TRANSCRIPTOMIC|PolyA	bulk RNA-seq
PRJNA863847	5	5	5	1	True	1	0	0.0	False			RNA-Seq|TRANSCRIPTOMIC|cDNA	bulk RNA-seq
PRJNA864783	5	5	5	1	True	1	0	0.0	False			RNA-Seq|TRANSCRIPTOMIC SINGLE CELL|cDNA	10x Genomics Chromium
PRJNA883186	5	5	5	1	True	1	0	0.0	False			RNA-Seq|TRANSCRIPTOMIC|cDNA	bulk RNA-seq
PRJNA885806	5	5	20	4	False	1	0	0.0	False			RNA-Seq|TRANSCRIPTOMIC SINGLE CELL|cDNA	10x Genomics Chromium
PRJNA896149	5	5	5	1	True	1	0	0.0	False			RNA-Seq|TRANSCRIPTOMIC|cDNA	bulk RNA-seq
PRJNA906016	5	5	5	1	True	2	0	0.0	False			OTHER|TRANSCRIPTOMIC|other;RNA-Seq|TRANSCRIPTOMIC SINGLE CELL|cDNA	single nucleus RNA-seq
PRJNA909761	5	5	5	1	True	1	0	0.0	False			OTHER|TRANSCRIPTOMIC|other	10x Genomics Chromium
PRJNA921704	5	5	5	1	True	1	0	0.0	False			RNA-Seq|TRANSCRIPTOMIC|cDNA	bulk RNA-seq
PRJNA924312	5	5	5	1	True	1	0	0.0	False			RNA-Seq|TRANSCRIPTOMIC|cDNA	bulk RNA-seq
PRJNA925100	5	5	8	2	False	1	0	0.0	False			RNA-Seq|TRANSCRIPTOMIC SINGLE CELL|cDNA	SPLiT-seq
PRJNA935701	5	5	5	1	True	1	1	1.0	False		5.0	RNA-Seq|TRANSCRIPTOMIC|cDNA	bulk RNA-seq
PRJNA943181	5	5	5	1	True	1	0	0.0	False			RNA-Seq|TRANSCRIPTOMIC|cDNA	bulk RNA-seq
PRJNA949186	5	5	5	1	True	1	0	0.0	False			RNA-Seq|TRANSCRIPTOMIC SINGLE CELL|cDNA	Drop-seq
PRJNA955796	5	5	14	4	False	1	0	0.0	False			RNA-Seq|TRANSCRIPTOMIC SINGLE CELL|cDNA	Drop-seq;BD Rhapsody
PRJNA962126	5	5	5	1	True	1	0	0.0	False			RNA-Seq|TRANSCRIPTOMIC|cDNA	bulk RNA-seq
PRJNA973706	5	5	5	1	True	1	0	0.0	False			RNA-Seq|TRANSCRIPTOMIC SINGLE CELL|cDNA	Chromium Single Cell 5'
PRJNA981634	5	5	10	2	False	1	0	0.0	False			RNA-Seq|TRANSCRIPTOMIC SINGLE CELL|cDNA	bulk RNA-seq
PRJNA983718	5	5	5	1	True	1	0	0.0	False			RNA-Seq|TRANSCRIPTOMIC SINGLE CELL|cDNA	bulk RNA-seq
PRJNA989044	5	5	5	1	True	1	0	0.0	False			RNA-Seq|TRANSCRIPTOMIC|cDNA	bulk RNA-seq
PRJNA999610	5	5	5	1	True	1	2	1.0	False		2.5	RNA-Seq|TRANSCRIPTOMIC|cDNA	inDrop
PRJDB10752	4	8	8	2	False	1	0	0.0	False			RNA-Seq|TRANSCRIPTOMIC|cDNA	TruSeq Stranded mRNA
PRJDB17865	4	4	4	1	True	1	0	0.0	False			RNA-Seq|TRANSCRIPTOMIC|Oligo-dT	TruSeq Stranded mRNA
PRJDB19445	4	4	4	1	True	1	0	0.0	False			RNA-Seq|TRANSCRIPTOMIC|Reduced Representation	bulk RNA-seq
PRJDB35940	4	4	4	1	True	2	0	0.0	False			RNA-Seq|TRANSCRIPTOMIC SINGLE CELL|Hybrid Selection;RNA-Seq|TRANSCRIPTOMIC|PolyA	bulk RNA-seq
PRJDB39989	4	4	4	1	True	1	0	0.0	False			RNA-Seq|TRANSCRIPTOMIC SINGLE CELL|Hybrid Selection	10x Genomics Chromium
PRJEB102512	4	4	4	1	True	2	0	0.0	False			ChIP-Seq|GENOMIC|ChIP;ChIP-Seq|GENOMIC|RANDOM	bulk RNA-seq
PRJEB108811	4	4	4	1	True	1	0	0.0	False			RNA-Seq|TRANSCRIPTOMIC|cDNA	10x Genomics Chromium
PRJEB110525	4	5	5	2	False	2	0	0.0	False			snRNA-seq|TRANSCRIPTOMIC SINGLE CELL|unspecified;snRNA-seq|TRANSCRIPTOMIC|unspecified	single nucleus RNA-seq
PRJEB113401	4	4	4	1	True	1	2	1.0	False		2.0	RNA-Seq|TRANSCRIPTOMIC SINGLE CELL|cDNA	10x Genomics Chromium
PRJEB122572	4	4	4	1	True	2	0	0.0	False			RNA-Seq|TRANSCRIPTOMIC SINGLE CELL|PCR;RNA-Seq|TRANSCRIPTOMIC SINGLE CELL|RT-PCR	Chromium Single Cell 3'
PRJEB14501	4	4	4	1	True	1	0	0.0	False			RNA-Seq|TRANSCRIPTOMIC|RANDOM	TruSeq Stranded mRNA
PRJEB19964	4	4	4	1	True	1	0	0.0	False			RNA-Seq|TRANSCRIPTOMIC|Inverse rRNA	TruSeq Stranded mRNA
PRJEB20185	4	4	12	3	False	1	0	0.0	False			RNA-Seq|TRANSCRIPTOMIC|Inverse rRNA	TruSeq Stranded mRNA
PRJEB25591	4	4	4	1	True	1	0	0.0	False			WGS|TRANSCRIPTOMIC|size fractionation	TruSeq Stranded mRNA
PRJEB43878	4	4	4	1	True	1	0	0.0	False			RNA-Seq|TRANSCRIPTOMIC|Oligo-dT	TruSeq Stranded mRNA
PRJEB51720	4	4	12	3	False	1	0	0.0	False			RNA-Seq|TRANSCRIPTOMIC SINGLE CELL|Oligo-dT	10x Genomics Chromium
PRJEB53134	4	8	16	4	False	1	0	0.0	False			OTHER|TRANSCRIPTOMIC SINGLE CELL|PCR	Chromium Single Cell 5'
PRJEB56116	4	4	40	16	False	1	0	0.0	False			RNA-Seq|TRANSCRIPTOMIC SINGLE CELL|Oligo-dT	single nucleus RNA-seq
PRJEB6112	4	4	4	1	True	1	3	0.75	False		1.33	RNA-Seq|TRANSCRIPTOMIC|PCR	polyA selected RNA-seq
PRJEB74068	4	4	4	1	True	1	0	0.0	False			RNA-Seq|TRANSCRIPTOMIC SINGLE CELL|Oligo-dT	bulk RNA-seq
PRJEB97066	4	4	44	12	False	1	2	1.0	False		2.0	RNA-Seq|TRANSCRIPTOMIC SINGLE CELL|Oligo-dT	single nucleus RNA-seq
PRJNA1001929	4	4	4	1	True	1	0	0.0	False			RNA-Seq|TRANSCRIPTOMIC SINGLE CELL|cDNA	10x Genomics Chromium
PRJNA1002279	4	4	4	1	True	1	0	0.0	False			RNA-Seq|TRANSCRIPTOMIC SINGLE CELL|cDNA	SPLiT-seq
PRJNA1002778	4	4	4	1	True	1	0	0.0	False			RNA-Seq|TRANSCRIPTOMIC SINGLE CELL|cDNA	BD Rhapsody
PRJNA1007647	4	4	4	1	True	1	0	0.0	False			RNA-Seq|TRANSCRIPTOMIC|cDNA	bulk RNA-seq
PRJNA1007763	4	4	16	4	False	1	0	0.0	False			RNA-Seq|TRANSCRIPTOMIC SINGLE CELL|cDNA	single nucleus RNA-seq
PRJNA1008456	4	4	8	2	False	1	0	0.0	False			RNA-Seq|TRANSCRIPTOMIC SINGLE CELL|cDNA	10x Genomics Chromium
PRJNA1009103	4	4	4	1	True	1	0	0.0	False			RNA-Seq|TRANSCRIPTOMIC SINGLE CELL|cDNA	10x Genomics Chromium
PRJNA1010780	4	4	4	1	True	1	0	0.0	False			RNA-Seq|TRANSCRIPTOMIC|cDNA	bulk RNA-seq
PRJNA1013540	4	4	4	1	True	1	0	0.0	False			RNA-Seq|TRANSCRIPTOMIC|cDNA	bulk RNA-seq
PRJNA1013675	4	4	16	4	False	1	0	0.0	False			RNA-Seq|TRANSCRIPTOMIC SINGLE CELL|cDNA	Drop-seq
PRJNA1016358	4	4	4	1	True	1	0	0.0	False			RNA-Seq|TRANSCRIPTOMIC SINGLE CELL|cDNA	10x Genomics Chromium
PRJNA1017847	4	4	4	1	True	1	1	1.0	False		4.0	RNA-Seq|TRANSCRIPTOMIC|cDNA	bulk RNA-seq
PRJNA1019698	4	4	4	1	True	1	0	0.0	False			RNA-Seq|TRANSCRIPTOMIC SINGLE CELL|cDNA	10x Genomics Chromium
PRJNA1021160	4	4	7	2	False	1	2	0.429	False		2.0	RNA-Seq|TRANSCRIPTOMIC SINGLE CELL|cDNA	BD Rhapsody
PRJNA1026171	4	4	10	3	False	1	0	0.0	False			RNA-Seq|TRANSCRIPTOMIC|cDNA	polyA selected RNA-seq
PRJNA1027790	4	4	12	4	False	1	0	0.0	False			RNA-Seq|TRANSCRIPTOMIC SINGLE CELL|cDNA	10x Genomics Chromium
PRJNA1029009	4	4	4	1	True	1	0	0.0	False			RNA-Seq|TRANSCRIPTOMIC|cDNA	bulk RNA-seq
PRJNA1029991	4	4	4	1	True	1	1	0.5	False		4.0	RNA-Seq|TRANSCRIPTOMIC|cDNA	TruSeq Stranded mRNA
PRJNA1031180	4	4	4	1	True	1	0	0.0	False			RNA-Seq|TRANSCRIPTOMIC|cDNA	bulk RNA-seq
PRJNA1035785	4	4	4	1	True	1	0	0.0	False			RNA-Seq|TRANSCRIPTOMIC|cDNA	TruSeq Stranded mRNA
PRJNA1036170	4	4	4	1	True	1	0	0.0	False			RNA-Seq|TRANSCRIPTOMIC|cDNA	bulk RNA-seq
PRJNA1040223	4	4	4	1	True	1	0	0.0	False			RNA-Seq|TRANSCRIPTOMIC|cDNA	bulk RNA-seq
PRJNA1041311	4	4	4	1	True	1	2	0.75	False		2.0	RNA-Seq|TRANSCRIPTOMIC SINGLE CELL|cDNA	bulk RNA-seq
PRJNA1041815	4	4	4	1	True	1	0	0.0	False			RNA-Seq|TRANSCRIPTOMIC SINGLE CELL|cDNA	bulk RNA-seq
PRJNA1047628	4	4	4	1	True	1	0	0.0	False			RNA-Seq|TRANSCRIPTOMIC|cDNA	bulk RNA-seq
PRJNA1049508	4	4	4	1	True	1	0	0.0	False			RNA-Seq|TRANSCRIPTOMIC|Inverse rRNA	bulk RNA-seq
PRJNA1055160	4	4	4	1	True	1	0	0.0	False			RNA-Seq|TRANSCRIPTOMIC|PolyA	10x Genomics Chromium
PRJNA1062782	4	4	16	4	False	1	0	0.0	False			RNA-Seq|TRANSCRIPTOMIC SINGLE CELL|cDNA	10x Genomics Chromium
PRJNA1062785	4	4	4	1	True	1	0	0.0	False			RNA-Seq|TRANSCRIPTOMIC|cDNA	bulk RNA-seq
PRJNA1073434	4	4	4	1	True	1	1	1.0	False		4.0	RNA-Seq|TRANSCRIPTOMIC SINGLE CELL|cDNA	bulk RNA-seq
PRJNA1073932	4	4	4	1	True	1	0	0.0	False			RNA-Seq|TRANSCRIPTOMIC|cDNA	TruSeq Stranded mRNA
PRJNA1073945	4	4	4	1	True	1	0	0.0	False			Targeted-Capture|TRANSCRIPTOMIC SINGLE CELL|RACE	10x Genomics Chromium
PRJNA1078874	4	4	4	1	True	1	0	0.0	False			RNA-Seq|TRANSCRIPTOMIC SINGLE CELL|cDNA	10x Genomics Chromium
PRJNA1079811	4	4	16	4	False	1	0	0.0	False			RNA-Seq|TRANSCRIPTOMIC|cDNA	bulk RNA-seq
PRJNA1083512	4	4	4	1	True	1	0	0.0	False			RNA-Seq|TRANSCRIPTOMIC SINGLE CELL|cDNA	BD Rhapsody
PRJNA1083618	4	4	8	2	False	1	0	0.0	False			RNA-Seq|TRANSCRIPTOMIC SINGLE CELL|cDNA	10x Genomics Chromium
PRJNA1089089	4	4	4	1	True	1	0	0.0	False			RNA-Seq|TRANSCRIPTOMIC SINGLE CELL|cDNA	BD Rhapsody
PRJNA1091641	4	4	4	1	True	1	0	0.0	False			ATAC-seq|GENOMIC SINGLE CELL|other	10x Genomics Chromium
PRJNA1091940	4	4	4	1	True	1	2	1.0	False		2.0	RNA-Seq|TRANSCRIPTOMIC SINGLE CELL|cDNA	10x Genomics Chromium
PRJNA1092348	4	4	4	1	True	1	0	0.0	False			OTHER|TRANSCRIPTOMIC|other	BD Rhapsody
PRJNA1095870	4	4	4	1	True	1	0	0.0	False			RNA-Seq|TRANSCRIPTOMIC|cDNA	bulk RNA-seq
PRJNA1099163	4	4	4	1	True	1	0	0.0	False			RNA-Seq|TRANSCRIPTOMIC|cDNA	bulk RNA-seq
PRJNA1099205	4	4	4	1	True	1	0	0.0	False			RNA-Seq|TRANSCRIPTOMIC|cDNA	bulk RNA-seq
PRJNA1102164	4	4	4	1	True	1	0	0.0	False			RNA-Seq|TRANSCRIPTOMIC|cDNA	bulk RNA-seq
PRJNA1103750	4	4	4	1	True	1	0	0.0	False			RNA-Seq|TRANSCRIPTOMIC|cDNA	TruSeq Stranded mRNA
PRJNA1105909	4	4	4	1	True	1	0	0.0	False			RNA-Seq|TRANSCRIPTOMIC SINGLE CELL|cDNA	BD Rhapsody
PRJNA1111897	4	4	6	2	False	2	0	0.0	False			ATAC-seq|GENOMIC SINGLE CELL|other;RNA-Seq|TRANSCRIPTOMIC SINGLE CELL|cDNA	single nucleus RNA-seq
PRJNA1122482	4	4	4	1	True	1	0	0.0	False			OTHER|TRANSCRIPTOMIC|other	single nucleus RNA-seq
PRJNA1130455	4	4	4	1	True	1	0	0.0	False			RNA-Seq|TRANSCRIPTOMIC SINGLE CELL|cDNA	Parse Biosciences
PRJNA1130866	4	4	8	2	False	1	0	0.0	False			RNA-Seq|TRANSCRIPTOMIC SINGLE CELL|cDNA	BD Rhapsody
PRJNA1139723	4	4	4	1	True	1	0	0.0	False			RNA-Seq|TRANSCRIPTOMIC|cDNA	bulk RNA-seq
PRJNA1145347	4	4	4	1	True	1	2	1.0	False		2.0	RNA-Seq|TRANSCRIPTOMIC SINGLE CELL|cDNA	bulk RNA-seq
PRJNA1146742	4	4	16	4	False	1	0	0.0	False			RNA-Seq|TRANSCRIPTOMIC SINGLE CELL|cDNA	bulk RNA-seq
PRJNA1147632	4	4	8	2	False	1	0	0.0	False			RNA-Seq|TRANSCRIPTOMIC SINGLE CELL|cDNA	BD Rhapsody;bulk RNA-seq
PRJNA1149662	4	4	4	1	True	1	0	0.0	False			RNA-Seq|TRANSCRIPTOMIC|cDNA	bulk RNA-seq
PRJNA1157415	4	4	4	1	True	1	0	0.0	False			OTHER|GENOMIC|other	bulk RNA-seq
PRJNA1162489	4	4	4	1	True	1	0	0.0	False			RNA-Seq|TRANSCRIPTOMIC|cDNA	bulk RNA-seq
PRJNA1163098	4	4	4	1	True	1	0	0.0	False			RNA-Seq|TRANSCRIPTOMIC|cDNA	10x Genomics Chromium
PRJNA1166116	4	4	4	1	True	1	0	0.0	False			RNA-Seq|TRANSCRIPTOMIC SINGLE CELL|cDNA	single nucleus RNA-seq
PRJNA1170298	4	8	8	3	False	1	0	0.0	False			RNA-Seq|TRANSCRIPTOMIC SINGLE CELL|cDNA_oligo_dT	10x Genomics Chromium;Chromium Single Cell 3'
PRJNA1171307	4	4	4	1	True	1	0	0.0	False			RNA-Seq|TRANSCRIPTOMIC|cDNA	bulk RNA-seq
PRJNA1173593	4	4	5	2	False	1	5	1.0	False		0.8	RNA-Seq|TRANSCRIPTOMIC|cDNA	TruSeq Stranded mRNA
PRJNA1174233	4	4	8	2	False	1	0	0.0	False			OTHER|TRANSCRIPTOMIC|other	BD Rhapsody
PRJNA1177808	4	4	4	1	True	1	0	0.0	False			RNA-Seq|TRANSCRIPTOMIC SINGLE CELL|cDNA	10x Genomics Chromium
PRJNA1182369	4	4	4	1	True	1	0	0.0	False			RNA-Seq|TRANSCRIPTOMIC SINGLE CELL|cDNA	BD Rhapsody
PRJNA1184354	4	4	4	1	True	1	4	1.0	False		1.0	OTHER|OTHER|other	BD Rhapsody
PRJNA1186171	4	4	4	1	True	1	0	0.0	False			RNA-Seq|TRANSCRIPTOMIC|cDNA	bulk RNA-seq
PRJNA1190422	4	4	8	2	False	1	0	0.0	False			ChIP-Seq|GENOMIC|ChIP	bulk RNA-seq
PRJNA1194990	4	4	4	1	True	1	0	0.0	False			RNA-Seq|TRANSCRIPTOMIC SINGLE CELL|cDNA	10x Genomics Chromium
PRJNA1195900	4	4	4	1	True	1	2	0.5	False		2.0	RNA-Seq|TRANSCRIPTOMIC SINGLE CELL|cDNA	10x Genomics Chromium
PRJNA1196089	4	4	4	1	True	1	0	0.0	False			RNA-Seq|TRANSCRIPTOMIC SINGLE CELL|cDNA	10x Genomics Chromium
PRJNA1196952	4	4	6	2	False	2	1	1.0	False		4.0	OTHER|OTHER|other;RNA-Seq|TRANSCRIPTOMIC SINGLE CELL|cDNA	10x Genomics Chromium
PRJNA1197977	4	4	8	3	False	1	0	0.0	False			RNA-Seq|TRANSCRIPTOMIC SINGLE CELL|cDNA	bulk RNA-seq
PRJNA1199770	4	4	4	1	True	1	0	0.0	False			ncRNA-Seq|TRANSCRIPTOMIC SINGLE CELL|PCR	single nucleus RNA-seq
PRJNA1201093	4	4	4	1	True	1	0	0.0	False			RNA-Seq|TRANSCRIPTOMIC|cDNA	bulk RNA-seq
PRJNA1204096	4	4	4	1	True	1	0	0.0	False			OTHER|TRANSCRIPTOMIC|other	bulk RNA-seq
PRJNA1207499	4	4	4	1	True	1	0	0.0	False			RNA-Seq|TRANSCRIPTOMIC|cDNA	bulk RNA-seq
PRJNA1209070	4	4	4	1	True	1	0	0.0	False			RNA-Seq|TRANSCRIPTOMIC SINGLE CELL|cDNA	10x Genomics Chromium
PRJNA1209912	4	4	4	1	True	1	0	0.0	False			RNA-Seq|TRANSCRIPTOMIC|cDNA	bulk RNA-seq
PRJNA1216274	4	4	4	1	True	1	0	0.0	False			RNA-Seq|TRANSCRIPTOMIC|cDNA	bulk RNA-seq
PRJNA1216659	4	4	4	1	True	1	0	0.0	False			RNA-Seq|TRANSCRIPTOMIC|cDNA	bulk RNA-seq
PRJNA1222442	4	4	4	1	True	1	0	0.0	False			RNA-Seq|TRANSCRIPTOMIC|cDNA	bulk RNA-seq
PRJNA1225326	4	4	4	1	True	1	0	0.0	False			RNA-Seq|TRANSCRIPTOMIC|cDNA	bulk RNA-seq
PRJNA1226635	4	4	36	12	False	2	0	0.0	False			RNA-Seq|GENOMIC SINGLE CELL|cDNA;RNA-Seq|TRANSCRIPTOMIC SINGLE CELL|cDNA	10x Genomics Chromium
PRJNA1229589	4	4	20	8	False	1	0	0.0	False			RNA-Seq|TRANSCRIPTOMIC SINGLE CELL|cDNA	10x Genomics Chromium
PRJNA1232122	4	4	4	1	True	1	0	0.0	False			RNA-Seq|TRANSCRIPTOMIC SINGLE CELL|cDNA	inDrop
PRJNA1235676	4	4	4	1	True	1	0	0.0	False			RNA-Seq|TRANSCRIPTOMIC|cDNA	TruSeq Stranded mRNA
PRJNA1236401	4	4	4	1	True	2	0	0.0	False			ATAC-seq|GENOMIC SINGLE CELL|other;RNA-Seq|TRANSCRIPTOMIC SINGLE CELL|cDNA	10x Genomics Chromium
PRJNA1243367	4	4	4	1	True	1	0	0.0	False			RNA-Seq|TRANSCRIPTOMIC|cDNA	bulk RNA-seq
PRJNA1244319	4	4	16	4	False	1	0	0.0	False			OTHER|TRANSCRIPTOMIC|other	10x Genomics Chromium
PRJNA1246562	4	4	4	1	True	1	0	0.0	False			RNA-Seq|TRANSCRIPTOMIC SINGLE CELL|cDNA	bulk RNA-seq
PRJNA1247690	4	4	4	1	True	1	0	0.0	False			RNA-Seq|TRANSCRIPTOMIC|cDNA	bulk RNA-seq
PRJNA1247982	4	4	16	4	False	1	0	0.0	False			RNA-Seq|TRANSCRIPTOMIC|cDNA	bulk RNA-seq
PRJNA1248474	4	4	4	1	True	1	0	0.0	False			OTHER|GENOMIC|other	bulk RNA-seq
PRJNA1248475	4	4	4	1	True	1	0	0.0	False			RNA-Seq|TRANSCRIPTOMIC|cDNA	bulk RNA-seq
PRJNA1248878	4	4	16	4	False	1	0	0.0	False			RNA-Seq|TRANSCRIPTOMIC SINGLE CELL|cDNA	bulk RNA-seq
PRJNA1248951	4	4	4	1	True	1	0	0.0	False			RNA-Seq|TRANSCRIPTOMIC|cDNA	bulk RNA-seq
PRJNA1250282	4	4	4	1	True	1	0	0.0	False			RNA-Seq|TRANSCRIPTOMIC SINGLE CELL|cDNA	10x Genomics Chromium
PRJNA1251587	4	4	4	1	True	1	0	0.0	False			RNA-Seq|TRANSCRIPTOMIC SINGLE CELL|cDNA	10x Genomics Chromium
PRJNA1253741	4	4	10	3	False	1	0	0.0	False			OTHER|TRANSCRIPTOMIC|other	single nucleus RNA-seq
PRJNA1254252	4	4	4	1	True	1	0	0.0	False			RNA-Seq|TRANSCRIPTOMIC|cDNA	bulk RNA-seq
PRJNA1255072	4	4	4	1	True	1	0	0.0	False			OTHER|GENOMIC|other	bulk RNA-seq
PRJNA1261824	4	4	8	3	False	1	0	0.0	False			RNA-Seq|TRANSCRIPTOMIC SINGLE CELL|cDNA	10x Genomics Chromium
PRJNA1265191	4	4	7	2	False	1	0	0.0	False			RNA-Seq|TRANSCRIPTOMIC SINGLE CELL|cDNA	bulk RNA-seq
PRJNA1266232	4	4	4	1	True	1	0	0.0	False			RNA-Seq|TRANSCRIPTOMIC SINGLE CELL|cDNA	10x Genomics Chromium
PRJNA1269448	4	4	4	1	True	1	0	0.0	False			RNA-Seq|TRANSCRIPTOMIC SINGLE CELL|cDNA	bulk RNA-seq
PRJNA1274884	4	4	4	1	True	1	0	0.0	False			RNA-Seq|TRANSCRIPTOMIC SINGLE CELL|PolyA	single nucleus RNA-seq
PRJNA1276481	4	4	10	3	False	1	0	0.0	False			RNA-Seq|TRANSCRIPTOMIC SINGLE CELL|cDNA	10x Genomics Chromium
PRJNA1277270	4	4	4	1	True	1	0	0.0	False			RNA-Seq|TRANSCRIPTOMIC SINGLE CELL|cDNA	10x Genomics Chromium
PRJNA1279991	4	4	4	1	True	1	0	0.0	False			RNA-Seq|TRANSCRIPTOMIC SINGLE CELL|cDNA	10x Genomics Chromium;BD Rhapsody
PRJNA1283060	4	4	32	8	False	1	0	0.0	False			RNA-Seq|TRANSCRIPTOMIC SINGLE CELL|cDNA	10x Genomics Chromium
PRJNA1283237	4	4	4	1	True	1	0	0.0	False			ATAC-seq|GENOMIC|other	10x Genomics Chromium
PRJNA1286132	4	4	4	1	True	1	0	0.0	False			RNA-Seq|TRANSCRIPTOMIC|cDNA_oligo_dT	10x Genomics Chromium
PRJNA1290215	4	4	4	1	True	1	0	0.0	False			RNA-Seq|TRANSCRIPTOMIC|cDNA	bulk RNA-seq
PRJNA1295447	4	4	4	1	True	1	0	0.0	False			RNA-Seq|TRANSCRIPTOMIC SINGLE CELL|cDNA	10x Genomics Chromium
PRJNA1298524	4	4	4	1	True	1	1	0.25	False		4.0	RNA-Seq|TRANSCRIPTOMIC SINGLE CELL|Oligo-dT	10x Genomics Chromium
PRJNA1301136	4	4	12	3	False	1	0	0.0	False			RNA-Seq|TRANSCRIPTOMIC SINGLE CELL|cDNA	single nucleus RNA-seq
PRJNA1304006	4	4	4	1	True	1	0	0.0	False			RNA-Seq|TRANSCRIPTOMIC|cDNA	bulk RNA-seq
PRJNA1304391	4	4	10	4	False	2	0	0.0	False			ATAC-seq|GENOMIC SINGLE CELL|other;RNA-Seq|TRANSCRIPTOMIC SINGLE CELL|cDNA	10x Genomics Chromium
PRJNA1308050	4	4	4	1	True	1	0	0.0	False			RNA-Seq|TRANSCRIPTOMIC|cDNA	TruSeq Stranded mRNA
PRJNA1308468	4	4	16	4	False	1	0	0.0	False			RNA-Seq|TRANSCRIPTOMIC SINGLE CELL|cDNA	single nucleus RNA-seq
PRJNA1311965	4	4	4	1	True	1	0	0.0	False			RNA-Seq|TRANSCRIPTOMIC SINGLE CELL|cDNA	10x Genomics Chromium
PRJNA1336097	4	4	4	1	True	2	0	0.0	False			OTHER|TRANSCRIPTOMIC|other;RNA-Seq|TRANSCRIPTOMIC SINGLE CELL|cDNA	10x Genomics Chromium
PRJNA1336121	4	4	4	1	True	1	0	0.0	False			RNA-Seq|TRANSCRIPTOMIC|cDNA	bulk RNA-seq
PRJNA1336236	4	4	4	1	True	1	0	0.0	False			RNA-Seq|TRANSCRIPTOMIC SINGLE CELL|cDNA	10x Genomics Chromium
PRJNA1344263	4	193	193	94	False	1	0	0.0	False			RNA-Seq|TRANSCRIPTOMIC|PolyA	bulk RNA-seq
PRJNA1365245	4	4	4	1	True	1	0	0.0	False			RNA-Seq|TRANSCRIPTOMIC|cDNA	bulk RNA-seq
PRJNA1367491	4	4	4	1	True	1	0	0.0	False			OTHER|GENOMIC|other	bulk RNA-seq
PRJNA1367495	4	4	4	1	True	1	0	0.0	False			ATAC-seq|GENOMIC|other	bulk RNA-seq
PRJNA1368608	4	4	4	1	True	1	0	0.0	False			RNA-Seq|TRANSCRIPTOMIC SINGLE CELL|cDNA	10x Genomics Chromium
PRJNA1368629	4	4	4	1	True	1	0	0.0	False			RNA-Seq|TRANSCRIPTOMIC SINGLE CELL|cDNA	10x Genomics Chromium
PRJNA1370035	4	4	4	1	True	1	0	0.0	False			RNA-Seq|TRANSCRIPTOMIC SINGLE CELL|cDNA	single nucleus RNA-seq
PRJNA1373211	4	4	21	7	False	1	2	1.0	False		2.0	RNA-Seq|TRANSCRIPTOMIC SINGLE CELL|cDNA	10x Genomics Chromium
PRJNA1375790	4	4	4	1	True	1	0	0.0	False			RNA-Seq|TRANSCRIPTOMIC SINGLE CELL|cDNA	10x Genomics Chromium
PRJNA1380473	4	12	12	3	False	1	0	0.0	False			RNA-Seq|TRANSCRIPTOMIC|Oligo-dT	bulk RNA-seq
PRJNA1389642	4	4	6	3	False	2	0	0.0	False			RNA-Seq|OTHER|cDNA;RNA-Seq|TRANSCRIPTOMIC SINGLE CELL|cDNA	BD Rhapsody
PRJNA1390601	4	4	4	1	True	1	0	0.0	False			RNA-Seq|TRANSCRIPTOMIC|cDNA	bulk RNA-seq
PRJNA1392046	4	4	4	1	True	1	0	0.0	False			RNA-Seq|TRANSCRIPTOMIC SINGLE CELL|cDNA	10x Genomics Chromium
PRJNA1393384	4	4	8	2	False	1	1	0.75	False		4.0	RNA-Seq|TRANSCRIPTOMIC SINGLE CELL|cDNA	BD Rhapsody
PRJNA1394987	4	4	4	1	True	1	1	0.5	False		4.0	RNA-Seq|TRANSCRIPTOMIC SINGLE CELL|cDNA	10x Genomics Chromium
PRJNA1398884	4	4	4	1	True	1	0	0.0	False			ATAC-seq|GENOMIC|other	10x Genomics Chromium
PRJNA1400582	4	4	8	2	False	1	0	0.0	False			RNA-Seq|TRANSCRIPTOMIC SINGLE CELL|cDNA	10x Genomics Chromium;single nucleus RNA-seq
PRJNA1402440	4	4	4	1	True	1	1	1.0	False		4.0	RNA-Seq|TRANSCRIPTOMIC SINGLE CELL|cDNA	10x Genomics Chromium
PRJNA1405456	4	4	4	1	True	1	0	0.0	False			RNA-Seq|TRANSCRIPTOMIC|cDNA	bulk RNA-seq
PRJNA1412510	4	4	4	1	True	2	0	0.0	False			ATAC-seq|TRANSCRIPTOMIC SINGLE CELL|other;RNA-Seq|TRANSCRIPTOMIC SINGLE CELL|cDNA	single nucleus RNA-seq
PRJNA1419721	4	4	18	8	False	2	0	0.0	False			ATAC-seq|GENOMIC SINGLE CELL|other;RNA-Seq|TRANSCRIPTOMIC SINGLE CELL|cDNA	single nucleus RNA-seq
PRJNA1420649	4	4	4	1	True	1	0	0.0	False			RNA-Seq|TRANSCRIPTOMIC SINGLE CELL|cDNA	BD Rhapsody
PRJNA1421123	4	4	4	1	True	1	0	0.0	False			RNA-Seq|TRANSCRIPTOMIC SINGLE CELL|Oligo-dT	single nucleus RNA-seq
PRJNA1422177	4	4	4	1	True	1	0	0.0	False			RNA-Seq|TRANSCRIPTOMIC|cDNA	bulk RNA-seq
PRJNA1422521	4	4	4	1	True	1	0	0.0	False			RNA-Seq|TRANSCRIPTOMIC|cDNA	bulk RNA-seq
PRJNA1430790	4	4	4	1	True	1	0	0.0	False			Hi-C|GENOMIC|other	bulk RNA-seq
PRJNA1432097	4	4	4	1	True	1	0	0.0	False			RNA-Seq|TRANSCRIPTOMIC SINGLE CELL|cDNA	10x Genomics Chromium
PRJNA1435810	4	12	12	3	False	2	0	0.0	False			OTHER|TRANSCRIPTOMIC SINGLE CELL|cDNA;RNA-Seq|TRANSCRIPTOMIC SINGLE CELL|cDNA	10x Genomics Chromium
PRJNA1440509	4	4	4	1	True	1	0	0.0	False			RNA-Seq|TRANSCRIPTOMIC SINGLE CELL|cDNA	10x Genomics Chromium;single nucleus RNA-seq
PRJNA1440938	4	4	4	1	True	1	0	0.0	False			ATAC-seq|TRANSCRIPTOMIC SINGLE CELL|cDNA	single nucleus RNA-seq
PRJNA1442345	4	4	4	1	True	1	0	0.0	False			RNA-Seq|TRANSCRIPTOMIC|PolyA	bulk RNA-seq
PRJNA1445821	4	4	4	1	True	1	0	0.0	False			RNA-Seq|TRANSCRIPTOMIC SINGLE CELL|cDNA	single nucleus RNA-seq
PRJNA1450007	4	4	4	1	True	1	0	0.0	False			RNA-Seq|TRANSCRIPTOMIC SINGLE CELL|cDNA	single nucleus RNA-seq
PRJNA1451399	4	4	4	1	True	1	0	0.0	False			RNA-Seq|TRANSCRIPTOMIC|PCR	bulk RNA-seq
PRJNA1451512	4	4	6	2	False	1	0	0.0	False			RNA-Seq|TRANSCRIPTOMIC SINGLE CELL|cDNA	10x Genomics Chromium
PRJNA1453244	4	4	4	1	True	1	0	0.0	False			RNA-Seq|TRANSCRIPTOMIC|cDNA_randomPriming	bulk RNA-seq
PRJNA1453907	4	4	16	4	False	1	0	0.0	False			RNA-Seq|TRANSCRIPTOMIC SINGLE CELL|cDNA	10x Genomics Chromium
PRJNA1454925	4	4	4	1	True	1	0	0.0	False			RNA-Seq|TRANSCRIPTOMIC|cDNA	bulk RNA-seq
PRJNA1458037	4	4	8	2	False	1	0	0.0	False			RNA-Seq|TRANSCRIPTOMIC SINGLE CELL|cDNA	10x Genomics Chromium
PRJNA1458063	4	4	4	1	True	1	0	0.0	False			OTHER|GENOMIC|other	bulk RNA-seq
PRJNA1458840	4	4	32	8	False	1	0	0.0	False			RNA-Seq|TRANSCRIPTOMIC SINGLE CELL|cDNA	bulk RNA-seq
PRJNA1462784	4	4	4	1	True	1	0	0.0	False			OTHER|GENOMIC|other	BD Rhapsody
PRJNA1465890	4	4	4	1	True	1	0	0.0	False			RNA-Seq|TRANSCRIPTOMIC|cDNA	bulk RNA-seq
PRJNA1467483	4	4	4	1	True	2	0	0.0	False			ATAC-seq|GENOMIC SINGLE CELL|other;RNA-Seq|TRANSCRIPTOMIC SINGLE CELL|cDNA	10x Genomics Chromium;single nucleus RNA-seq
PRJNA1467653	4	4	4	1	True	2	0	0.0	False			ATAC-seq|GENOMIC SINGLE CELL|other;RNA-Seq|TRANSCRIPTOMIC SINGLE CELL|cDNA	10x Genomics Chromium;single nucleus RNA-seq
PRJNA1468190	4	4	8	2	False	1	0	0.0	False			RNA-Seq|TRANSCRIPTOMIC SINGLE CELL|cDNA	10x Genomics Chromium
PRJNA1471143	4	4	4	1	True	1	0	0.0	False			RNA-Seq|TRANSCRIPTOMIC|cDNA	bulk RNA-seq
PRJNA1475481	4	4	4	1	True	1	0	0.0	False			RNA-Seq|TRANSCRIPTOMIC|cDNA	bulk RNA-seq
PRJNA1476689	4	4	4	1	True	2	0	0.0	False			ATAC-seq|GENOMIC SINGLE CELL|other;RNA-Seq|TRANSCRIPTOMIC SINGLE CELL|cDNA	10x Genomics Chromium
PRJNA1479667	4	4	32	8	False	1	0	0.0	False			RNA-Seq|TRANSCRIPTOMIC SINGLE CELL|cDNA	10x Genomics Chromium
PRJNA1481093	4	4	4	1	True	1	0	0.0	False			RNA-Seq|TRANSCRIPTOMIC|cDNA	bulk RNA-seq
PRJNA1481202	4	4	32	8	False	2	0	0.0	False			OTHER|OTHER|other;RNA-Seq|TRANSCRIPTOMIC SINGLE CELL|cDNA	10x Genomics Chromium
PRJNA1485000	4	4	4	1	True	1	0	0.0	False			RNA-Seq|TRANSCRIPTOMIC|cDNA	bulk RNA-seq
PRJNA1491291	4	4	4	1	True	1	0	0.0	False			RNA-Seq|TRANSCRIPTOMIC SINGLE CELL|cDNA	10x Genomics Chromium
PRJNA1492596	4	4	4	1	True	1	0	0.0	False			RNA-Seq|TRANSCRIPTOMIC|cDNA	bulk RNA-seq
PRJNA254838	4	4	8	2	False	1	0	0.0	False			RNA-Seq|TRANSCRIPTOMIC|cDNA	polyA selected RNA-seq
PRJNA312955	4	4	4	1	True	1	0	0.0	False			RNA-Seq|TRANSCRIPTOMIC|cDNA	polyA selected RNA-seq
PRJNA345153	4	4	4	1	True	1	0	0.0	False			RNA-Seq|TRANSCRIPTOMIC|RANDOM	TruSeq Stranded mRNA
PRJNA361222	4	4	4	1	True	1	0	0.0	False			RNA-Seq|TRANSCRIPTOMIC|cDNA	TruSeq Stranded mRNA
PRJNA369393	4	4	4	1	True	1	0	0.0	False			RNA-Seq|TRANSCRIPTOMIC|cDNA	Drop-seq
PRJNA389775	4	4	4	1	True	1	0	0.0	False			RNA-Seq|TRANSCRIPTOMIC|cDNA	bulk RNA-seq
PRJNA393307	4	4	16	4	False	1	0	0.0	False			RNA-Seq|TRANSCRIPTOMIC|cDNA	Drop-seq
PRJNA401672	4	4	4	1	True	1	0	0.0	False			RNA-Seq|TRANSCRIPTOMIC|cDNA	10x Genomics Chromium
PRJNA407819	4	4	4	1	True	1	0	0.0	False			RNA-Seq|TRANSCRIPTOMIC|cDNA	TruSeq Stranded mRNA
PRJNA418587	4	4	4	1	True	1	2	0.5	False		2.0	RNA-Seq|TRANSCRIPTOMIC|cDNA	10x Genomics Chromium
PRJNA430800	4	4	4	1	True	1	1	1.0	False		4.0	RNA-Seq|TRANSCRIPTOMIC|cDNA	Drop-seq
PRJNA432545	4	4	4	1	True	1	0	0.0	False			RNA-Seq|TRANSCRIPTOMIC|cDNA	TruSeq Stranded mRNA
PRJNA436558	4	4	4	1	True	1	0	0.0	False			RNA-Seq|TRANSCRIPTOMIC|cDNA	TruSeq Stranded mRNA
PRJNA437576	4	4	4	1	True	1	0	0.0	False			RNA-Seq|TRANSCRIPTOMIC|cDNA	TruSeq Stranded mRNA
PRJNA438067	4	4	4	1	True	1	0	0.0	False			RNA-Seq|TRANSCRIPTOMIC|cDNA	Drop-seq
PRJNA450410	4	4	4	1	True	1	0	0.0	False			RNA-Seq|TRANSCRIPTOMIC|cDNA	10x Genomics Chromium
PRJNA471293	4	4	7	2	False	2	0	0.0	False			ATAC-seq|GENOMIC|other;RNA-Seq|TRANSCRIPTOMIC|cDNA	inDrop
PRJNA475991	4	4	4	1	True	1	0	0.0	False			RNA-Seq|TRANSCRIPTOMIC|cDNA	TruSeq Stranded mRNA
PRJNA482113	4	4	4	1	True	1	1	1.0	False		4.0	RNA-Seq|TRANSCRIPTOMIC|cDNA	Drop-seq
PRJNA486367	4	4	4	1	True	1	0	0.0	False			RNA-Seq|TRANSCRIPTOMIC|cDNA	TruSeq Stranded mRNA
PRJNA490354	4	4	4	1	True	1	0	0.0	False			RNA-Seq|TRANSCRIPTOMIC|cDNA	Drop-seq
PRJNA497380	4	4	4	1	True	1	0	0.0	False			RNA-Seq|TRANSCRIPTOMIC|cDNA	Drop-seq;bulk RNA-seq
PRJNA504644	4	4	130	53	False	1	0	0.0	False			RNA-Seq|TRANSCRIPTOMIC|cDNA	Drop-seq
PRJNA521691	4	4	4	1	True	1	0	0.0	False			RNA-Seq|TRANSCRIPTOMIC|cDNA	bulk RNA-seq
PRJNA523016	4	4	4	1	True	1	0	0.0	False			RNA-Seq|TRANSCRIPTOMIC|cDNA	10x Genomics Chromium;bulk RNA-seq
PRJNA528319	4	4	7	2	False	1	0	0.0	False			RNA-Seq|TRANSCRIPTOMIC|cDNA	bulk RNA-seq
PRJNA529890	4	4	4	1	True	1	3	0.75	False		1.33	RNA-Seq|TRANSCRIPTOMIC|cDNA	Drop-seq
PRJNA530391	4	4	4	1	True	1	0	0.0	False			RNA-Seq|TRANSCRIPTOMIC|cDNA	10x Genomics Chromium
PRJNA541014	4	4	10	7	False	1	0	0.0	False			RNA-Seq|TRANSCRIPTOMIC|cDNA	10x Genomics Chromium
PRJNA542614	4	4	4	1	True	1	0	0.0	False			RNA-Seq|TRANSCRIPTOMIC|cDNA	bulk RNA-seq
PRJNA545834	4	4	4	1	True	1	0	0.0	False			RNA-Seq|TRANSCRIPTOMIC|cDNA	Drop-seq
PRJNA551751	4	4	4	1	True	1	0	0.0	False			RNA-Seq|TRANSCRIPTOMIC|cDNA	single nucleus RNA-seq
PRJNA551754	4	4	4	1	True	1	0	0.0	False			RNA-Seq|TRANSCRIPTOMIC|cDNA	single nucleus RNA-seq
PRJNA552689	4	4	4	1	True	1	0	0.0	False			RNA-Seq|TRANSCRIPTOMIC|cDNA	10x Genomics Chromium
PRJNA554015	4	4	8	2	False	1	0	0.0	False			RNA-Seq|TRANSCRIPTOMIC|cDNA	bulk RNA-seq
PRJNA555423	4	4	8	2	False	1	0	0.0	False			RNA-Seq|TRANSCRIPTOMIC|cDNA	10x Genomics Chromium
PRJNA556354	4	4	4	1	True	1	0	0.0	False			RNA-Seq|TRANSCRIPTOMIC|cDNA	TruSeq Stranded mRNA
PRJNA561346	4	4	4	1	True	1	0	0.0	False			RNA-Seq|TRANSCRIPTOMIC|cDNA	bulk RNA-seq
PRJNA565932	4	4	4	1	True	1	0	0.0	False			RNA-Seq|TRANSCRIPTOMIC|cDNA	bulk RNA-seq
PRJNA566455	4	4	16	4	False	1	0	0.0	False			RNA-Seq|TRANSCRIPTOMIC|cDNA	10x Genomics Chromium;single nucleus RNA-seq
PRJNA566529	4	4	16	4	False	1	0	0.0	False			RNA-Seq|TRANSCRIPTOMIC|cDNA	10x Genomics Chromium;single nucleus RNA-seq
PRJNA573076	4	4	4	1	True	1	0	0.0	False			RNA-Seq|TRANSCRIPTOMIC|cDNA	10x Genomics Chromium
PRJNA576461	4	4	4	1	True	1	2	0.5	False		2.0	RNA-Seq|TRANSCRIPTOMIC|cDNA	10x Genomics Chromium
PRJNA577681	4	4	4	1	True	1	0	0.0	False			RNA-Seq|TRANSCRIPTOMIC|cDNA	bulk RNA-seq
PRJNA580032	4	4	4	1	True	1	0	0.0	False			RNA-Seq|TRANSCRIPTOMIC|cDNA	10x Genomics Chromium
PRJNA587707	4	4	576	192	False	1	0	0.0	False			RNA-Seq|TRANSCRIPTOMIC|cDNA	sci-RNA-seq
PRJNA594854	4	4	32	8	False	1	0	0.0	False			RNA-Seq|TRANSCRIPTOMIC|cDNA	10x Genomics Chromium
PRJNA597043	4	4	64	16	False	1	0	0.0	False			RNA-Seq|TRANSCRIPTOMIC|cDNA	10x Genomics Chromium
PRJNA597151	4	4	4	1	True	1	2	0.5	False		2.0	RNA-Seq|TRANSCRIPTOMIC|cDNA	10x Genomics Chromium
PRJNA600214	4	4	16	4	False	1	0	0.0	False			RNA-Seq|TRANSCRIPTOMIC|cDNA	10x Genomics Chromium
PRJNA605359	4	4	16	4	False	1	0	0.0	False			RNA-Seq|TRANSCRIPTOMIC|cDNA	bulk RNA-seq
PRJNA605453	4	4	4	1	True	1	0	0.0	False			RIP-Seq|TRANSCRIPTOMIC|other	TruSeq Stranded mRNA
PRJNA606548	4	4	4	1	True	1	0	0.0	False			ChIP-Seq|GENOMIC|ChIP	bulk RNA-seq
PRJNA607306	4	4	4	1	True	1	0	0.0	False			OTHER|TRANSCRIPTOMIC|other	10x Genomics Chromium
PRJNA609101	4	4	4	1	True	1	0	0.0	False			RNA-Seq|TRANSCRIPTOMIC|cDNA	bulk RNA-seq
PRJNA609705	4	4	4	1	True	1	0	0.0	False			RNA-Seq|TRANSCRIPTOMIC|cDNA	bulk RNA-seq
PRJNA610609	4	4	4	1	True	1	0	0.0	False			RNA-Seq|TRANSCRIPTOMIC|cDNA	bulk RNA-seq
PRJNA611612	4	4	4	1	True	1	0	0.0	False			RNA-Seq|TRANSCRIPTOMIC|cDNA	bulk RNA-seq
PRJNA612700	4	4	4	1	True	1	0	0.0	False			RNA-Seq|TRANSCRIPTOMIC|cDNA	bulk RNA-seq
PRJNA613680	4	4	4	1	True	1	0	0.0	False			RNA-Seq|TRANSCRIPTOMIC|cDNA	Drop-seq
PRJNA624068	4	4	4	1	True	1	0	0.0	False			RNA-Seq|TRANSCRIPTOMIC|cDNA	Drop-seq
PRJNA625323	4	4	4	1	True	1	0	0.0	False			RNA-Seq|TRANSCRIPTOMIC|cDNA	bulk RNA-seq
PRJNA626620	4	4	4	1	True	1	0	0.0	False			RNA-Seq|TRANSCRIPTOMIC|cDNA	TruSeq Stranded mRNA
PRJNA627490	4	4	4	1	True	1	0	0.0	False			RNA-Seq|TRANSCRIPTOMIC|cDNA	10x Genomics Chromium
PRJNA627726	4	4	4	1	True	1	0	0.0	False			RNA-Seq|TRANSCRIPTOMIC|cDNA	10x Genomics Chromium
PRJNA631512	4	4	4	1	True	1	0	0.0	False			RNA-Seq|TRANSCRIPTOMIC|cDNA	10x Genomics Chromium
PRJNA633592	4	4	4	1	True	1	0	0.0	False			RNA-Seq|TRANSCRIPTOMIC|cDNA	bulk RNA-seq
PRJNA637536	4	4	16	4	False	1	0	0.0	False			RNA-Seq|TRANSCRIPTOMIC|cDNA	10x Genomics Chromium
PRJNA638894	4	4	4	1	True	1	2	1.0	False		2.0	RNA-Seq|TRANSCRIPTOMIC|cDNA	bulk RNA-seq
PRJNA640401	4	4	20	8	False	1	0	0.0	False			RNA-Seq|TRANSCRIPTOMIC|cDNA	10x Genomics Chromium
PRJNA641419	4	4	14	4	False	1	0	0.0	False			RNA-Seq|TRANSCRIPTOMIC|cDNA	10x Genomics Chromium
PRJNA641898	4	4	4	1	True	1	0	0.0	False			RNA-Seq|TRANSCRIPTOMIC|cDNA	10x Genomics Chromium
PRJNA645134	4	4	32	8	False	1	0	0.0	False			RNA-Seq|TRANSCRIPTOMIC|cDNA	10x Genomics Chromium
PRJNA645423	4	4	4	1	True	1	0	0.0	False			RNA-Seq|TRANSCRIPTOMIC|cDNA	10x Genomics Chromium
PRJNA646458	4	4	4	1	True	1	0	0.0	False			RNA-Seq|TRANSCRIPTOMIC|cDNA	bulk RNA-seq
PRJNA646540	4	4	4	1	True	1	0	0.0	False			RNA-Seq|TRANSCRIPTOMIC|cDNA	TruSeq Stranded mRNA
PRJNA648757	4	4	4	1	True	1	0	0.0	False			RNA-Seq|TRANSCRIPTOMIC|cDNA	bulk RNA-seq
PRJNA655701	4	4	32	8	False	1	0	0.0	False			RNA-Seq|TRANSCRIPTOMIC|cDNA	10x Genomics Chromium
PRJNA656782	4	4	4	1	True	1	0	0.0	False			RNA-Seq|TRANSCRIPTOMIC|cDNA	bulk RNA-seq
PRJNA656998	4	4	16	4	False	1	0	0.0	False			RNA-Seq|TRANSCRIPTOMIC|cDNA	10x Genomics Chromium
PRJNA657548	4	4	16	4	False	1	2	1.0	False		2.0	RNA-Seq|TRANSCRIPTOMIC|cDNA	10x Genomics Chromium
PRJNA661357	4	4	4	1	True	1	0	0.0	False			ATAC-seq|GENOMIC|other	bulk RNA-seq
PRJNA662628	4	4	4	1	True	1	0	0.0	False			RNA-Seq|TRANSCRIPTOMIC|cDNA	bulk RNA-seq
PRJNA662715	4	4	4	1	True	1	1	0.5	False		4.0	RNA-Seq|TRANSCRIPTOMIC|cDNA	10x Genomics Chromium
PRJNA662914	4	4	4	1	True	1	0	0.0	False			RNA-Seq|TRANSCRIPTOMIC|cDNA	10x Genomics Chromium
PRJNA670375	4	4	20	5	False	1	0	0.0	False			RNA-Seq|TRANSCRIPTOMIC|cDNA	10x Genomics Chromium
PRJNA672709	4	4	4	1	True	1	0	0.0	False			RNA-Seq|TRANSCRIPTOMIC|cDNA	Drop-seq
PRJNA673127	4	4	32	8	False	1	0	0.0	False			RNA-Seq|TRANSCRIPTOMIC|cDNA	10x Genomics Chromium
PRJNA673857	4	4	4	1	True	1	0	0.0	False			RNA-Seq|TRANSCRIPTOMIC|cDNA	bulk RNA-seq
PRJNA673890	4	4	16	4	False	1	0	0.0	False			RNA-Seq|TRANSCRIPTOMIC|cDNA	bulk RNA-seq
PRJNA678879	4	4	4	1	True	1	0	0.0	False			RNA-Seq|TRANSCRIPTOMIC|cDNA	TruSeq Stranded mRNA
PRJNA680275	4	4	4	1	True	1	0	0.0	False			RNA-Seq|TRANSCRIPTOMIC|cDNA	TruSeq Stranded mRNA
PRJNA682731	4	4	16	4	False	1	0	0.0	False			RNA-Seq|TRANSCRIPTOMIC|cDNA	10x Genomics Chromium
PRJNA685541	4	4	4	1	True	1	0	0.0	False			RNA-Seq|TRANSCRIPTOMIC|cDNA	10x Genomics Chromium
PRJNA686205	4	4	7	4	False	1	4	1.0	False		1.0	RNA-Seq|TRANSCRIPTOMIC|cDNA	10x Genomics Chromium
PRJNA687528	4	4	4	1	True	1	0	0.0	False			RNA-Seq|TRANSCRIPTOMIC|cDNA	bulk RNA-seq
PRJNA690929	4	4	8	2	False	1	1	0.5	False		4.0	RNA-Seq|TRANSCRIPTOMIC|cDNA	10x Genomics Chromium
PRJNA694557	4	4	4	1	True	1	0	0.0	False			RNA-Seq|TRANSCRIPTOMIC|cDNA	bulk RNA-seq
PRJNA695455	4	4	4	1	True	1	0	0.0	False			RNA-Seq|TRANSCRIPTOMIC|cDNA	Drop-seq
PRJNA702677	4	4	4	1	True	1	1	1.0	False		4.0	RNA-Seq|TRANSCRIPTOMIC|cDNA	10x Genomics Chromium
PRJNA702792	4	4	4	1	True	1	0	0.0	False			ATAC-seq|GENOMIC|other	10x Genomics Chromium
PRJNA702795	4	4	16	4	False	1	1	1.0	False		4.0	RNA-Seq|TRANSCRIPTOMIC|cDNA	10x Genomics Chromium
PRJNA704650	4	4	4	1	True	1	0	0.0	False			RNA-Seq|TRANSCRIPTOMIC|cDNA	bulk RNA-seq
PRJNA704971	4	4	16	4	False	1	0	0.0	False			RNA-Seq|TRANSCRIPTOMIC|cDNA	bulk RNA-seq
PRJNA705705	4	4	4	1	True	1	0	0.0	False			RNA-Seq|TRANSCRIPTOMIC|cDNA	10x Genomics Chromium
PRJNA705716	4	4	4	1	True	1	0	0.0	False			RNA-Seq|TRANSCRIPTOMIC|cDNA	10x Genomics Chromium
PRJNA706368	4	4	16	4	False	1	0	0.0	False			RNA-Seq|TRANSCRIPTOMIC|cDNA	10x Genomics Chromium;single nucleus RNA-seq
PRJNA714876	4	4	4	1	True	1	0	0.0	False			RNA-Seq|TRANSCRIPTOMIC|cDNA	TruSeq Stranded mRNA
PRJNA716952	4	4	4	1	True	1	0	0.0	False			RNA-Seq|TRANSCRIPTOMIC|cDNA	single nucleus RNA-seq
PRJNA719364	4	4	8	2	False	1	0	0.0	False			RNA-Seq|TRANSCRIPTOMIC|cDNA	TruSeq Stranded mRNA
PRJNA720674	4	4	4	1	True	1	0	0.0	False			RNA-Seq|TRANSCRIPTOMIC|cDNA	TruSeq Stranded mRNA
PRJNA723345	4	4	4	1	True	1	0	0.0	False			RNA-Seq|TRANSCRIPTOMIC|cDNA	single nucleus RNA-seq
PRJNA723559	4	4	16	4	False	1	1	0.25	False		4.0	RNA-Seq|TRANSCRIPTOMIC|cDNA	10x Genomics Chromium
PRJNA725511	4	4	4	1	True	1	0	0.0	False			RNA-Seq|TRANSCRIPTOMIC|cDNA	10x Genomics Chromium;Drop-seq
PRJNA727005	4	4	8	2	False	1	0	0.0	False			RNA-Seq|TRANSCRIPTOMIC|cDNA	10x Genomics Chromium
PRJNA729047	4	4	4	1	True	1	0	0.0	False			RNA-Seq|TRANSCRIPTOMIC|cDNA	Drop-seq
PRJNA730013	4	4	4	1	True	1	0	0.0	False			RNA-Seq|TRANSCRIPTOMIC|cDNA	10x Genomics Chromium
PRJNA739685	4	4	4	1	True	1	0	0.0	False			RNA-Seq|TRANSCRIPTOMIC|cDNA	bulk RNA-seq
PRJNA739718	4	4	4	1	True	1	0	0.0	False			RNA-Seq|TRANSCRIPTOMIC|cDNA	Drop-seq
PRJNA740020	4	4	4	1	True	1	0	0.0	False			RNA-Seq|TRANSCRIPTOMIC|cDNA	Drop-seq
PRJNA741996	4	4	4	1	True	1	0	0.0	False			RNA-Seq|TRANSCRIPTOMIC|cDNA	10x Genomics Chromium
PRJNA742422	4	4	4	1	True	1	0	0.0	False			RNA-Seq|TRANSCRIPTOMIC|cDNA	10x Genomics Chromium
PRJNA749729	4	4	4	1	True	1	0	0.0	False			RNA-Seq|TRANSCRIPTOMIC|cDNA	bulk RNA-seq
PRJNA754126	4	4	22	6	False	1	0	0.0	False			RNA-Seq|TRANSCRIPTOMIC|cDNA	bulk RNA-seq
PRJNA754151	4	4	4	1	True	1	0	0.0	False			RNA-Seq|TRANSCRIPTOMIC|cDNA	bulk RNA-seq
PRJNA755207	4	4	4	1	True	1	0	0.0	False			RNA-Seq|TRANSCRIPTOMIC|cDNA	TruSeq Stranded mRNA
PRJNA757950	4	4	13	4	False	1	0	0.0	False			RNA-Seq|TRANSCRIPTOMIC|cDNA	Drop-seq
PRJNA762337	4	4	4	1	True	1	0	0.0	False			RNA-Seq|TRANSCRIPTOMIC|cDNA	10x Genomics Chromium
PRJNA762555	4	4	5	2	False	1	0	0.0	False			RNA-Seq|TRANSCRIPTOMIC|cDNA	bulk RNA-seq
PRJNA765691	4	4	8	2	False	1	0	0.0	False			RNA-Seq|TRANSCRIPTOMIC|cDNA	10x Genomics Chromium
PRJNA766608	4	4	4	1	True	1	0	0.0	False			RNA-Seq|TRANSCRIPTOMIC|cDNA	TruSeq Stranded mRNA
PRJNA768269	4	4	4	1	True	1	0	0.0	False			RNA-Seq|TRANSCRIPTOMIC|cDNA	bulk RNA-seq
PRJNA769674	4	4	4	1	True	1	0	0.0	False			RNA-Seq|TRANSCRIPTOMIC|cDNA	TruSeq Stranded mRNA
PRJNA778751	4	4	4	1	True	1	0	0.0	False			RNA-Seq|TRANSCRIPTOMIC|cDNA	TruSeq Stranded mRNA
PRJNA780480	4	4	4	1	True	1	1	0.5	False		4.0	RNA-Seq|TRANSCRIPTOMIC|cDNA	10x Genomics Chromium
PRJNA781228	4	4	4	1	True	1	0	0.0	False			RNA-Seq|TRANSCRIPTOMIC|cDNA	10x Genomics Chromium
PRJNA781588	4	4	4	1	True	1	0	0.0	False			RNA-Seq|TRANSCRIPTOMIC|cDNA	bulk RNA-seq
PRJNA786580	4	4	4	1	True	1	0	0.0	False			RNA-Seq|TRANSCRIPTOMIC|cDNA	bulk RNA-seq
PRJNA786600	4	4	4	1	True	1	0	0.0	False			RNA-Seq|TRANSCRIPTOMIC|cDNA	Drop-seq
PRJNA787273	4	4	8	2	False	1	0	0.0	False			RNA-Seq|TRANSCRIPTOMIC|cDNA	10x Genomics Chromium
PRJNA787591	4	4	4	1	True	1	0	0.0	False			RNA-Seq|TRANSCRIPTOMIC|cDNA	10x Genomics Chromium
PRJNA790690	4	48	48	12	False	1	3	0.75	False		1.33	RNA-Seq|TRANSCRIPTOMIC|Oligo-dT	single nucleus RNA-seq
PRJNA791898	4	4	4	1	True	1	0	0.0	False			RNA-Seq|TRANSCRIPTOMIC|cDNA	polyA selected RNA-seq
PRJNA798075	4	4	4	1	True	1	0	0.0	False			RNA-Seq|TRANSCRIPTOMIC|cDNA	bulk RNA-seq
PRJNA802912	4	4	4	1	True	1	0	0.0	False			RNA-Seq|TRANSCRIPTOMIC|cDNA	polyA selected RNA-seq
PRJNA803189	4	4	8	2	False	1	0	0.0	False			RNA-Seq|TRANSCRIPTOMIC|cDNA	10x Genomics Chromium
PRJNA804212	4	4	4	1	True	1	0	0.0	False			RNA-Seq|TRANSCRIPTOMIC|cDNA	TruSeq Stranded mRNA
PRJNA810426	4	4	4	1	True	1	0	0.0	False			RNA-Seq|TRANSCRIPTOMIC|cDNA	BD Rhapsody
PRJNA814293	4	4	4	1	True	1	0	0.0	False			RNA-Seq|TRANSCRIPTOMIC|cDNA	bulk RNA-seq
PRJNA818331	4	4	8	2	False	1	0	0.0	False			RNA-Seq|TRANSCRIPTOMIC|cDNA	bulk RNA-seq
PRJNA818973	4	4	4	1	True	1	4	1.0	False		1.0	RNA-Seq|TRANSCRIPTOMIC|cDNA	bulk RNA-seq
PRJNA820016	4	4	4	1	True	1	0	0.0	False			RNA-Seq|TRANSCRIPTOMIC|cDNA	bulk RNA-seq
PRJNA821253	4	4	4	1	True	1	0	0.0	False			RNA-Seq|TRANSCRIPTOMIC|cDNA	bulk RNA-seq
PRJNA826424	4	4	16	4	False	1	0	0.0	False			RNA-Seq|TRANSCRIPTOMIC SINGLE CELL|cDNA	10x Genomics Chromium
PRJNA832227	4	4	4	1	True	1	0	0.0	False			RNA-Seq|TRANSCRIPTOMIC|cDNA	bulk RNA-seq
PRJNA832325	4	4	4	1	True	2	0	0.0	False			OTHER|OTHER|other;OTHER|TRANSCRIPTOMIC|other	10x Genomics Chromium
PRJNA832327	4	4	8	2	False	2	0	0.0	False			OTHER|OTHER|other;OTHER|TRANSCRIPTOMIC|other	10x Genomics Chromium
PRJNA838953	4	4	12	3	False	1	0	0.0	False			RNA-Seq|TRANSCRIPTOMIC|cDNA	bulk RNA-seq
PRJNA839000	4	4	4	1	True	1	0	0.0	False			RNA-Seq|TRANSCRIPTOMIC SINGLE CELL|cDNA	single nucleus RNA-seq
PRJNA839427	4	4	4	1	True	1	0	0.0	False			RNA-Seq|TRANSCRIPTOMIC|cDNA	10x Genomics Chromium
PRJNA839726	4	4	4	1	True	1	0	0.0	False			OTHER|TRANSCRIPTOMIC|other	BD Rhapsody
PRJNA841230	4	4	4	1	True	1	0	0.0	False			RNA-Seq|TRANSCRIPTOMIC SINGLE CELL|cDNA	10x Genomics Chromium
PRJNA843321	4	4	4	1	True	1	0	0.0	False			RNA-Seq|TRANSCRIPTOMIC SINGLE CELL|cDNA	10x Genomics Chromium
PRJNA844024	4	4	4	1	True	1	0	0.0	False			RNA-Seq|TRANSCRIPTOMIC SINGLE CELL|cDNA	bulk RNA-seq
PRJNA844967	4	4	4	1	True	1	0	0.0	False			RNA-Seq|TRANSCRIPTOMIC SINGLE CELL|cDNA	10x Genomics Chromium
PRJNA845750	4	4	4	1	True	1	0	0.0	False			RNA-Seq|TRANSCRIPTOMIC SINGLE CELL|cDNA	10x Genomics Chromium
PRJNA850786	4	4	4	1	True	1	0	0.0	False			RNA-Seq|TRANSCRIPTOMIC|cDNA	bulk RNA-seq
PRJNA852585	4	4	4	1	True	1	0	0.0	False			RNA-Seq|TRANSCRIPTOMIC|cDNA	bulk RNA-seq
PRJNA856639	4	4	16	4	False	1	0	0.0	False			RNA-Seq|TRANSCRIPTOMIC SINGLE CELL|cDNA	10x Genomics Chromium
PRJNA860959	4	4	4	1	True	1	0	0.0	False			RNA-Seq|TRANSCRIPTOMIC|cDNA	10x Genomics Chromium
PRJNA861295	4	4	4	1	True	1	0	0.0	False			RNA-Seq|TRANSCRIPTOMIC SINGLE CELL|cDNA	BD Rhapsody
PRJNA864627	4	4	4	1	True	1	0	0.0	False			RNA-Seq|TRANSCRIPTOMIC SINGLE CELL|cDNA	bulk RNA-seq
PRJNA864762	4	4	4	1	True	1	0	0.0	False			RNA-Seq|TRANSCRIPTOMIC SINGLE CELL|cDNA	BD Rhapsody
PRJNA870088	4	4	4	1	True	1	0	0.0	False			RNA-Seq|TRANSCRIPTOMIC SINGLE CELL|cDNA	10x Genomics Chromium
PRJNA878678	4	4	4	1	True	1	0	0.0	False			RNA-Seq|TRANSCRIPTOMIC|cDNA	bulk RNA-seq
PRJNA883235	4	4	4	1	True	1	2	0.5	False		2.0	RNA-Seq|TRANSCRIPTOMIC SINGLE CELL|cDNA	10x Genomics Chromium
PRJNA885830	4	4	4	1	True	1	1	0.5	False		4.0	RNA-Seq|TRANSCRIPTOMIC SINGLE CELL|cDNA	10x Genomics Chromium
PRJNA886491	4	4	4	1	True	1	0	0.0	False			RNA-Seq|TRANSCRIPTOMIC|PCR	bulk RNA-seq
PRJNA892644	4	4	4	1	True	1	0	0.0	False			RNA-Seq|TRANSCRIPTOMIC SINGLE CELL|cDNA	10x Genomics Chromium
PRJNA893396	4	4	4	1	True	2	0	0.0	False			OTHER|TRANSCRIPTOMIC|other;RNA-Seq|TRANSCRIPTOMIC SINGLE CELL|cDNA	10x Genomics Chromium
PRJNA893601	4	4	4	1	True	1	0	0.0	False			RNA-Seq|TRANSCRIPTOMIC SINGLE CELL|cDNA	Drop-seq
PRJNA894946	4	4	4	1	True	1	0	0.0	False			RNA-Seq|TRANSCRIPTOMIC|cDNA	bulk RNA-seq
PRJNA900568	4	4	4	1	True	1	0	0.0	False			RNA-Seq|TRANSCRIPTOMIC|PCR	bulk RNA-seq
PRJNA902387	4	4	4	1	True	1	0	0.0	False			RNA-Seq|TRANSCRIPTOMIC|cDNA	bulk RNA-seq
PRJNA903191	4	4	4	1	True	1	1	1.0	False		4.0	RNA-Seq|TRANSCRIPTOMIC|cDNA	bulk RNA-seq
PRJNA903192	4	4	4	1	True	1	1	1.0	False		4.0	RNA-Seq|TRANSCRIPTOMIC|cDNA	bulk RNA-seq
PRJNA903800	4	4	4	1	True	1	0	0.0	False			RNA-Seq|TRANSCRIPTOMIC|cDNA	bulk RNA-seq
PRJNA904777	4	4	4	1	True	1	0	0.0	False			RNA-Seq|TRANSCRIPTOMIC SINGLE CELL|cDNA	Drop-seq
PRJNA905814	4	4	4	1	True	1	0	0.0	False			RNA-Seq|TRANSCRIPTOMIC|cDNA	bulk RNA-seq
PRJNA907299	4	4	10	4	False	1	0	0.0	False			RNA-Seq|TRANSCRIPTOMIC SINGLE CELL|cDNA	10x Genomics Chromium
PRJNA907850	4	4	8	2	False	1	0	0.0	False			RNA-Seq|TRANSCRIPTOMIC|cDNA	bulk RNA-seq
PRJNA908817	4	4	4	1	True	2	0	0.0	False			ATAC-seq|GENOMIC SINGLE CELL|other;RNA-Seq|TRANSCRIPTOMIC SINGLE CELL|cDNA	10x Genomics Chromium
PRJNA909757	4	4	4	1	True	1	0	0.0	False			RNA-Seq|TRANSCRIPTOMIC|cDNA	bulk RNA-seq
PRJNA910592	4	4	12	4	False	1	0	0.0	False			RNA-Seq|TRANSCRIPTOMIC SINGLE CELL|cDNA	bulk RNA-seq
PRJNA911676	4	4	32	8	False	1	0	0.0	False			RNA-Seq|TRANSCRIPTOMIC SINGLE CELL|cDNA	10x Genomics Chromium
PRJNA913972	4	4	16	4	False	1	0	0.0	False			RNA-Seq|TRANSCRIPTOMIC SINGLE CELL|cDNA	single nucleus RNA-seq
PRJNA914284	4	4	4	1	True	1	0	0.0	False			ATAC-seq|GENOMIC|other	bulk RNA-seq
PRJNA918388	4	4	4	1	True	1	1	0.5	False		4.0	OTHER|GENOMIC|other	bulk RNA-seq
PRJNA922049	4	4	16	4	False	1	0	0.0	False			RNA-Seq|TRANSCRIPTOMIC SINGLE CELL|cDNA	10x Genomics Chromium;single nucleus RNA-seq
PRJNA923366	4	4	4	1	True	1	0	0.0	False			RNA-Seq|TRANSCRIPTOMIC|cDNA	bulk RNA-seq
PRJNA928414	4	4	4	1	True	2	0	0.0	False			OTHER|TRANSCRIPTOMIC|other;RNA-Seq|TRANSCRIPTOMIC SINGLE CELL|cDNA	10x Genomics Chromium
PRJNA934434	4	4	4	1	True	1	0	0.0	False			RNA-Seq|TRANSCRIPTOMIC|cDNA	bulk RNA-seq
PRJNA934551	4	4	8	2	False	1	0	0.0	False			RNA-Seq|TRANSCRIPTOMIC SINGLE CELL|cDNA	10x Genomics Chromium
PRJNA934576	4	4	48	24	False	1	0	0.0	False			RNA-Seq|TRANSCRIPTOMIC SINGLE CELL|cDNA	10x Genomics Chromium
PRJNA936922	4	4	18	8	False	1	1	1.0	False		4.0	RNA-Seq|TRANSCRIPTOMIC SINGLE CELL|cDNA	bulk RNA-seq
PRJNA937616	4	4	1245	766	False	1	0	0.0	False			RNA-Seq|TRANSCRIPTOMIC SINGLE CELL|cDNA	sci-RNA-seq
PRJNA938031	4	4	4	1	True	2	0	0.0	False			OTHER|TRANSCRIPTOMIC|other;RNA-Seq|TRANSCRIPTOMIC SINGLE CELL|cDNA	10x Genomics Chromium
PRJNA942281	4	4	4	1	True	1	0	0.0	False			RNA-Seq|TRANSCRIPTOMIC|cDNA	bulk RNA-seq
PRJNA945058	4	4	4	1	True	2	0	0.0	False			RNA-Seq|OTHER|cDNA;RNA-Seq|TRANSCRIPTOMIC SINGLE CELL|cDNA	single nucleus RNA-seq
PRJNA946665	4	4	4	1	True	1	0	0.0	False			RNA-Seq|TRANSCRIPTOMIC SINGLE CELL|cDNA	10x Genomics Chromium
PRJNA946724	4	4	4	1	True	1	0	0.0	False			RNA-Seq|TRANSCRIPTOMIC|cDNA	bulk RNA-seq
PRJNA947108	4	4	4	1	True	1	0	0.0	False			RNA-Seq|TRANSCRIPTOMIC SINGLE CELL|cDNA	10x Genomics Chromium
PRJNA951709	4	4	4	1	True	1	0	0.0	False			RNA-Seq|TRANSCRIPTOMIC|cDNA	bulk RNA-seq
PRJNA952261	4	4	4	1	True	1	0	0.0	False			RNA-Seq|TRANSCRIPTOMIC SINGLE CELL|cDNA	single nucleus RNA-seq
PRJNA953399	4	4	16	4	False	1	0	0.0	False			RNA-Seq|TRANSCRIPTOMIC SINGLE CELL|cDNA	10x Genomics Chromium
PRJNA956878	4	4	4	1	True	1	0	0.0	False			RNA-Seq|TRANSCRIPTOMIC|cDNA	bulk RNA-seq
PRJNA958211	4	4	4	1	True	1	0	0.0	False			RNA-Seq|TRANSCRIPTOMIC SINGLE CELL|cDNA	BD Rhapsody
PRJNA972765	4	4	4	1	True	1	1	0.5	False		4.0	RNA-Seq|TRANSCRIPTOMIC SINGLE CELL|cDNA	10x Genomics Chromium
PRJNA974454	4	4	4	1	True	1	0	0.0	False			RNA-Seq|TRANSCRIPTOMIC SINGLE CELL|cDNA	10x Genomics Chromium
PRJNA974851	4	4	4	1	True	1	0	0.0	False			RNA-Seq|TRANSCRIPTOMIC|cDNA	bulk RNA-seq
PRJNA974899	4	4	4	1	True	1	0	0.0	False			RNA-Seq|TRANSCRIPTOMIC|cDNA	bulk RNA-seq
PRJNA975600	4	4	4	1	True	1	0	0.0	False			RNA-Seq|TRANSCRIPTOMIC SINGLE CELL|cDNA	10x Genomics Chromium
PRJNA976292	4	4	4	1	True	1	4	1.0	False		1.0	RNA-Seq|TRANSCRIPTOMIC|cDNA	bulk RNA-seq
PRJNA977704	4	4	16	4	False	1	0	0.0	False			ATAC-seq|GENOMIC|other	10x Genomics Chromium
PRJNA979218	4	4	4	1	True	1	1	0.5	False		4.0	RNA-Seq|TRANSCRIPTOMIC|cDNA	bulk RNA-seq
PRJNA981447	4	4	4	1	True	1	0	0.0	False			OTHER|GENOMIC|other	bulk RNA-seq
PRJNA983211	4	4	4	1	True	2	0	0.0	False			ATAC-seq|GENOMIC SINGLE CELL|other;RNA-Seq|TRANSCRIPTOMIC SINGLE CELL|cDNA	single nucleus RNA-seq
PRJNA984166	4	4	14	4	False	1	0	0.0	False			RNA-Seq|TRANSCRIPTOMIC SINGLE CELL|cDNA	10x Genomics Chromium
PRJNA986435	4	4	16	4	False	1	0	0.0	False			ATAC-seq|GENOMIC|other	bulk RNA-seq
PRJNA986437	4	4	4	1	True	1	0	0.0	False			RNA-Seq|TRANSCRIPTOMIC|cDNA	bulk RNA-seq
PRJNA989091	4	4	4	1	True	1	1	0.5	False		4.0	RNA-Seq|TRANSCRIPTOMIC|cDNA	TruSeq Stranded mRNA
PRJNA992054	4	4	4	1	True	1	0	0.0	False			RNA-Seq|TRANSCRIPTOMIC|cDNA	bulk RNA-seq
PRJNA992075	4	4	4	1	True	1	0	0.0	False			RNA-Seq|TRANSCRIPTOMIC|cDNA	bulk RNA-seq
PRJNA992491	4	4	4	1	True	1	1	0.5	False		4.0	RNA-Seq|TRANSCRIPTOMIC SINGLE CELL|cDNA	bulk RNA-seq
PRJNA994502	4	4	8	2	False	1	0	0.0	False			RNA-Seq|TRANSCRIPTOMIC SINGLE CELL|cDNA	10x Genomics Chromium
PRJNA996240	4	4	4	1	True	1	0	0.0	False			RNA-Seq|TRANSCRIPTOMIC|cDNA	bulk RNA-seq
PRJNA996540	4	4	4	1	True	1	0	0.0	False			RNA-Seq|TRANSCRIPTOMIC|cDNA	bulk RNA-seq
PRJNA996988	4	4	16	4	False	1	0	0.0	False			ATAC-seq|GENOMIC|other	single nucleus RNA-seq
PRJNA996989	4	4	4	1	True	1	0	0.0	False			RNA-Seq|TRANSCRIPTOMIC SINGLE CELL|cDNA	single nucleus RNA-seq
PRJNA998264	4	4	28	8	False	1	0	0.0	False			RNA-Seq|TRANSCRIPTOMIC|cDNA	bulk RNA-seq
PRJNA999015	4	4	4	1	True	1	0	0.0	False			RNA-Seq|TRANSCRIPTOMIC SINGLE CELL|cDNA	BD Rhapsody
PRJNA999180	4	4	4	1	True	1	0	0.0	False			RNA-Seq|TRANSCRIPTOMIC SINGLE CELL|cDNA	SPLiT-seq
PRJNA999731	4	4	4	1	True	1	0	0.0	False			RNA-Seq|TRANSCRIPTOMIC|cDNA	bulk RNA-seq
PRJDB12244	3	3	3	1	True	1	0	0.0	False			RNA-Seq|TRANSCRIPTOMIC|cDNA	BD Rhapsody
PRJDB37726	3	3	3	1	True	1	0	0.0	False			RNA-Seq|TRANSCRIPTOMIC|Inverse rRNA	bulk RNA-seq
PRJDB9648	3	3	3	1	True	1	0	0.0	False			RNA-Seq|TRANSCRIPTOMIC|cDNA	Drop-seq
PRJEB122640	3	3	6	2	False	3	0	0.0	False			OTHER|OTHER|PCR;RNA-Seq|TRANSCRIPTOMIC SINGLE CELL|Oligo-dT;Targeted-Capture|TRANSCRIPTOMIC SINGLE CELL|PCR	10x Genomics Chromium
PRJEB23544	3	3	3	1	True	1	0	0.0	False			RNA-Seq|TRANSCRIPTOMIC|RT-PCR	polyA selected RNA-seq
PRJEB26709	3	5	5	3	False	3	0	0.0	False			RNA-Seq|TRANSCRIPTOMIC|Oligo-dT;Synthetic-Long-Read|GENOMIC|RANDOM;WGS|GENOMIC|RANDOM	10x Genomics Chromium;TruSeq Stranded mRNA
PRJEB28232	3	3	3	1	True	1	0	0.0	False			OTHER|TRANSCRIPTOMIC SINGLE CELL|PolyA	10x Genomics Chromium
PRJEB39896	3	3	3	1	True	1	0	0.0	False			ssRNA-seq|TRANSCRIPTOMIC|PolyA	TruSeq Stranded mRNA
PRJEB43681	3	3	5	2	False	1	0	0.0	False			ssRNA-seq|TRANSCRIPTOMIC SINGLE CELL|PolyA	10x Genomics Chromium
PRJEB48140	3	3	9	3	False	1	0	0.0	False			RNA-Seq|TRANSCRIPTOMIC|PolyA	bulk RNA-seq
PRJEB48824	3	3	12	4	False	1	2	0.667	False		1.5	RNA-Seq|TRANSCRIPTOMIC SINGLE CELL|Oligo-dT	10x Genomics Chromium
PRJEB71312	3	3	6	2	False	1	0	0.0	False			ssRNA-seq|TRANSCRIPTOMIC SINGLE CELL|Oligo-dT	Drop-seq
PRJEB94525	3	14	14	6	False	1	1	0.429	False		3.0	RNA-Seq|TRANSCRIPTOMIC|cDNA_oligo_dT	bulk RNA-seq
PRJNA1013061	3	3	3	1	True	1	0	0.0	False			RNA-Seq|TRANSCRIPTOMIC|cDNA	bulk RNA-seq
PRJNA1014122	3	3	3	1	True	1	0	0.0	False			RNA-Seq|TRANSCRIPTOMIC|cDNA	TruSeq Stranded mRNA
PRJNA1014370	3	3	6	2	False	1	0	0.0	False			RNA-Seq|TRANSCRIPTOMIC SINGLE CELL|cDNA	10x Genomics Chromium
PRJNA1028967	3	3	3	1	True	1	0	0.0	False			RNA-Seq|TRANSCRIPTOMIC SINGLE CELL|cDNA	BD Rhapsody
PRJNA1031970	3	3	12	4	False	1	0	0.0	False			RNA-Seq|TRANSCRIPTOMIC SINGLE CELL|cDNA	10x Genomics Chromium
PRJNA1041760	3	3	3	1	True	1	3	1.0	False		1.0	RNA-Seq|TRANSCRIPTOMIC|cDNA	bulk RNA-seq
PRJNA1064898	3	3	5	2	False	1	1	1.0	False		3.0	RNA-Seq|TRANSCRIPTOMIC SINGLE CELL|cDNA	single nucleus RNA-seq
PRJNA1067990	3	3	3	1	True	1	0	0.0	False			RNA-Seq|TRANSCRIPTOMIC SINGLE CELL|cDNA	single nucleus RNA-seq
PRJNA1071276	3	3	3	1	True	1	0	0.0	False			RNA-Seq|GENOMIC|PolyA	bulk RNA-seq
PRJNA1071677	3	3	3	1	True	1	0	0.0	False			RNA-Seq|TRANSCRIPTOMIC SINGLE CELL|cDNA	10x Genomics Chromium
PRJNA1079673	3	3	3	1	True	1	2	1.0	False		1.5	RNA-Seq|TRANSCRIPTOMIC SINGLE CELL|cDNA	10x Genomics Chromium
PRJNA1086389	3	3	3	1	True	1	0	0.0	False			RNA-Seq|TRANSCRIPTOMIC|cDNA	bulk RNA-seq
PRJNA1086390	3	3	3	1	True	1	0	0.0	False			OTHER|GENOMIC|other	bulk RNA-seq
PRJNA1088123	3	3	384	192	False	1	0	0.0	False			RNA-Seq|TRANSCRIPTOMIC SINGLE CELL|cDNA	sci-RNA-seq
PRJNA1090867	3	3	3	1	True	1	0	0.0	False			RNA-Seq|TRANSCRIPTOMIC SINGLE CELL|cDNA	10x Genomics Chromium
PRJNA1091640	3	3	3	1	True	2	0	0.0	False			OTHER|OTHER|other;OTHER|TRANSCRIPTOMIC|other	10x Genomics Chromium
PRJNA1091648	3	3	18	6	False	1	0	0.0	False			RNA-Seq|TRANSCRIPTOMIC SINGLE CELL|cDNA	single nucleus RNA-seq
PRJNA1093410	3	3	3	1	True	1	0	0.0	False			RNA-Seq|TRANSCRIPTOMIC|cDNA	10x Genomics Chromium
PRJNA1099665	3	3	3	1	True	1	0	0.0	False			RNA-Seq|TRANSCRIPTOMIC SINGLE CELL|cDNA	10x Genomics Chromium
PRJNA1106036	3	3	3	1	True	1	0	0.0	False			OTHER|TRANSCRIPTOMIC|other	BD Rhapsody
PRJNA1111869	3	3	40	16	False	1	1	0.4	False		3.0	RNA-Seq|TRANSCRIPTOMIC SINGLE CELL|cDNA	bulk RNA-seq
PRJNA1114391	3	3	6	2	False	1	0	0.0	False			RNA-Seq|TRANSCRIPTOMIC SINGLE CELL|cDNA	10x Genomics Chromium
PRJNA1117432	3	3	3	1	True	1	0	0.0	False			RNA-Seq|TRANSCRIPTOMIC|cDNA	bulk RNA-seq
PRJNA1120500	3	3	12	5	False	1	0	0.0	False			RNA-Seq|TRANSCRIPTOMIC SINGLE CELL|cDNA	10x Genomics Chromium
PRJNA1120832	3	3	3	1	True	1	0	0.0	False			RNA-Seq|TRANSCRIPTOMIC SINGLE CELL|cDNA	10x Genomics Chromium
PRJNA1127655	3	3	3	1	True	1	0	0.0	False			RNA-Seq|TRANSCRIPTOMIC|cDNA	bulk RNA-seq
PRJNA1128664	3	3	3	1	True	1	0	0.0	False			RNA-Seq|TRANSCRIPTOMIC SINGLE CELL|cDNA	single nucleus RNA-seq
PRJNA1131096	3	3	3	1	True	1	0	0.0	False			RNA-Seq|TRANSCRIPTOMIC|cDNA	TruSeq Stranded mRNA
PRJNA1136847	3	3	10	4	False	1	0	0.0	False			RNA-Seq|TRANSCRIPTOMIC SINGLE CELL|cDNA	10x Genomics Chromium
PRJNA1138952	3	3	3	1	True	1	0	0.0	False			RNA-Seq|TRANSCRIPTOMIC SINGLE CELL|PolyA	single nucleus RNA-seq
PRJNA1140594	3	3	6	2	False	1	0	0.0	False			OTHER|TRANSCRIPTOMIC|other	BD Rhapsody
PRJNA1142468	3	3	3	1	True	1	1	1.0	False		3.0	RNA-Seq|TRANSCRIPTOMIC|cDNA	TruSeq Stranded mRNA
PRJNA1153076	3	3	3	1	True	1	0	0.0	False			RNA-Seq|TRANSCRIPTOMIC|PCR	bulk RNA-seq
PRJNA1153967	3	3	3	1	True	1	1	1.0	False		3.0	RNA-Seq|TRANSCRIPTOMIC|cDNA	BD Rhapsody
PRJNA1153994	3	3	3	1	True	1	0	0.0	False			RNA-Seq|TRANSCRIPTOMIC SINGLE CELL|cDNA	10x Genomics Chromium
PRJNA1170911	3	3	16	8	False	1	0	0.0	False			RNA-Seq|TRANSCRIPTOMIC SINGLE CELL|cDNA	BD Rhapsody
PRJNA1179316	3	3	6	2	False	1	0	0.0	False			OTHER|TRANSCRIPTOMIC|other	bulk RNA-seq
PRJNA1181022	3	3	3	1	True	1	0	0.0	False			RNA-Seq|TRANSCRIPTOMIC|cDNA	bulk RNA-seq
PRJNA1183407	3	3	20	7	False	1	0	0.0	False			RNA-Seq|TRANSCRIPTOMIC SINGLE CELL|cDNA	BD Rhapsody
PRJNA1204365	3	3	6	2	False	1	0	0.0	False			RNA-Seq|TRANSCRIPTOMIC SINGLE CELL|cDNA	10x Genomics Chromium
PRJNA1207016	3	3	3	1	True	1	0	0.0	False			RNA-Seq|TRANSCRIPTOMIC|cDNA	bulk RNA-seq
PRJNA1212078	3	3	3	1	True	1	0	0.0	False			RNA-Seq|TRANSCRIPTOMIC SINGLE CELL|cDNA	10x Genomics Chromium
PRJNA1217343	3	3	3	1	True	1	0	0.0	False			RNA-Seq|TRANSCRIPTOMIC SINGLE CELL|cDNA	10x Genomics Chromium
PRJNA1217389	3	3	3	1	True	1	0	0.0	False			WGS|GENOMIC|PCR	bulk RNA-seq
PRJNA1219137	3	3	3	1	True	1	0	0.0	False			OTHER|GENOMIC|other	bulk RNA-seq
PRJNA1232109	3	3	3	1	True	1	0	0.0	False			RNA-Seq|TRANSCRIPTOMIC SINGLE CELL|cDNA	10x Genomics Chromium
PRJNA1250847	3	3	3	1	True	1	0	0.0	False			RNA-Seq|TRANSCRIPTOMIC SINGLE CELL|cDNA	10x Genomics Chromium
PRJNA1253738	3	3	6	2	False	1	2	1.0	False		1.5	RNA-Seq|TRANSCRIPTOMIC SINGLE CELL|cDNA	10x Genomics Chromium
PRJNA1254237	3	3	3	1	True	1	0	0.0	False			RNA-Seq|TRANSCRIPTOMIC|cDNA	bulk RNA-seq
PRJNA1255216	3	3	6	2	False	1	0	0.0	False			RNA-Seq|TRANSCRIPTOMIC SINGLE CELL|cDNA	10x Genomics Chromium
PRJNA1268385	3	3	3	1	True	1	0	0.0	False			RNA-Seq|TRANSCRIPTOMIC SINGLE CELL|cDNA	10x Genomics Chromium
PRJNA1274460	3	3	9	3	False	1	0	0.0	False			RNA-Seq|TRANSCRIPTOMIC SINGLE CELL|cDNA	10x Genomics Chromium
PRJNA1284102	3	3	6	2	False	1	0	0.0	False			RNA-Seq|TRANSCRIPTOMIC SINGLE CELL|cDNA	BD Rhapsody
PRJNA1287559	3	3	3	1	True	1	0	0.0	False			RNA-Seq|TRANSCRIPTOMIC SINGLE CELL|cDNA	10x Genomics Chromium
PRJNA1291816	3	3	3	1	True	1	0	0.0	False			RNA-Seq|TRANSCRIPTOMIC|cDNA	bulk RNA-seq
PRJNA1292768	3	3	5	2	False	1	0	0.0	False			RNA-Seq|TRANSCRIPTOMIC SINGLE CELL|cDNA	10x Genomics Chromium
PRJNA1301875	3	3	6	2	False	1	0	0.0	False			RNA-Seq|TRANSCRIPTOMIC SINGLE CELL|cDNA	bulk RNA-seq
PRJNA1303448	3	3	3	1	True	1	0	0.0	False			RNA-Seq|TRANSCRIPTOMIC SINGLE CELL|cDNA	10x Genomics Chromium
PRJNA1309285	3	9	9	3	False	2	0	0.0	False			AMPLICON|TRANSCRIPTOMIC SINGLE CELL|RT-PCR;RNA-Seq|TRANSCRIPTOMIC SINGLE CELL|cDNA	10x Genomics Chromium
PRJNA1309719	3	3	3	1	True	1	0	0.0	False			RNA-Seq|TRANSCRIPTOMIC SINGLE CELL|cDNA	Parse Biosciences
PRJNA1330290	3	3	6	2	False	1	0	0.0	False			RNA-Seq|TRANSCRIPTOMIC SINGLE CELL|cDNA	10x Genomics Chromium
PRJNA1368813	3	3	3	1	True	1	0	0.0	False			RNA-Seq|TRANSCRIPTOMIC|cDNA	bulk RNA-seq
PRJNA1397161	3	3	3	1	True	1	0	0.0	False			RNA-Seq|TRANSCRIPTOMIC SINGLE CELL|cDNA	10x Genomics Chromium
PRJNA1398575	3	6	6	2	False	1	0	0.0	False			RNA-Seq|TRANSCRIPTOMIC|cDNA	bulk RNA-seq
PRJNA1403009	3	3	3	1	True	1	0	0.0	False			RNA-Seq|TRANSCRIPTOMIC|cDNA	TruSeq Stranded mRNA
PRJNA1418777	3	3	15	5	False	1	0	0.0	False			RNA-Seq|TRANSCRIPTOMIC SINGLE CELL|cDNA	BD Rhapsody
PRJNA1419572	3	3	6	2	False	1	0	0.0	False			RNA-Seq|TRANSCRIPTOMIC|cDNA	bulk RNA-seq
PRJNA1433461	3	3	5	2	False	1	0	0.0	False			RNA-Seq|TRANSCRIPTOMIC SINGLE CELL|cDNA	10x Genomics Chromium
PRJNA1437021	3	3	3	1	True	1	0	0.0	False			RNA-Seq|TRANSCRIPTOMIC SINGLE CELL|cDNA	10x Genomics Chromium
PRJNA1444042	3	3	3	1	True	1	0	0.0	False			RNA-Seq|TRANSCRIPTOMIC SINGLE CELL|cDNA	10x Genomics Chromium
PRJNA1445230	3	3	3	1	True	2	0	0.0	False			RNA-Seq|TRANSCRIPTOMIC|other;WXS|GENOMIC|Hybrid Selection	bulk RNA-seq
PRJNA1448030	3	3	3	1	True	1	0	0.0	False			OTHER|TRANSCRIPTOMIC|other	bulk RNA-seq
PRJNA1448034	3	3	3	1	True	1	0	0.0	False			RNA-Seq|TRANSCRIPTOMIC|cDNA	bulk RNA-seq
PRJNA1448050	3	3	3	1	True	1	0	0.0	False			RNA-Seq|TRANSCRIPTOMIC|cDNA	bulk RNA-seq
PRJNA1453240	3	3	6	2	False	1	0	0.0	False			RNA-Seq|TRANSCRIPTOMIC SINGLE CELL|cDNA	10x Genomics Chromium
PRJNA1455196	3	3	3	1	True	1	0	0.0	False			RNA-Seq|TRANSCRIPTOMIC|PolyA	bulk RNA-seq
PRJNA1458673	3	3	5	3	False	2	0	0.0	False			OTHER|TRANSCRIPTOMIC|other;RNA-Seq|TRANSCRIPTOMIC SINGLE CELL|cDNA	bulk RNA-seq
PRJNA1469542	3	3	3	1	True	1	0	0.0	False			RNA-Seq|TRANSCRIPTOMIC SINGLE CELL|cDNA	10x Genomics Chromium
PRJNA1474900	3	3	3	1	True	1	0	0.0	False			RNA-Seq|TRANSCRIPTOMIC SINGLE CELL|cDNA	10x Genomics Chromium
PRJNA1477100	3	3	12	4	False	1	0	0.0	False			RNA-Seq|TRANSCRIPTOMIC|cDNA	single nucleus RNA-seq
PRJNA1490014	3	3	3	1	True	1	0	0.0	False			RNA-Seq|TRANSCRIPTOMIC SINGLE CELL|cDNA	BD Rhapsody
PRJNA1490615	3	3	3	1	True	1	0	0.0	False			RNA-Seq|TRANSCRIPTOMIC SINGLE CELL|cDNA	BD Rhapsody
PRJNA292107	3	3	5	2	False	2	0	0.0	False			OTHER|TRANSCRIPTOMIC|other;RNA-Seq|TRANSCRIPTOMIC|cDNA	polyA selected RNA-seq
PRJNA345263	3	3	3	1	True	1	0	0.0	False			RNA-Seq|TRANSCRIPTOMIC|RANDOM	TruSeq Stranded mRNA
PRJNA345265	3	3	3	1	True	1	0	0.0	False			RNA-Seq|TRANSCRIPTOMIC|RANDOM	TruSeq Stranded mRNA
PRJNA357640	3	3	9	3	False	1	0	0.0	False			RNA-Seq|TRANSCRIPTOMIC|cDNA	TruSeq Stranded mRNA
PRJNA393943	3	3	3	1	True	1	0	0.0	False			RNA-Seq|TRANSCRIPTOMIC|cDNA	TruSeq Stranded mRNA
PRJNA401778	3	3	3	1	True	1	0	0.0	False			OTHER|TRANSCRIPTOMIC|other	TruSeq Stranded mRNA
PRJNA412523	3	3	1582	1580	False	1	1	1.0	False		3.0	RNA-Seq|TRANSCRIPTOMIC|cDNA	Drop-seq
PRJNA414337	3	3	4	2	False	1	0	0.0	False			RNA-Seq|TRANSCRIPTOMIC|cDNA	inDrop
PRJNA417199	3	3	6	2	False	1	0	0.0	False			RNA-Seq|TRANSCRIPTOMIC|cDNA	inDrop
PRJNA429481	3	3	3	1	True	1	1	1.0	False		3.0	RNA-Seq|TRANSCRIPTOMIC|cDNA	10x Genomics Chromium;Drop-seq
PRJNA453846	3	9	9	3	False	1	0	0.0	False			RNA-Seq|TRANSCRIPTOMIC|PCR	bulk RNA-seq
PRJNA473995	3	3	3	1	True	1	0	0.0	False			RNA-Seq|TRANSCRIPTOMIC|cDNA	TruSeq Stranded mRNA
PRJNA474188	3	3	3	1	True	1	3	1.0	False		1.0	RNA-Seq|TRANSCRIPTOMIC|cDNA	bulk RNA-seq
PRJNA478509	3	3	3	1	True	1	0	0.0	False			RNA-Seq|TRANSCRIPTOMIC|cDNA	TruSeq Stranded mRNA
PRJNA479508	3	3	3	1	True	2	0	0.0	False			OTHER|TRANSCRIPTOMIC|other;RNA-Seq|TRANSCRIPTOMIC|cDNA	Drop-seq
PRJNA494084	3	3	3	1	True	1	0	0.0	False			RNA-Seq|TRANSCRIPTOMIC|cDNA	Drop-seq
PRJNA510946	3	3	24	8	False	1	2	1.0	False		1.5	RNA-Seq|TRANSCRIPTOMIC|cDNA	10x Genomics Chromium
PRJNA521545	3	3	3	1	True	1	0	0.0	False			RNA-Seq|TRANSCRIPTOMIC|cDNA	10x Genomics Chromium
PRJNA528299	3	3	3	1	True	1	0	0.0	False			RNA-Seq|TRANSCRIPTOMIC|cDNA	single nucleus RNA-seq
PRJNA530021	3	3	3	1	True	1	0	0.0	False			RNA-Seq|TRANSCRIPTOMIC|cDNA	10x Genomics Chromium
PRJNA534058	3	3	3	1	True	1	0	0.0	False			RNA-Seq|TRANSCRIPTOMIC|cDNA	10x Genomics Chromium
PRJNA552982	3	3	6	2	False	1	0	0.0	False			OTHER|TRANSCRIPTOMIC|other	10x Genomics Chromium
PRJNA556616	3	3	3	1	True	1	0	0.0	False			RNA-Seq|TRANSCRIPTOMIC|cDNA	Drop-seq
PRJNA592993	3	3	3	1	True	1	0	0.0	False			RNA-Seq|TRANSCRIPTOMIC|cDNA	Drop-seq;bulk RNA-seq
PRJNA593445	3	3	3	1	True	1	0	0.0	False			RNA-Seq|TRANSCRIPTOMIC|cDNA	10x Genomics Chromium
PRJNA601339	3	3	3	1	True	1	0	0.0	False			RNA-Seq|TRANSCRIPTOMIC|cDNA	Drop-seq
PRJNA604501	3	3	3	1	True	1	0	0.0	False			RNA-Seq|TRANSCRIPTOMIC|PCR	TruSeq Stranded mRNA
PRJNA604616	3	3	24	8	False	1	0	0.0	False			RNA-Seq|TRANSCRIPTOMIC|cDNA	bulk RNA-seq
PRJNA609641	3	3	3	1	True	1	0	0.0	False			RNA-Seq|TRANSCRIPTOMIC|cDNA	10x Genomics Chromium
PRJNA624325	3	3	3	1	True	1	0	0.0	False			RNA-Seq|TRANSCRIPTOMIC|cDNA	Drop-seq
PRJNA627676	3	3	3	1	True	1	0	0.0	False			RNA-Seq|TRANSCRIPTOMIC|cDNA	Drop-seq
PRJNA630731	3	3	12	4	False	1	0	0.0	False			RNA-Seq|TRANSCRIPTOMIC|cDNA	10x Genomics Chromium
PRJNA631686	3	3	3	1	True	1	0	0.0	False			RNA-Seq|TRANSCRIPTOMIC|cDNA	SPLiT-seq
PRJNA632007	3	3	3	1	True	1	0	0.0	False			RNA-Seq|TRANSCRIPTOMIC|cDNA	bulk RNA-seq
PRJNA635561	3	3	3	1	True	1	0	0.0	False			RNA-Seq|TRANSCRIPTOMIC|cDNA	Drop-seq
PRJNA635632	3	3	3	1	True	1	0	0.0	False			ATAC-seq|GENOMIC|other	bulk RNA-seq
PRJNA635633	3	3	3	1	True	1	0	0.0	False			RNA-Seq|TRANSCRIPTOMIC|cDNA	bulk RNA-seq
PRJNA638546	3	3	12	4	False	1	0	0.0	False			RNA-Seq|TRANSCRIPTOMIC|cDNA	10x Genomics Chromium
PRJNA639872	3	3	3	1	True	1	0	0.0	False			RNA-Seq|TRANSCRIPTOMIC|RANDOM	TruSeq Stranded mRNA
PRJNA641008	3	3	3	1	True	1	0	0.0	False			RNA-Seq|TRANSCRIPTOMIC|cDNA	10x Genomics Chromium
PRJNA649578	3	3	3	1	True	1	0	0.0	False			RNA-Seq|TRANSCRIPTOMIC|cDNA	10x Genomics Chromium
PRJNA660639	3	3	96	32	False	1	0	0.0	False			RNA-Seq|TRANSCRIPTOMIC|cDNA	10x Genomics Chromium
PRJNA660812	3	3	12	4	False	1	0	0.0	False			RNA-Seq|TRANSCRIPTOMIC|cDNA	10x Genomics Chromium
PRJNA662331	3	3	6	2	False	1	1	1.0	False		3.0	RNA-Seq|TRANSCRIPTOMIC|cDNA	10x Genomics Chromium
PRJNA664760	3	3	3	1	True	1	0	0.0	False			RNA-Seq|TRANSCRIPTOMIC|cDNA	BD Rhapsody
PRJNA686788	3	3	3	1	True	1	0	0.0	False			RNA-Seq|TRANSCRIPTOMIC|cDNA	10x Genomics Chromium
PRJNA687537	3	3	3	1	True	1	0	0.0	False			RNA-Seq|TRANSCRIPTOMIC|cDNA	bulk RNA-seq
PRJNA688643	3	3	3	1	True	1	0	0.0	False			RNA-Seq|TRANSCRIPTOMIC|cDNA	10x Genomics Chromium
PRJNA701020	3	3	761	384	False	1	0	0.0	False			RNA-Seq|TRANSCRIPTOMIC|cDNA	sci-RNA-seq
PRJNA705493	3	3	3	1	True	1	0	0.0	False			RNA-Seq|TRANSCRIPTOMIC|cDNA	Drop-seq
PRJNA706441	3	3	3	1	True	1	0	0.0	False			RNA-Seq|TRANSCRIPTOMIC|cDNA	10x Genomics Chromium
PRJNA708272	3	3	3	1	True	1	0	0.0	False			RNA-Seq|TRANSCRIPTOMIC|cDNA	bulk RNA-seq
PRJNA714092	3	3	3	1	True	1	0	0.0	False			RNA-Seq|TRANSCRIPTOMIC|cDNA	bulk RNA-seq
PRJNA719124	3	3	12	4	False	1	0	0.0	False			RNA-Seq|TRANSCRIPTOMIC|cDNA	10x Genomics Chromium
PRJNA721378	3	3	12	4	False	1	0	0.0	False			RNA-Seq|TRANSCRIPTOMIC|cDNA	10x Genomics Chromium
PRJNA725891	3	3	3	1	True	1	0	0.0	False			RNA-Seq|TRANSCRIPTOMIC|cDNA	single nucleus RNA-seq
PRJNA736445	3	3	3	1	True	1	0	0.0	False			RNA-Seq|TRANSCRIPTOMIC|cDNA	bulk RNA-seq
PRJNA741802	3	3	6	2	False	1	0	0.0	False			ATAC-seq|GENOMIC|other	bulk RNA-seq
PRJNA746314	3	3	3	1	True	1	0	0.0	False			RNA-Seq|TRANSCRIPTOMIC|cDNA	bulk RNA-seq
PRJNA749412	3	3	3	1	True	1	0	0.0	False			RNA-Seq|TRANSCRIPTOMIC|cDNA	10x Genomics Chromium
PRJNA752566	3	3	3	1	True	1	0	0.0	False			RNA-Seq|TRANSCRIPTOMIC|cDNA	TruSeq Stranded mRNA
PRJNA759791	3	3	12	4	False	1	0	0.0	False			RNA-Seq|TRANSCRIPTOMIC|cDNA	10x Genomics Chromium
PRJNA760449	3	3	6	2	False	1	0	0.0	False			RNA-Seq|TRANSCRIPTOMIC|cDNA	10x Genomics Chromium
PRJNA765339	3	3	4	2	False	1	0	0.0	False			RNA-Seq|TRANSCRIPTOMIC|cDNA	BD Rhapsody
PRJNA771685	3	3	3	1	True	1	0	0.0	False			RNA-Seq|TRANSCRIPTOMIC|RANDOM	bulk RNA-seq
PRJNA772780	3	3	3	1	True	1	0	0.0	False			RNA-Seq|TRANSCRIPTOMIC|cDNA	10x Genomics Chromium
PRJNA772934	3	3	3	1	True	1	0	0.0	False			RNA-Seq|TRANSCRIPTOMIC|cDNA	bulk RNA-seq
PRJNA778711	3	3	3	1	True	1	0	0.0	False			RNA-Seq|TRANSCRIPTOMIC|cDNA	BD Rhapsody
PRJNA779922	3	3	3	1	True	1	0	0.0	False			RNA-Seq|TRANSCRIPTOMIC|cDNA	Drop-seq
PRJNA785260	3	3	12	4	False	1	0	0.0	False			RNA-Seq|TRANSCRIPTOMIC|cDNA	10x Genomics Chromium
PRJNA788278	3	3	3	1	True	1	0	0.0	False			RNA-Seq|TRANSCRIPTOMIC|cDNA	10x Genomics Chromium
PRJNA793012	3	3	3	1	True	1	1	0.667	False		3.0	RNA-Seq|TRANSCRIPTOMIC|cDNA	10x Genomics Chromium
PRJNA810030	3	3	3	1	True	1	0	0.0	False			RNA-Seq|TRANSCRIPTOMIC|cDNA	10x Genomics Chromium
PRJNA813520	3	3	6	2	False	1	0	0.0	False			RNA-Seq|TRANSCRIPTOMIC|cDNA	10x Genomics Chromium
PRJNA826814	3	3	3	1	True	1	0	0.0	False			RNA-Seq|TRANSCRIPTOMIC SINGLE CELL|cDNA	single nucleus RNA-seq
PRJNA832705	3	3	3	1	True	1	0	0.0	False			RNA-Seq|TRANSCRIPTOMIC SINGLE CELL|cDNA	single nucleus RNA-seq
PRJNA834020	3	3	3	1	True	1	0	0.0	False			RNA-Seq|TRANSCRIPTOMIC SINGLE CELL|cDNA	10x Genomics Chromium
PRJNA836325	3	3	3	1	True	1	1	0.333	False		3.0	RNA-Seq|TRANSCRIPTOMIC|cDNA	single nucleus RNA-seq
PRJNA837631	3	3	3	1	True	1	0	0.0	False			RNA-Seq|TRANSCRIPTOMIC SINGLE CELL|cDNA	bulk RNA-seq
PRJNA841977	3	3	6	2	False	1	0	0.0	False			RNA-Seq|TRANSCRIPTOMIC SINGLE CELL|cDNA	BD Rhapsody
PRJNA848811	3	3	3	1	True	1	0	0.0	False			RNA-Seq|TRANSCRIPTOMIC|cDNA	BD Rhapsody
PRJNA854145	3	3	3	1	True	1	0	0.0	False			RNA-Seq|TRANSCRIPTOMIC SINGLE CELL|cDNA	single nucleus RNA-seq
PRJNA855640	3	3	3	1	True	1	1	1.0	False		3.0	RNA-Seq|TRANSCRIPTOMIC SINGLE CELL|cDNA	Drop-seq
PRJNA856892	3	3	6	2	False	1	0	0.0	False			RNA-Seq|TRANSCRIPTOMIC SINGLE CELL|cDNA	10x Genomics Chromium
PRJNA858032	3	3	3	1	True	1	0	0.0	False			RNA-Seq|TRANSCRIPTOMIC|cDNA	bulk RNA-seq
PRJNA859914	3	3	6	3	False	1	0	0.0	False			RNA-Seq|TRANSCRIPTOMIC SINGLE CELL|cDNA	bulk RNA-seq
PRJNA867547	3	3	3	1	True	1	0	0.0	False			RNA-Seq|TRANSCRIPTOMIC SINGLE CELL|cDNA	BD Rhapsody
PRJNA870301	3	3	9	4	False	1	0	0.0	False			RNA-Seq|TRANSCRIPTOMIC SINGLE CELL|cDNA	10x Genomics Chromium
PRJNA878830	3	3	3	1	True	1	0	0.0	False			RNA-Seq|TRANSCRIPTOMIC SINGLE CELL|cDNA	10x Genomics Chromium
PRJNA880277	3	3	8	4	False	1	0	0.0	False			RNA-Seq|TRANSCRIPTOMIC|cDNA	10x Genomics Chromium
PRJNA880583	3	3	3	1	True	1	1	0.333	False		3.0	OTHER|TRANSCRIPTOMIC|other	bulk RNA-seq
PRJNA882863	3	3	3	1	True	1	0	0.0	False			RNA-Seq|TRANSCRIPTOMIC SINGLE CELL|cDNA	10x Genomics Chromium
PRJNA885469	3	9	9	3	False	1	0	0.0	False			RNA-Seq|TRANSCRIPTOMIC|unspecified	bulk RNA-seq
PRJNA890290	3	3	3	1	True	2	0	0.0	False			RNA-Seq|OTHER|cDNA;RNA-Seq|TRANSCRIPTOMIC SINGLE CELL|cDNA	BD Rhapsody
PRJNA897898	3	3	3	1	True	1	1	1.0	False		3.0	RNA-Seq|TRANSCRIPTOMIC|cDNA	bulk RNA-seq
PRJNA897900	3	3	3	1	True	1	0	0.0	False			RNA-Seq|TRANSCRIPTOMIC|cDNA	bulk RNA-seq
PRJNA904696	3	3	3	1	True	1	0	0.0	False			RNA-Seq|TRANSCRIPTOMIC SINGLE CELL|cDNA	10x Genomics Chromium
PRJNA904768	3	3	3	1	True	1	0	0.0	False			RNA-Seq|TRANSCRIPTOMIC|cDNA	bulk RNA-seq
PRJNA917198	3	3	3	1	True	1	0	0.0	False			RNA-Seq|TRANSCRIPTOMIC SINGLE CELL|cDNA	single nucleus RNA-seq
PRJNA925462	3	12	12	4	False	1	0	0.0	False			RNA-Seq|TRANSCRIPTOMIC|RT-PCR	polyA selected RNA-seq
PRJNA928450	3	3	12	4	False	1	0	0.0	False			RNA-Seq|TRANSCRIPTOMIC SINGLE CELL|cDNA	single nucleus RNA-seq
PRJNA957300	3	3	3	1	True	1	0	0.0	False			RNA-Seq|TRANSCRIPTOMIC|cDNA	bulk RNA-seq
PRJNA957811	3	3	3	1	True	1	1	1.0	False		3.0	RNA-Seq|TRANSCRIPTOMIC|cDNA	bulk RNA-seq
PRJNA961752	3	3	5	2	False	1	1	0.4	False		3.0	RNA-Seq|TRANSCRIPTOMIC SINGLE CELL|cDNA	BD Rhapsody
PRJNA982824	3	3	3	1	True	1	0	0.0	False			RNA-Seq|TRANSCRIPTOMIC|cDNA	polyA selected RNA-seq
PRJNA983249	3	3	3	1	True	1	0	0.0	False			RNA-Seq|TRANSCRIPTOMIC SINGLE CELL|cDNA	10x Genomics Chromium
PRJNA983329	3	3	3	1	True	1	0	0.0	False			OTHER|GENOMIC|other	bulk RNA-seq
PRJNA985456	3	3	3	1	True	1	0	0.0	False			RNA-Seq|TRANSCRIPTOMIC SINGLE CELL|cDNA	10x Genomics Chromium
PRJDB14427	2	2	2	1	True	1	0	0.0	False			RNA-Seq|TRANSCRIPTOMIC|cDNA	TruSeq Stranded mRNA
PRJEB101900	2	2	2	1	True	1	0	0.0	False			snRNA-seq|TRANSCRIPTOMIC SINGLE CELL|cDNA	single nucleus RNA-seq
PRJEB103956	2	2	2	1	True	1	0	0.0	False			RNA-Seq|TRANSCRIPTOMIC SINGLE CELL|PolyA	10x Genomics Chromium
PRJEB104926	2	2	2	1	True	1	0	0.0	False			RNA-Seq|TRANSCRIPTOMIC SINGLE CELL|PolyA	Parse Biosciences
PRJEB111093	2	2	2	1	True	1	0	0.0	False			RNA-Seq|TRANSCRIPTOMIC SINGLE CELL|cDNA_randomPriming	SPLiT-seq;Parse Biosciences
PRJEB114548	2	2	4	2	False	1	0	0.0	False			RNA-Seq|TRANSCRIPTOMIC SINGLE CELL|PolyA	10x Genomics Chromium
PRJEB115683	2	2	2	1	True	1	0	0.0	False			RNA-Seq|TRANSCRIPTOMIC SINGLE CELL|Hybrid Selection	10x Genomics Chromium;single nucleus RNA-seq
PRJEB14322	2	2	2	1	True	1	0	0.0	False			RNA-Seq|TRANSCRIPTOMIC|RANDOM	TruSeq Stranded mRNA
PRJEB19891	2	2	2	1	True	1	0	0.0	False			RNA-Seq|TRANSCRIPTOMIC SINGLE CELL|Oligo-dT	10x Genomics Chromium
PRJEB25110	2	2	2	1	True	1	0	0.0	False			ssRNA-seq|TRANSCRIPTOMIC|Oligo-dT	TruSeq Stranded mRNA
PRJEB28870	2	2	2	1	True	1	0	0.0	False			RNA-Seq|TRANSCRIPTOMIC|RANDOM	TruSeq Stranded mRNA
PRJEB33547	2	2	2	1	True	1	0	0.0	False			WGS|GENOMIC|RANDOM	10x Genomics Chromium
PRJEB34731	2	2	2	1	True	1	0	0.0	False			ssRNA-seq|TRANSCRIPTOMIC|RANDOM	TruSeq Stranded mRNA
PRJEB40943	2	6	6	3	False	1	0	0.0	False			OTHER|TRANSCRIPTOMIC SINGLE CELL|other	10x Genomics Chromium
PRJEB41576	2	2	2	1	True	1	1	1.0	False		2.0	RNA-Seq|TRANSCRIPTOMIC SINGLE CELL|PolyA	Drop-seq
PRJEB43370	2	2	2	1	True	1	0	0.0	False			RNA-Seq|TRANSCRIPTOMIC|Oligo-dT	TruSeq Stranded mRNA
PRJEB43716	2	2	8	4	False	1	0	0.0	False			RNA-Seq|TRANSCRIPTOMIC SINGLE CELL|PolyA	10x Genomics Chromium
PRJEB48664	2	2	2	1	True	1	0	0.0	False			ssRNA-seq|TRANSCRIPTOMIC|Inverse rRNA	TruSeq Stranded mRNA
PRJEB64925	2	2	8	4	False	1	0	0.0	False			RNA-Seq|TRANSCRIPTOMIC SINGLE CELL|Oligo-dT	10x Genomics Chromium
PRJEB67544	2	2	2	1	True	1	1	1.0	False		2.0	RNA-Seq|TRANSCRIPTOMIC|unspecified	Chromium Single Cell 3'
PRJEB73508	2	2	2	1	True	1	0	0.0	False			RNA-Seq|TRANSCRIPTOMIC SINGLE CELL|PolyA	10x Genomics Chromium
PRJNA1000448	2	2	2	1	True	1	0	0.0	False			RNA-Seq|TRANSCRIPTOMIC SINGLE CELL|cDNA	BD Rhapsody
PRJNA1003125	2	2	8	4	False	1	0	0.0	False			RNA-Seq|TRANSCRIPTOMIC SINGLE CELL|cDNA	10x Genomics Chromium
PRJNA1004330	2	2	2	1	True	1	0	0.0	False			RNA-Seq|TRANSCRIPTOMIC|cDNA	10x Genomics Chromium
PRJNA1006435	2	2	2	1	True	1	0	0.0	False			RNA-Seq|TRANSCRIPTOMIC|cDNA	10x Genomics Chromium
PRJNA1006437	2	2	2	1	True	1	0	0.0	False			RNA-Seq|TRANSCRIPTOMIC|cDNA	bulk RNA-seq
PRJNA1007615	2	2	2	1	True	1	0	0.0	False			RNA-Seq|TRANSCRIPTOMIC SINGLE CELL|cDNA	single nucleus RNA-seq
PRJNA1008654	2	2	10	8	False	1	0	0.0	False			RNA-Seq|TRANSCRIPTOMIC SINGLE CELL|cDNA	SPLiT-seq;Parse Biosciences
PRJNA1009007	2	2	4	2	False	1	0	0.0	False			RNA-Seq|TRANSCRIPTOMIC SINGLE CELL|cDNA	BD Rhapsody
PRJNA1016480	2	2	2	1	True	2	0	0.0	False			ATAC-seq|GENOMIC|other;RNA-Seq|TRANSCRIPTOMIC SINGLE CELL|cDNA	10x Genomics Chromium
PRJNA1017389	2	2	8	4	False	1	0	0.0	False			RNA-Seq|TRANSCRIPTOMIC SINGLE CELL|cDNA	10x Genomics Chromium
PRJNA1022055	2	2	6	3	False	1	0	0.0	False			RNA-Seq|TRANSCRIPTOMIC SINGLE CELL|cDNA	single nucleus RNA-seq
PRJNA1022468	2	2	6	4	False	1	1	0.667	False		2.0	RNA-Seq|TRANSCRIPTOMIC SINGLE CELL|cDNA	10x Genomics Chromium
PRJNA1023967	2	2	2	1	True	2	0	0.0	False			RNA-Seq|OTHER|cDNA;RNA-Seq|TRANSCRIPTOMIC SINGLE CELL|cDNA	10x Genomics Chromium
PRJNA1027322	2	2	2	1	True	1	0	0.0	False			RNA-Seq|TRANSCRIPTOMIC SINGLE CELL|PolyA	bulk RNA-seq
PRJNA1028114	2	2	8	4	False	1	0	0.0	False			RNA-Seq|TRANSCRIPTOMIC SINGLE CELL|cDNA	single nucleus RNA-seq
PRJNA1029171	2	2	4	2	False	1	0	0.0	False			RNA-Seq|TRANSCRIPTOMIC SINGLE CELL|cDNA	single nucleus RNA-seq
PRJNA1030364	2	2	2	1	True	1	0	0.0	False			OTHER|TRANSCRIPTOMIC|other	bulk RNA-seq
PRJNA1031637	2	2	2	1	True	1	0	0.0	False			RNA-Seq|TRANSCRIPTOMIC SINGLE CELL|cDNA	Parse Biosciences
PRJNA1031952	2	2	4	2	False	2	0	0.0	False			RNA-Seq|OTHER|cDNA;RNA-Seq|TRANSCRIPTOMIC SINGLE CELL|cDNA	10x Genomics Chromium
PRJNA1032948	2	2	2	1	True	1	0	0.0	False			RNA-Seq|TRANSCRIPTOMIC SINGLE CELL|cDNA	single nucleus RNA-seq
PRJNA1033654	2	2	16	8	False	1	0	0.0	False			RNA-Seq|TRANSCRIPTOMIC SINGLE CELL|cDNA	10x Genomics Chromium
PRJNA1043125	2	2	2	1	True	1	0	0.0	False			RNA-Seq|TRANSCRIPTOMIC|cDNA	bulk RNA-seq
PRJNA1044446	2	2	8	4	False	1	0	0.0	False			RNA-Seq|TRANSCRIPTOMIC SINGLE CELL|cDNA	single nucleus RNA-seq
PRJNA1047098	2	2	2	1	True	1	0	0.0	False			RNA-Seq|TRANSCRIPTOMIC|cDNA	bulk RNA-seq
PRJNA1047136	2	2	2	1	True	1	0	0.0	False			RNA-Seq|TRANSCRIPTOMIC|cDNA	10x Genomics Chromium
PRJNA1047580	2	3	3	2	False	1	0	0.0	False			Targeted-Capture|TRANSCRIPTOMIC SINGLE CELL|RACE	10x Genomics Chromium
PRJNA1054566	2	2	2	1	True	1	0	0.0	False			RNA-Seq|TRANSCRIPTOMIC SINGLE CELL|cDNA	BD Rhapsody
PRJNA1054603	2	2	2	1	True	1	0	0.0	False			RNA-Seq|TRANSCRIPTOMIC|Inverse rRNA	bulk RNA-seq
PRJNA1055147	2	2	8	4	False	1	0	0.0	False			RNA-Seq|TRANSCRIPTOMIC|cDNA	bulk RNA-seq
PRJNA1061484	2	2	4	2	False	1	1	0.5	False		2.0	RNA-Seq|TRANSCRIPTOMIC SINGLE CELL|cDNA	single nucleus RNA-seq
PRJNA1063739	2	2	2	1	True	1	0	0.0	False			OTHER|TRANSCRIPTOMIC|other	bulk RNA-seq
PRJNA1066226	2	2	2	1	True	1	0	0.0	False			RNA-Seq|TRANSCRIPTOMIC SINGLE CELL|cDNA	10x Genomics Chromium
PRJNA1067675	2	2	2	1	True	1	0	0.0	False			RNA-Seq|TRANSCRIPTOMIC SINGLE CELL|cDNA	10x Genomics Chromium
PRJNA1071160	2	2	2	1	True	1	0	0.0	False			RNA-Seq|TRANSCRIPTOMIC|cDNA	single nucleus RNA-seq
PRJNA1071169	2	2	2	1	True	1	0	0.0	False			RNA-Seq|GENOMIC|PolyA	bulk RNA-seq
PRJNA1071651	2	2	2	1	True	1	0	0.0	False			RNA-Seq|TRANSCRIPTOMIC SINGLE CELL|cDNA	10x Genomics Chromium
PRJNA1072712	2	2	4	2	False	1	0	0.0	False			RNA-Seq|TRANSCRIPTOMIC SINGLE CELL|cDNA	10x Genomics Chromium
PRJNA1079357	2	2	2	1	True	2	0	0.0	False			OTHER|OTHER|other;OTHER|TRANSCRIPTOMIC|other	SPLiT-seq
PRJNA1088098	2	2	2	1	True	1	1	1.0	False		2.0	RNA-Seq|TRANSCRIPTOMIC SINGLE CELL|cDNA	10x Genomics Chromium
PRJNA1090412	2	2	10	5	False	1	0	0.0	False			OTHER|GENOMIC|other	bulk RNA-seq
PRJNA1091328	2	2	2	1	True	1	0	0.0	False			RNA-Seq|TRANSCRIPTOMIC SINGLE CELL|cDNA	10x Genomics Chromium
PRJNA1093484	2	2	2	1	True	1	0	0.0	False			RNA-Seq|TRANSCRIPTOMIC SINGLE CELL|cDNA	10x Genomics Chromium
PRJNA1095918	2	2	2	1	True	1	0	0.0	False			RNA-Seq|TRANSCRIPTOMIC SINGLE CELL|cDNA	BD Rhapsody
PRJNA1097466	2	2	16	8	False	1	0	0.0	False			RNA-Seq|TRANSCRIPTOMIC SINGLE CELL|cDNA	10x Genomics Chromium
PRJNA1101005	2	2	2	1	True	1	0	0.0	False			RNA-Seq|TRANSCRIPTOMIC SINGLE CELL|cDNA	Drop-seq
PRJNA1105052	2	2	2	1	True	1	0	0.0	False			RNA-Seq|TRANSCRIPTOMIC SINGLE CELL|cDNA	BD Rhapsody
PRJNA1105904	2	14	15	8	False	2	0	0.0	False			RNA-Seq|TRANSCRIPTOMIC SINGLE CELL|Hybrid Selection;RNA-Seq|TRANSCRIPTOMIC SINGLE CELL|Oligo-dT	Parse Biosciences
PRJNA1106806	2	2	2	1	True	1	0	0.0	False			RNA-Seq|TRANSCRIPTOMIC|cDNA	BD Rhapsody
PRJNA1106811	2	2	2	1	True	1	0	0.0	False			RNA-Seq|TRANSCRIPTOMIC|cDNA	bulk RNA-seq
PRJNA1107951	2	2	2	1	True	1	0	0.0	False			RNA-Seq|TRANSCRIPTOMIC SINGLE CELL|cDNA	10x Genomics Chromium
PRJNA1108662	2	2	4	2	False	1	0	0.0	False			RNA-Seq|TRANSCRIPTOMIC SINGLE CELL|cDNA	10x Genomics Chromium
PRJNA1112408	2	2	4	2	False	2	0	0.0	False			RNA-Seq|OTHER|cDNA;RNA-Seq|TRANSCRIPTOMIC SINGLE CELL|cDNA	10x Genomics Chromium
PRJNA1114776	2	2	2	1	True	1	0	0.0	False			RNA-Seq|TRANSCRIPTOMIC SINGLE CELL|cDNA	10x Genomics Chromium
PRJNA1118703	2	2	2	1	True	1	0	0.0	False			RNA-Seq|TRANSCRIPTOMIC SINGLE CELL|cDNA	10x Genomics Chromium
PRJNA1120753	2	2	2	1	True	1	0	0.0	False			RNA-Seq|TRANSCRIPTOMIC SINGLE CELL|cDNA	bulk RNA-seq
PRJNA1121940	2	2	2	1	True	1	0	0.0	False			RNA-Seq|TRANSCRIPTOMIC SINGLE CELL|size fractionation	10x Genomics Chromium
PRJNA1122502	2	2	2	1	True	1	0	0.0	False			RNA-Seq|TRANSCRIPTOMIC|cDNA	bulk RNA-seq
PRJNA1124236	2	2	2	1	True	1	0	0.0	False			RNA-Seq|TRANSCRIPTOMIC|cDNA	bulk RNA-seq;polyA selected RNA-seq
PRJNA1125889	2	2	2	1	True	1	0	0.0	False			RNA-Seq|TRANSCRIPTOMIC SINGLE CELL|cDNA	10x Genomics Chromium
PRJNA1131334	2	2	10	5	False	1	0	0.0	False			RNA-Seq|TRANSCRIPTOMIC SINGLE CELL|cDNA	Drop-seq
PRJNA1134211	2	2	2	1	True	1	0	0.0	False			RNA-Seq|TRANSCRIPTOMIC SINGLE CELL|cDNA	bulk RNA-seq
PRJNA1135088	2	2	2	1	True	1	0	0.0	False			RNA-Seq|TRANSCRIPTOMIC SINGLE CELL|cDNA	single nucleus RNA-seq
PRJNA1135089	2	2	2	1	True	1	0	0.0	False			ATAC-seq|TRANSCRIPTOMIC SINGLE CELL|other	single nucleus RNA-seq
PRJNA1138248	2	2	14	8	False	1	0	0.0	False			RNA-Seq|TRANSCRIPTOMIC SINGLE CELL|cDNA	Parse Biosciences
PRJNA1140624	2	2	4	2	False	1	0	0.0	False			RNA-Seq|TRANSCRIPTOMIC SINGLE CELL|cDNA	10x Genomics Chromium
PRJNA1141166	2	2	16	8	False	1	0	0.0	False			RNA-Seq|TRANSCRIPTOMIC SINGLE CELL|cDNA	10x Genomics Chromium
PRJNA1142529	2	2	2	1	True	1	0	0.0	False			RNA-Seq|TRANSCRIPTOMIC SINGLE CELL|cDNA	10x Genomics Chromium
PRJNA1142610	2	2	4	2	False	1	1	1.0	False		2.0	RNA-Seq|TRANSCRIPTOMIC SINGLE CELL|cDNA	10x Genomics Chromium
PRJNA1142942	2	2	2	1	True	1	0	0.0	False			RNA-Seq|TRANSCRIPTOMIC SINGLE CELL|cDNA	BD Rhapsody
PRJNA1142945	2	2	2	1	True	1	0	0.0	False			RNA-Seq|TRANSCRIPTOMIC SINGLE CELL|cDNA	BD Rhapsody
PRJNA1143418	2	2	2	1	True	1	0	0.0	False			RNA-Seq|TRANSCRIPTOMIC SINGLE CELL|cDNA	BD Rhapsody
PRJNA1145465	2	2	2	1	True	1	0	0.0	False			OTHER|TRANSCRIPTOMIC|other	BD Rhapsody
PRJNA1145994	2	2	2	1	True	1	0	0.0	False			RNA-Seq|TRANSCRIPTOMIC SINGLE CELL|cDNA	10x Genomics Chromium
PRJNA1147310	2	2	2	1	True	1	0	0.0	False			RNA-Seq|TRANSCRIPTOMIC|cDNA	bulk RNA-seq
PRJNA1147674	2	2	4	2	False	1	0	0.0	False			RNA-Seq|TRANSCRIPTOMIC SINGLE CELL|cDNA	single nucleus RNA-seq
PRJNA1152094	2	2	2	1	True	1	0	0.0	False			RNA-Seq|TRANSCRIPTOMIC SINGLE CELL|cDNA	10x Genomics Chromium
PRJNA1152976	2	2	2	1	True	1	0	0.0	False			RNA-Seq|TRANSCRIPTOMIC SINGLE CELL|cDNA	10x Genomics Chromium
PRJNA1161155	2	2	4	2	False	1	0	0.0	False			RNA-Seq|TRANSCRIPTOMIC SINGLE CELL|cDNA	single nucleus RNA-seq
PRJNA1161227	2	2	2	1	True	1	0	0.0	False			RNA-Seq|TRANSCRIPTOMIC SINGLE CELL|RANDOM	BD Rhapsody
PRJNA1161661	2	2	16	8	False	1	0	0.0	False			RNA-Seq|TRANSCRIPTOMIC SINGLE CELL|cDNA	10x Genomics Chromium
PRJNA1166213	2	2	2	1	True	1	0	0.0	False			RNA-Seq|TRANSCRIPTOMIC SINGLE CELL|cDNA	single nucleus RNA-seq
PRJNA1167743	2	2	2	1	True	1	0	0.0	False			RNA-Seq|TRANSCRIPTOMIC|cDNA	bulk RNA-seq
PRJNA1167764	2	2	4	2	False	1	0	0.0	False			RNA-Seq|TRANSCRIPTOMIC SINGLE CELL|cDNA	10x Genomics Chromium
PRJNA1168495	2	2	4	2	False	1	0	0.0	False			RNA-Seq|TRANSCRIPTOMIC|cDNA	10x Genomics Chromium
PRJNA1168561	2	2	4	2	False	1	0	0.0	False			RNA-Seq|TRANSCRIPTOMIC|cDNA	single nucleus RNA-seq
PRJNA1169628	2	2	2	1	True	1	1	1.0	False		2.0	RNA-Seq|TRANSCRIPTOMIC SINGLE CELL|cDNA	bulk RNA-seq
PRJNA1172307	2	2	2	1	True	1	0	0.0	False			RNA-Seq|TRANSCRIPTOMIC SINGLE CELL|cDNA	BD Rhapsody
PRJNA1178685	2	2	18	9	False	1	0	0.0	False			RNA-Seq|TRANSCRIPTOMIC SINGLE CELL|cDNA	BD Rhapsody
PRJNA1179527	2	2	2	1	True	1	0	0.0	False			RNA-Seq|TRANSCRIPTOMIC SINGLE CELL|cDNA	single nucleus RNA-seq
PRJNA1182770	2	2	4	2	False	1	0	0.0	False			RNA-Seq|TRANSCRIPTOMIC SINGLE CELL|cDNA	single nucleus RNA-seq
PRJNA1186198	2	2	2	1	True	1	0	0.0	False			RNA-Seq|TRANSCRIPTOMIC SINGLE CELL|cDNA	Parse Biosciences
PRJNA1188556	2	2	9	7	False	1	0	0.0	False			RNA-Seq|TRANSCRIPTOMIC SINGLE CELL|cDNA	bulk RNA-seq
PRJNA1188990	2	2	2	1	True	1	0	0.0	False			RNA-Seq|TRANSCRIPTOMIC SINGLE CELL|cDNA	10x Genomics Chromium
PRJNA1189084	2	6	6	5	False	2	1	1.0	False		2.0	Hi-C|GENOMIC|Restriction Digest;WGS|GENOMIC|RANDOM	10x Genomics Chromium
PRJNA1193066	2	2	2	1	True	1	0	0.0	False			OTHER|GENOMIC|other	bulk RNA-seq
PRJNA1197996	2	2	2	1	True	1	0	0.0	False			RNA-Seq|TRANSCRIPTOMIC SINGLE CELL|cDNA	bulk RNA-seq
PRJNA1199038	2	2	2	1	True	1	0	0.0	False			RNA-Seq|TRANSCRIPTOMIC SINGLE CELL|cDNA	single nucleus RNA-seq
PRJNA1199407	2	2	2	1	True	1	2	1.0	False		1.0	RNA-Seq|TRANSCRIPTOMIC SINGLE CELL|cDNA	single nucleus RNA-seq
PRJNA1201271	2	2	4	2	False	1	0	0.0	False			RNA-Seq|TRANSCRIPTOMIC SINGLE CELL|cDNA	single nucleus RNA-seq
PRJNA1204318	2	2	8	4	False	1	0	0.0	False			RNA-Seq|TRANSCRIPTOMIC SINGLE CELL|cDNA	10x Genomics Chromium
PRJNA1205695	2	2	4	2	False	1	0	0.0	False			RNA-Seq|TRANSCRIPTOMIC SINGLE CELL|cDNA	BD Rhapsody
PRJNA1212777	2	2	2	1	True	1	0	0.0	False			RNA-Seq|TRANSCRIPTOMIC SINGLE CELL|cDNA	single nucleus RNA-seq
PRJNA1213786	2	2	3	2	False	1	0	0.0	False			RNA-Seq|TRANSCRIPTOMIC SINGLE CELL|cDNA	10x Genomics Chromium
PRJNA1214215	2	2	4	2	False	1	0	0.0	False			RNA-Seq|TRANSCRIPTOMIC SINGLE CELL|cDNA	BD Rhapsody
PRJNA1214237	2	2	2	1	True	1	0	0.0	False			RNA-Seq|TRANSCRIPTOMIC SINGLE CELL|cDNA	BD Rhapsody
PRJNA1218795	2	2	16	8	False	1	0	0.0	False			ATAC-seq|GENOMIC SINGLE CELL|other	bulk RNA-seq
PRJNA1218797	2	2	4	2	False	1	0	0.0	False			RNA-Seq|TRANSCRIPTOMIC SINGLE CELL|cDNA	bulk RNA-seq
PRJNA1220642	2	2	2	1	True	1	0	0.0	False			OTHER|TRANSCRIPTOMIC|other	BD Rhapsody
PRJNA1223354	2	2	2	1	True	1	0	0.0	False			RNA-Seq|TRANSCRIPTOMIC SINGLE CELL|cDNA	10x Genomics Chromium
PRJNA1223937	2	2	2	1	True	1	0	0.0	False			RNA-Seq|TRANSCRIPTOMIC SINGLE CELL|cDNA	single nucleus RNA-seq
PRJNA1224234	2	2	2	1	True	1	0	0.0	False			RNA-Seq|TRANSCRIPTOMIC SINGLE CELL|cDNA	10x Genomics Chromium
PRJNA1224789	2	2	2	1	True	1	0	0.0	False			RNA-Seq|TRANSCRIPTOMIC SINGLE CELL|cDNA	BD Rhapsody
PRJNA1225148	2	2	2	1	True	1	0	0.0	False			RNA-Seq|TRANSCRIPTOMIC SINGLE CELL|cDNA	BD Rhapsody
PRJNA1228616	2	2	4	2	False	1	0	0.0	False			RNA-Seq|TRANSCRIPTOMIC SINGLE CELL|cDNA	10x Genomics Chromium
PRJNA1228647	2	2	2	1	True	1	0	0.0	False			RNA-Seq|TRANSCRIPTOMIC SINGLE CELL|cDNA	10x Genomics Chromium
PRJNA1229579	2	2	2	1	True	1	1	0.5	False		2.0	RNA-Seq|TRANSCRIPTOMIC SINGLE CELL|cDNA	BD Rhapsody
PRJNA1231013	2	2	2	1	True	1	0	0.0	False			RNA-Seq|TRANSCRIPTOMIC SINGLE CELL|cDNA	10x Genomics Chromium
PRJNA1236275	2	2	2	1	True	1	0	0.0	False			RNA-Seq|TRANSCRIPTOMIC SINGLE CELL|cDNA	10x Genomics Chromium
PRJNA1242283	2	2	2	1	True	1	0	0.0	False			RNA-Seq|TRANSCRIPTOMIC SINGLE CELL|cDNA	BD Rhapsody
PRJNA1242744	2	2	8	4	False	1	1	1.0	False		2.0	RNA-Seq|TRANSCRIPTOMIC SINGLE CELL|cDNA	10x Genomics Chromium
PRJNA1246500	2	2	2	1	True	1	0	0.0	False			RNA-Seq|TRANSCRIPTOMIC SINGLE CELL|cDNA	10x Genomics Chromium
PRJNA1248245	2	2	2	1	True	2	0	0.0	False			OTHER|TRANSCRIPTOMIC|other;RNA-Seq|TRANSCRIPTOMIC SINGLE CELL|cDNA	bulk RNA-seq
PRJNA1248882	2	2	8	4	False	1	0	0.0	False			RNA-Seq|TRANSCRIPTOMIC SINGLE CELL|cDNA	bulk RNA-seq
PRJNA1248934	2	2	2	1	True	1	0	0.0	False			ATAC-seq|GENOMIC|other	bulk RNA-seq
PRJNA1252016	2	2	16	8	False	1	1	1.0	False		2.0	RNA-Seq|TRANSCRIPTOMIC SINGLE CELL|cDNA	10x Genomics Chromium
PRJNA1255558	2	2	4	2	False	1	0	0.0	False			RNA-Seq|TRANSCRIPTOMIC SINGLE CELL|cDNA	10x Genomics Chromium
PRJNA1257074	2	2	2	1	True	2	0	0.0	False			ATAC-seq|GENOMIC SINGLE CELL|other;RNA-Seq|TRANSCRIPTOMIC SINGLE CELL|cDNA	10x Genomics Chromium
PRJNA1266073	2	2	2	1	True	1	0	0.0	False			RNA-Seq|TRANSCRIPTOMIC SINGLE CELL|cDNA	BD Rhapsody
PRJNA1266668	2	2	2	1	True	1	0	0.0	False			RNA-Seq|TRANSCRIPTOMIC|cDNA	bulk RNA-seq
PRJNA1266688	2	2	8	4	False	1	0	0.0	False			RNA-Seq|TRANSCRIPTOMIC SINGLE CELL|cDNA	10x Genomics Chromium
PRJNA1268529	2	2	4	2	False	1	0	0.0	False			RNA-Seq|TRANSCRIPTOMIC SINGLE CELL|cDNA	10x Genomics Chromium
PRJNA1269439	2	2	2	1	True	1	0	0.0	False			ATAC-seq|GENOMIC|other	bulk RNA-seq
PRJNA1269449	2	2	2	1	True	1	1	0.5	False		2.0	Bisulfite-Seq|GENOMIC|RANDOM	bulk RNA-seq
PRJNA1274473	2	2	4	2	False	2	0	0.0	False			OTHER|OTHER|other;RNA-Seq|TRANSCRIPTOMIC SINGLE CELL|cDNA	10x Genomics Chromium
PRJNA1274482	2	2	2	1	True	1	0	0.0	False			ATAC-seq|GENOMIC SINGLE CELL|other	10x Genomics Chromium
PRJNA1274972	2	2	4	2	False	1	0	0.0	False			ATAC-seq|GENOMIC SINGLE CELL|other	bulk RNA-seq
PRJNA1275679	2	2	4	2	False	1	0	0.0	False			OTHER|TRANSCRIPTOMIC|other	bulk RNA-seq
PRJNA1276101	2	2	2	1	True	1	0	0.0	False			RNA-Seq|TRANSCRIPTOMIC SINGLE CELL|cDNA	bulk RNA-seq
PRJNA1279156	2	2	2	1	True	1	0	0.0	False			RNA-Seq|TRANSCRIPTOMIC SINGLE CELL|cDNA	single nucleus RNA-seq
PRJNA1281536	2	2	2	1	True	1	0	0.0	False			RNA-Seq|TRANSCRIPTOMIC SINGLE CELL|cDNA	10x Genomics Chromium;bulk RNA-seq
PRJNA1282481	2	2	384	288	False	1	0	0.0	False			RNA-Seq|TRANSCRIPTOMIC SINGLE CELL|cDNA	sci-RNA-seq
PRJNA1284218	2	2	2	1	True	1	0	0.0	False			RNA-Seq|TRANSCRIPTOMIC SINGLE CELL|cDNA	BD Rhapsody
PRJNA1284225	2	2	2	1	True	1	0	0.0	False			RNA-Seq|TRANSCRIPTOMIC SINGLE CELL|cDNA	BD Rhapsody
PRJNA1291593	2	2	4	2	False	1	0	0.0	False			RNA-Seq|TRANSCRIPTOMIC SINGLE CELL|cDNA	BD Rhapsody
PRJNA1298153	2	2	2	1	True	1	0	0.0	False			RNA-Seq|TRANSCRIPTOMIC SINGLE CELL|cDNA	BD Rhapsody
PRJNA1298940	2	2	2	1	True	1	0	0.0	False			RNA-Seq|TRANSCRIPTOMIC SINGLE CELL|cDNA	10x Genomics Chromium
PRJNA1301395	2	2	2	1	True	1	0	0.0	False			RNA-Seq|TRANSCRIPTOMIC SINGLE CELL|cDNA	10x Genomics Chromium
PRJNA1301827	2	2	2	1	True	1	0	0.0	False			RNA-Seq|TRANSCRIPTOMIC SINGLE CELL|cDNA	10x Genomics Chromium;single nucleus RNA-seq
PRJNA1301843	2	2	2	1	True	2	0	0.0	False			ATAC-seq|OTHER|other;RNA-Seq|TRANSCRIPTOMIC SINGLE CELL|cDNA	single nucleus RNA-seq
PRJNA1304776	2	2	2	1	True	1	0	0.0	False			RNA-Seq|TRANSCRIPTOMIC SINGLE CELL|cDNA	10x Genomics Chromium
PRJNA1308104	2	2	2	1	True	1	0	0.0	False			RNA-Seq|TRANSCRIPTOMIC SINGLE CELL|cDNA	BD Rhapsody
PRJNA1310863	2	2	4	2	False	1	0	0.0	False			RNA-Seq|TRANSCRIPTOMIC SINGLE CELL|cDNA	10x Genomics Chromium;single nucleus RNA-seq
PRJNA1310867	2	2	2	1	True	1	0	0.0	False			RNA-Seq|TRANSCRIPTOMIC SINGLE CELL|cDNA	single nucleus RNA-seq
PRJNA1311815	2	2	2	1	True	1	0	0.0	False			RNA-Seq|TRANSCRIPTOMIC SINGLE CELL|cDNA	Parse Biosciences
PRJNA1314801	2	2	2	1	True	1	0	0.0	False			RNA-Seq|TRANSCRIPTOMIC SINGLE CELL|cDNA	bulk RNA-seq
PRJNA1322389	2	2	2	1	True	1	0	0.0	False			RNA-Seq|TRANSCRIPTOMIC SINGLE CELL|cDNA	BD Rhapsody
PRJNA1327911	2	2	4	2	False	1	0	0.0	False			RNA-Seq|TRANSCRIPTOMIC|cDNA	10x Genomics Chromium
PRJNA1328808	2	2	2	1	True	1	0	0.0	False			RNA-Seq|TRANSCRIPTOMIC SINGLE CELL|cDNA	single nucleus RNA-seq
PRJNA1334398	2	2	2	1	True	1	1	1.0	False		2.0	RNA-Seq|TRANSCRIPTOMIC SINGLE CELL|cDNA	10x Genomics Chromium
PRJNA1335185	2	2	2	1	True	1	0	0.0	False			RNA-Seq|TRANSCRIPTOMIC|PolyA	bulk RNA-seq
PRJNA1338055	2	2	2	1	True	1	0	0.0	False			RNA-Seq|TRANSCRIPTOMIC SINGLE CELL|cDNA	Parse Biosciences
PRJNA1363770	2	2	2	1	True	1	1	0.5	False		2.0	RNA-Seq|TRANSCRIPTOMIC|cDNA	10x Genomics Chromium
PRJNA1367123	2	2	2	1	True	1	0	0.0	False			RNA-Seq|TRANSCRIPTOMIC|cDNA	10x Genomics Chromium
PRJNA1367469	2	2	2	1	True	1	0	0.0	False			RNA-Seq|TRANSCRIPTOMIC|cDNA	bulk RNA-seq
PRJNA1370100	2	2	4	3	False	1	0	0.0	False			RNA-Seq|TRANSCRIPTOMIC SINGLE CELL|cDNA	10x Genomics Chromium
PRJNA1370888	2	2	2	1	True	1	0	0.0	False			RNA-Seq|TRANSCRIPTOMIC SINGLE CELL|cDNA	bulk RNA-seq
PRJNA1372018	2	2	4	2	False	1	0	0.0	False			RNA-Seq|TRANSCRIPTOMIC SINGLE CELL|cDNA	10x Genomics Chromium
PRJNA1372702	2	2	2	1	True	1	0	0.0	False			RNA-Seq|TRANSCRIPTOMIC SINGLE CELL|cDNA	10x Genomics Chromium
PRJNA1373015	2	2	2	1	True	2	0	0.0	False			ATAC-seq|GENOMIC SINGLE CELL|other;RNA-Seq|TRANSCRIPTOMIC SINGLE CELL|cDNA	10x Genomics Chromium
PRJNA1380309	2	2	2	1	True	1	0	0.0	False			RNA-Seq|TRANSCRIPTOMIC SINGLE CELL|cDNA	10x Genomics Chromium
PRJNA1380475	2	2	2	1	True	1	0	0.0	False			OTHER|TRANSCRIPTOMIC|other	BD Rhapsody
PRJNA1397170	2	2	2	1	True	1	0	0.0	False			RNA-Seq|TRANSCRIPTOMIC SINGLE CELL|cDNA	BD Rhapsody
PRJNA1401806	2	2	2	1	True	1	0	0.0	False			RNA-Seq|TRANSCRIPTOMIC SINGLE CELL|cDNA	10x Genomics Chromium
PRJNA1402280	2	2	2	1	True	1	0	0.0	False			RNA-Seq|TRANSCRIPTOMIC|cDNA	bulk RNA-seq
PRJNA1405552	2	2	2	1	True	1	0	0.0	False			RNA-Seq|TRANSCRIPTOMIC SINGLE CELL|cDNA	10x Genomics Chromium
PRJNA1415761	2	2	2	1	True	1	0	0.0	False			RNA-Seq|TRANSCRIPTOMIC SINGLE CELL|cDNA	10x Genomics Chromium
PRJNA1415818	2	2	2	1	True	1	0	0.0	False			RNA-Seq|TRANSCRIPTOMIC|cDNA	10x Genomics Chromium;single nucleus RNA-seq
PRJNA1423516	2	2	2	1	True	1	0	0.0	False			RNA-Seq|TRANSCRIPTOMIC SINGLE CELL|cDNA	10x Genomics Chromium
PRJNA1425107	2	2	2	1	True	1	0	0.0	False			RNA-Seq|TRANSCRIPTOMIC SINGLE CELL|cDNA	10x Genomics Chromium
PRJNA1427218	2	2	2	1	True	1	0	0.0	False			RNA-Seq|TRANSCRIPTOMIC|cDNA	10x Genomics Chromium
PRJNA1428839	2	2	2	1	True	1	0	0.0	False			RNA-Seq|TRANSCRIPTOMIC|cDNA	bulk RNA-seq
PRJNA1428855	2	2	8	4	False	1	0	0.0	False			RNA-Seq|TRANSCRIPTOMIC SINGLE CELL|cDNA	10x Genomics Chromium
PRJNA1432982	2	2	2	1	True	1	0	0.0	False			RNA-Seq|TRANSCRIPTOMIC|cDNA	bulk RNA-seq
PRJNA1432983	2	2	2	1	True	1	0	0.0	False			RNA-Seq|TRANSCRIPTOMIC|cDNA	bulk RNA-seq
PRJNA1435162	2	2	2	1	True	1	0	0.0	False			RNA-Seq|TRANSCRIPTOMIC SINGLE CELL|cDNA	10x Genomics Chromium
PRJNA1436018	2	2	2	1	True	1	0	0.0	False			RNA-Seq|TRANSCRIPTOMIC SINGLE CELL|cDNA_oligo_dT	Parse Biosciences
PRJNA1436506	2	2	2	1	True	1	0	0.0	False			RNA-Seq|TRANSCRIPTOMIC SINGLE CELL|cDNA	10x Genomics Chromium
PRJNA1439369	2	2	2	1	True	1	0	0.0	False			RNA-Seq|TRANSCRIPTOMIC SINGLE CELL|cDNA	10x Genomics Chromium
PRJNA1439441	2	2	2	1	True	1	0	0.0	False			RNA-Seq|TRANSCRIPTOMIC SINGLE CELL|cDNA_oligo_dT	10x Genomics Chromium;single nucleus RNA-seq
PRJNA1441806	2	2	2	1	True	1	0	0.0	False			RNA-Seq|TRANSCRIPTOMIC|cDNA	bulk RNA-seq
PRJNA1442774	2	2	2	1	True	1	2	1.0	False		1.0	RNA-Seq|TRANSCRIPTOMIC SINGLE CELL|cDNA	10x Genomics Chromium
PRJNA1446256	2	2	2	1	True	1	0	0.0	False			RNA-Seq|TRANSCRIPTOMIC|cDNA	TruSeq Stranded mRNA
PRJNA1449978	2	2	2	1	True	1	0	0.0	False			RNA-Seq|TRANSCRIPTOMIC SINGLE CELL|cDNA	Parse Biosciences
PRJNA1462785	2	2	2	1	True	1	0	0.0	False			RNA-Seq|TRANSCRIPTOMIC SINGLE CELL|cDNA	BD Rhapsody
PRJNA1465223	2	2	2	1	True	1	0	0.0	False			ATAC-seq|GENOMIC|other	bulk RNA-seq
PRJNA1469041	2	2	2	1	True	1	0	0.0	False			RNA-Seq|TRANSCRIPTOMIC SINGLE CELL|cDNA	10x Genomics Chromium
PRJNA1469541	2	2	2	1	True	1	0	0.0	False			RNA-Seq|TRANSCRIPTOMIC SINGLE CELL|cDNA	10x Genomics Chromium
PRJNA1473653	2	2	2	1	True	1	0	0.0	False			RNA-Seq|TRANSCRIPTOMIC|cDNA	bulk RNA-seq
PRJNA1475286	2	2	2	1	True	1	0	0.0	False			RNA-Seq|TRANSCRIPTOMIC SINGLE CELL|cDNA	Parse Biosciences
PRJNA1477490	2	2	2	1	True	1	0	0.0	False			RNA-Seq|TRANSCRIPTOMIC SINGLE CELL|cDNA	single nucleus RNA-seq;bulk RNA-seq
PRJNA1480797	2	2	2	1	True	1	0	0.0	False			RNA-Seq|TRANSCRIPTOMIC|cDNA	bulk RNA-seq
PRJNA1494416	2	2	3	2	False	2	0	0.0	False			ATAC-seq|GENOMIC SINGLE CELL|other;RNA-Seq|TRANSCRIPTOMIC SINGLE CELL|cDNA	10x Genomics Chromium
PRJNA1497891	2	2	7	4	False	1	0	0.0	False			RNA-Seq|TRANSCRIPTOMIC SINGLE CELL|cDNA	10x Genomics Chromium
PRJNA173092	2	2	2	1	True	1	0	0.0	False			RNA-Seq|TRANSCRIPTOMIC|cDNA	polyA selected RNA-seq
PRJNA182277	2	2	2	1	True	1	0	0.0	False			RNA-Seq|TRANSCRIPTOMIC|cDNA	polyA selected RNA-seq
PRJNA267124	2	2	2	1	True	1	0	0.0	False			RNA-Seq|TRANSCRIPTOMIC|cDNA	Drop-seq
PRJNA323372	2	2	2	1	True	1	0	0.0	False			RNA-Seq|TRANSCRIPTOMIC|cDNA	bulk RNA-seq
PRJNA328819	2	2	6	3	False	1	1	0.5	False		2.0	RNA-Seq|TRANSCRIPTOMIC|PolyA	polyA selected RNA-seq
PRJNA335722	2	2	2	1	True	1	0	0.0	False			RNA-Seq|TRANSCRIPTOMIC|cDNA	TruSeq Stranded mRNA
PRJNA335858	2	2	2	1	True	1	0	0.0	False			RNA-Seq|TRANSCRIPTOMIC|cDNA	TruSeq Stranded mRNA
PRJNA336240	2	2	4	2	False	1	0	0.0	False			RNA-Seq|TRANSCRIPTOMIC|cDNA	inDrop
PRJNA345259	2	2	2	1	True	1	0	0.0	False			RNA-Seq|TRANSCRIPTOMIC|RANDOM	TruSeq Stranded mRNA
PRJNA345266	2	2	2	1	True	1	0	0.0	False			RNA-Seq|TRANSCRIPTOMIC|RANDOM	TruSeq Stranded mRNA
PRJNA369783	2	2	2	1	True	1	0	0.0	False			RNA-Seq|TRANSCRIPTOMIC|cDNA	TruSeq Stranded mRNA
PRJNA377105	2	2	2	1	True	1	0	0.0	False			RNA-Seq|TRANSCRIPTOMIC|cDNA	10x Genomics Chromium
PRJNA378549	2	4	4	2	False	2	0	0.0	False			RNA-Seq|TRANSCRIPTOMIC|cDNA;miRNA-Seq|TRANSCRIPTOMIC|size fractionation	polyA selected RNA-seq
PRJNA392311	2	2	6	3	False	1	0	0.0	False			RNA-Seq|TRANSCRIPTOMIC|cDNA	Drop-seq
PRJNA396566	2	2	2	1	True	1	0	0.0	False			RNA-Seq|TRANSCRIPTOMIC|cDNA	Drop-seq
PRJNA397652	2	2	4	2	False	1	0	0.0	False			ATAC-seq|GENOMIC|other	Drop-seq;bulk RNA-seq
PRJNA397850	2	2	2	1	True	1	0	0.0	False			RNA-Seq|TRANSCRIPTOMIC|cDNA	Drop-seq;bulk RNA-seq
PRJNA434278	2	2	3	2	False	1	0	0.0	False			RNA-Seq|TRANSCRIPTOMIC|cDNA	10x Genomics Chromium
PRJNA436921	2	2	2	1	True	1	0	0.0	False			RNA-Seq|TRANSCRIPTOMIC|cDNA	Drop-seq
PRJNA437105	2	2	2	1	True	1	0	0.0	False			RNA-Seq|TRANSCRIPTOMIC|cDNA	bulk RNA-seq
PRJNA437107	2	2	2	1	True	1	0	0.0	False			RNA-Seq|TRANSCRIPTOMIC|cDNA	Drop-seq
PRJNA437486	2	2	2	1	True	1	0	0.0	False			RNA-Seq|TRANSCRIPTOMIC|cDNA	10x Genomics Chromium
PRJNA471002	2	2	2	1	True	1	0	0.0	False			RNA-Seq|TRANSCRIPTOMIC|cDNA	10x Genomics Chromium
PRJNA472606	2	2	5	4	False	1	0	0.0	False			RNA-Seq|TRANSCRIPTOMIC|cDNA	bulk RNA-seq
PRJNA491483	2	2	2	1	True	1	0	0.0	False			RNA-Seq|TRANSCRIPTOMIC|cDNA	10x Genomics Chromium
PRJNA493093	2	2	2	1	True	1	0	0.0	False			RNA-Seq|TRANSCRIPTOMIC|cDNA	10x Genomics Chromium
PRJNA494028	2	2	2	1	True	1	0	0.0	False			RNA-Seq|TRANSCRIPTOMIC|cDNA	10x Genomics Chromium
PRJNA495713	2	2	2	1	True	1	1	0.5	False		2.0	RNA-Seq|TRANSCRIPTOMIC|cDNA	Drop-seq
PRJNA496508	2	2	2	1	True	1	0	0.0	False			RNA-Seq|TRANSCRIPTOMIC|cDNA	Drop-seq
PRJNA496523	2	2	2	1	True	1	0	0.0	False			RNA-Seq|TRANSCRIPTOMIC|cDNA	10x Genomics Chromium
PRJNA503338	2	2	2	1	True	1	0	0.0	False			RNA-Seq|TRANSCRIPTOMIC|cDNA	10x Genomics Chromium
PRJNA503437	2	2	8	4	False	1	0	0.0	False			RNA-Seq|TRANSCRIPTOMIC|cDNA	bulk RNA-seq
PRJNA504643	2	2	3	2	False	1	0	0.0	False			RNA-Seq|TRANSCRIPTOMIC|cDNA	Drop-seq
PRJNA505495	2	2	2	1	True	1	0	0.0	False			RNA-Seq|TRANSCRIPTOMIC|cDNA	bulk RNA-seq
PRJNA510333	2	2	2	1	True	1	0	0.0	False			RNA-Seq|TRANSCRIPTOMIC|cDNA	10x Genomics Chromium
PRJNA512502	2	2	4	2	False	1	0	0.0	False			RNA-Seq|TRANSCRIPTOMIC|cDNA	10x Genomics Chromium
PRJNA516430	2	2	2	1	True	1	0	0.0	False			RNA-Seq|TRANSCRIPTOMIC|cDNA	10x Genomics Chromium
PRJNA525662	2	2	2	1	True	1	0	0.0	False			RNA-Seq|TRANSCRIPTOMIC|cDNA	10x Genomics Chromium
PRJNA529259	2	2	2	1	True	1	0	0.0	False			RNA-Seq|TRANSCRIPTOMIC|cDNA	inDrop
PRJNA530180	2	2	2	1	True	1	1	0.5	False		2.0	RNA-Seq|TRANSCRIPTOMIC|cDNA	Drop-seq
PRJNA530219	2	2	2	1	True	1	0	0.0	False			RNA-Seq|TRANSCRIPTOMIC|cDNA	10x Genomics Chromium
PRJNA535490	2	2	4	2	False	1	0	0.0	False			RNA-Seq|TRANSCRIPTOMIC|cDNA	10x Genomics Chromium
PRJNA541019	2	2	19	10	False	1	2	1.0	False		1.0	RNA-Seq|TRANSCRIPTOMIC|cDNA	10x Genomics Chromium
PRJNA548928	2	2	2	1	True	1	0	0.0	False			RNA-Seq|TRANSCRIPTOMIC|cDNA	10x Genomics Chromium
PRJNA550426	2	2	2	1	True	1	0	0.0	False			RNA-Seq|TRANSCRIPTOMIC|cDNA	bulk RNA-seq
PRJNA551501	2	2	2	1	True	1	0	0.0	False			RNA-Seq|TRANSCRIPTOMIC|cDNA	10x Genomics Chromium
PRJNA551745	2	2	2	1	True	1	0	0.0	False			RNA-Seq|TRANSCRIPTOMIC|cDNA	single nucleus RNA-seq
PRJNA551757	2	2	2	1	True	1	0	0.0	False			RNA-Seq|TRANSCRIPTOMIC|cDNA	single nucleus RNA-seq
PRJNA556610	2	2	2	1	True	1	0	0.0	False			RNA-Seq|TRANSCRIPTOMIC|cDNA	Drop-seq
PRJNA556611	2	2	2	1	True	1	0	0.0	False			RNA-Seq|TRANSCRIPTOMIC|cDNA	Drop-seq
PRJNA564527	2	2	2	1	True	1	0	0.0	False			RNA-Seq|TRANSCRIPTOMIC|cDNA	10x Genomics Chromium
PRJNA565916	2	2	8	4	False	1	0	0.0	False			RNA-Seq|TRANSCRIPTOMIC|cDNA	Drop-seq
PRJNA578550	2	2	2	1	True	1	0	0.0	False			RNA-Seq|TRANSCRIPTOMIC|cDNA	10x Genomics Chromium
PRJNA578689	2	2	2	1	True	1	0	0.0	False			RNA-Seq|TRANSCRIPTOMIC|cDNA	10x Genomics Chromium
PRJNA593571	2	2	2	1	True	1	0	0.0	False			RNA-Seq|TRANSCRIPTOMIC|cDNA	single nucleus RNA-seq
PRJNA596324	2	2	8	4	False	1	0	0.0	False			RNA-Seq|TRANSCRIPTOMIC|cDNA	Drop-seq
PRJNA596483	2	2	2	1	True	1	0	0.0	False			RNA-Seq|TRANSCRIPTOMIC|cDNA	Drop-seq
PRJNA596992	2	2	2	1	True	1	0	0.0	False			RNA-Seq|TRANSCRIPTOMIC|cDNA	Drop-seq
PRJNA598680	2	2	2	1	True	1	0	0.0	False			RNA-Seq|TRANSCRIPTOMIC|cDNA	10x Genomics Chromium
PRJNA603051	2	2	8	4	False	1	0	0.0	False			RNA-Seq|TRANSCRIPTOMIC|cDNA	10x Genomics Chromium
PRJNA605372	2	2	8	4	False	1	0	0.0	False			RNA-Seq|TRANSCRIPTOMIC|cDNA	bulk RNA-seq
PRJNA605373	2	2	8	4	False	1	0	0.0	False			RNA-Seq|TRANSCRIPTOMIC|cDNA	bulk RNA-seq
PRJNA605783	2	2	2	1	True	1	0	0.0	False			RNA-Seq|TRANSCRIPTOMIC|cDNA	10x Genomics Chromium
PRJNA606579	2	2	2	1	True	1	0	0.0	False			RNA-Seq|TRANSCRIPTOMIC|cDNA	bulk RNA-seq
PRJNA611797	2	2	24	12	False	1	2	1.0	False		1.0	RNA-Seq|TRANSCRIPTOMIC|cDNA	Chromium Single Cell 3'
PRJNA611831	2	2	6	3	False	1	0	0.0	False			RNA-Seq|TRANSCRIPTOMIC|cDNA	10x Genomics Chromium
PRJNA612440	2	2	2	1	True	2	0	0.0	False			Hi-C|GENOMIC|RANDOM;WGS|GENOMIC|RANDOM	10x Genomics Chromium
PRJNA612689	2	2	576	288	False	1	0	0.0	False			RNA-Seq|TRANSCRIPTOMIC|cDNA	Drop-seq
PRJNA613402	2	2	2	1	True	1	0	0.0	False			RNA-Seq|TRANSCRIPTOMIC|cDNA	Drop-seq
PRJNA613685	2	2	8	4	False	1	0	0.0	False			RNA-Seq|TRANSCRIPTOMIC|cDNA	10x Genomics Chromium
PRJNA622498	2	2	2	1	True	1	0	0.0	False			RNA-Seq|TRANSCRIPTOMIC|cDNA	bulk RNA-seq
PRJNA630285	2	2	8	4	False	1	0	0.0	False			RNA-Seq|TRANSCRIPTOMIC|cDNA	10x Genomics Chromium
PRJNA634141	2	2	2	1	True	1	0	0.0	False			RNA-Seq|TRANSCRIPTOMIC|cDNA	bulk RNA-seq
PRJNA640816	2	2	8	4	False	1	0	0.0	False			RNA-Seq|TRANSCRIPTOMIC|cDNA	10x Genomics Chromium
PRJNA641385	2	2	2	1	True	1	1	1.0	False		2.0	RNA-Seq|TRANSCRIPTOMIC|cDNA	10x Genomics Chromium
PRJNA644372	2	2	4	2	False	1	0	0.0	False			RNA-Seq|TRANSCRIPTOMIC|cDNA	Drop-seq
PRJNA655358	2	2	32	16	False	1	0	0.0	False			RNA-Seq|TRANSCRIPTOMIC|cDNA	10x Genomics Chromium
PRJNA658120	2	2	8	4	False	1	0	0.0	False			OTHER|TRANSCRIPTOMIC|other	single nucleus RNA-seq
PRJNA660438	2	2	4	2	False	1	1	1.0	False		2.0	RNA-Seq|TRANSCRIPTOMIC|cDNA	10x Genomics Chromium
PRJNA661274	2	2	4	2	False	1	0	0.0	False			RNA-Seq|TRANSCRIPTOMIC|cDNA	BD Rhapsody
PRJNA661315	2	2	8	4	False	1	0	0.0	False			RNA-Seq|TRANSCRIPTOMIC|cDNA	10x Genomics Chromium
PRJNA661319	2	2	4	2	False	1	0	0.0	False			ATAC-seq|GENOMIC|other	10x Genomics Chromium
PRJNA661339	2	2	4	2	False	1	0	0.0	False			OTHER|TRANSCRIPTOMIC|other	bulk RNA-seq
PRJNA666695	2	2	4	2	False	1	0	0.0	False			RNA-Seq|TRANSCRIPTOMIC|cDNA	10x Genomics Chromium
PRJNA669063	2	2	2	1	True	1	2	1.0	False		1.0	RNA-Seq|TRANSCRIPTOMIC|cDNA	10x Genomics Chromium
PRJNA671829	2	2	2	1	True	1	0	0.0	False			RNA-Seq|TRANSCRIPTOMIC|cDNA	10x Genomics Chromium
PRJNA672999	2	2	2	1	True	1	0	0.0	False			RNA-Seq|TRANSCRIPTOMIC|cDNA	TruSeq Stranded mRNA
PRJNA673349	2	2	24	12	False	1	0	0.0	False			RNA-Seq|TRANSCRIPTOMIC|cDNA	10x Genomics Chromium
PRJNA675474	2	2	16	8	False	1	0	0.0	False			RNA-Seq|TRANSCRIPTOMIC|cDNA	bulk RNA-seq
PRJNA677901	2	2	16	8	False	1	0	0.0	False			RNA-Seq|TRANSCRIPTOMIC|cDNA	10x Genomics Chromium
PRJNA683084	2	2	8	4	False	1	0	0.0	False			RNA-Seq|TRANSCRIPTOMIC|cDNA	10x Genomics Chromium
PRJNA687527	2	2	2	1	True	1	0	0.0	False			RNA-Seq|TRANSCRIPTOMIC|cDNA	bulk RNA-seq
PRJNA688477	2	2	2	1	True	1	0	0.0	False			RNA-Seq|TRANSCRIPTOMIC|cDNA	Drop-seq
PRJNA690128	2	8	8	4	False	1	0	0.0	False			RNA-Seq|TRANSCRIPTOMIC SINGLE CELL|cDNA	10x Genomics Chromium
PRJNA690548	2	2	2	1	True	1	0	0.0	False			RNA-Seq|TRANSCRIPTOMIC|cDNA	bulk RNA-seq
PRJNA691947	2	2	6	4	False	1	0	0.0	False			RNA-Seq|TRANSCRIPTOMIC|cDNA	single nucleus RNA-seq
PRJNA692727	2	2	5	4	False	1	0	0.0	False			RNA-Seq|TRANSCRIPTOMIC|cDNA	10x Genomics Chromium
PRJNA692739	2	2	2	1	True	1	0	0.0	False			RNA-Seq|TRANSCRIPTOMIC|cDNA	10x Genomics Chromium
PRJNA698785	2	2	4	2	False	1	0	0.0	False			RNA-Seq|TRANSCRIPTOMIC|cDNA	bulk RNA-seq
PRJNA699231	2	2	2	1	True	1	0	0.0	False			RNA-Seq|TRANSCRIPTOMIC|cDNA	Drop-seq
PRJNA700416	2	2	2	1	True	1	0	0.0	False			RNA-Seq|TRANSCRIPTOMIC|cDNA	10x Genomics Chromium
PRJNA701427	2	2	8	4	False	1	0	0.0	False			RNA-Seq|TRANSCRIPTOMIC|cDNA	Drop-seq
PRJNA702679	2	2	2	1	True	1	0	0.0	False			RNA-Seq|TRANSCRIPTOMIC|cDNA	10x Genomics Chromium
PRJNA703835	2	2	2	1	True	1	0	0.0	False			RNA-Seq|TRANSCRIPTOMIC|cDNA	BD Rhapsody
PRJNA705186	2	2	3	2	False	1	0	0.0	False			RNA-Seq|TRANSCRIPTOMIC|cDNA	bulk RNA-seq
PRJNA705993	2	2	8	4	False	1	0	0.0	False			RNA-Seq|TRANSCRIPTOMIC|cDNA	10x Genomics Chromium
PRJNA707015	2	2	2	1	True	1	1	1.0	False		2.0	RNA-Seq|TRANSCRIPTOMIC|cDNA	10x Genomics Chromium
PRJNA714949	2	2	8	4	False	1	2	1.0	False		1.0	RNA-Seq|TRANSCRIPTOMIC|cDNA	Drop-seq
PRJNA715508	2	2	2	1	True	1	0	0.0	False			RNA-Seq|TRANSCRIPTOMIC|cDNA	BD Rhapsody
PRJNA719416	2	2	2	1	True	1	2	1.0	False		1.0	RNA-Seq|TRANSCRIPTOMIC|cDNA	10x Genomics Chromium
PRJNA719845	2	2	4	2	False	1	0	0.0	False			ATAC-seq|GENOMIC|other	10x Genomics Chromium
PRJNA720208	2	2	2	1	True	1	0	0.0	False			RNA-Seq|TRANSCRIPTOMIC|cDNA	10x Genomics Chromium
PRJNA722417	2	2	2	1	True	1	0	0.0	False			RNA-Seq|TRANSCRIPTOMIC|cDNA	single nucleus RNA-seq
PRJNA723191	2	2	16	8	False	1	0	0.0	False			RNA-Seq|TRANSCRIPTOMIC|cDNA	10x Genomics Chromium
PRJNA723346	2	2	2	1	True	1	0	0.0	False			RNA-Seq|TRANSCRIPTOMIC|cDNA	single nucleus RNA-seq
PRJNA726300	2	30	30	23	False	1	0	0.0	False			RNA-Seq|TRANSCRIPTOMIC|RANDOM	single nucleus RNA-seq
PRJNA726301	2	30	30	23	False	1	0	0.0	False			RNA-Seq|TRANSCRIPTOMIC|RANDOM	single nucleus RNA-seq
PRJNA726807	2	2	2	1	True	1	0	0.0	False			RNA-Seq|TRANSCRIPTOMIC|cDNA	10x Genomics Chromium
PRJNA727194	2	2	2	1	True	1	0	0.0	False			RNA-Seq|TRANSCRIPTOMIC|cDNA	bulk RNA-seq
PRJNA736991	2	2	2	1	True	1	1	1.0	False		2.0	RNA-Seq|TRANSCRIPTOMIC|cDNA	TruSeq Stranded mRNA
PRJNA746670	2	2	2	1	True	1	0	0.0	False			RNA-Seq|TRANSCRIPTOMIC|cDNA	BD Rhapsody
PRJNA750930	2	2	2	1	True	1	0	0.0	False			RNA-Seq|TRANSCRIPTOMIC|cDNA	10x Genomics Chromium
PRJNA753473	2	2	8	4	False	1	0	0.0	False			RNA-Seq|TRANSCRIPTOMIC|cDNA	10x Genomics Chromium;bulk RNA-seq
PRJNA754128	2	2	4	2	False	1	0	0.0	False			RNA-Seq|TRANSCRIPTOMIC|cDNA	Drop-seq
PRJNA758173	2	2	2	1	True	1	0	0.0	False			RNA-Seq|TRANSCRIPTOMIC|cDNA	polyA selected RNA-seq
PRJNA762118	2	2	2	1	True	1	0	0.0	False			RNA-Seq|TRANSCRIPTOMIC|cDNA	bulk RNA-seq
PRJNA771124	2	2	2	1	True	1	0	0.0	False			RNA-Seq|TRANSCRIPTOMIC|cDNA	10x Genomics Chromium
PRJNA771421	2	2	2	1	True	1	0	0.0	False			RNA-Seq|TRANSCRIPTOMIC|RANDOM	BD Rhapsody
PRJNA771661	2	2	4	2	False	1	0	0.0	False			OTHER|TRANSCRIPTOMIC|other	10x Genomics Chromium
PRJNA773428	2	2	8	4	False	1	0	0.0	False			RNA-Seq|TRANSCRIPTOMIC|cDNA	Drop-seq
PRJNA773982	2	12	12	6	False	1	0	0.0	False			RNA-Seq|TRANSCRIPTOMIC|unspecified	bulk RNA-seq
PRJNA780462	2	2	2	1	True	1	0	0.0	False			RNA-Seq|TRANSCRIPTOMIC|cDNA	bulk RNA-seq
PRJNA780927	2	2	2	1	True	1	0	0.0	False			RNA-Seq|TRANSCRIPTOMIC|cDNA	10x Genomics Chromium
PRJNA786692	2	2	2	1	True	1	0	0.0	False			RNA-Seq|TRANSCRIPTOMIC|cDNA	10x Genomics Chromium
PRJNA787233	2	2	2	1	True	1	0	0.0	False			RNA-Seq|TRANSCRIPTOMIC|cDNA	10x Genomics Chromium
PRJNA788498	2	2	2	1	True	1	0	0.0	False			RNA-Seq|TRANSCRIPTOMIC|cDNA	single nucleus RNA-seq;bulk RNA-seq
PRJNA789553	2	2	2	1	True	1	0	0.0	False			RNA-Seq|TRANSCRIPTOMIC|cDNA	bulk RNA-seq
PRJNA791292	2	2	2	1	True	1	0	0.0	False			RNA-Seq|TRANSCRIPTOMIC|cDNA	BD Rhapsody
PRJNA792554	2	2	2	1	True	1	0	0.0	False			RNA-Seq|TRANSCRIPTOMIC|cDNA	10x Genomics Chromium
PRJNA793006	2	2	4	2	False	1	0	0.0	False			ATAC-seq|GENOMIC|other	10x Genomics Chromium
PRJNA793023	2	2	4	2	False	1	0	0.0	False			RNA-Seq|TRANSCRIPTOMIC|cDNA	10x Genomics Chromium
PRJNA794115	2	2	2	1	True	1	0	0.0	False			RNA-Seq|TRANSCRIPTOMIC|cDNA	bulk RNA-seq
PRJNA796958	2	2	16	8	False	1	0	0.0	False			RNA-Seq|TRANSCRIPTOMIC|cDNA	10x Genomics Chromium
PRJNA798360	2	2	4	2	False	1	0	0.0	False			RNA-Seq|TRANSCRIPTOMIC|cDNA	10x Genomics Chromium
PRJNA798362	2	2	2	1	True	2	0	0.0	False			OTHER|GENOMIC|other;OTHER|TRANSCRIPTOMIC|other	10x Genomics Chromium
PRJNA798369	2	2	2	1	True	2	0	0.0	False			OTHER|GENOMIC|other;OTHER|TRANSCRIPTOMIC|other	10x Genomics Chromium
PRJNA798371	2	2	2	1	True	1	0	0.0	False			RNA-Seq|TRANSCRIPTOMIC|Oligo-dT	10x Genomics Chromium
PRJNA798987	2	2	2	1	True	1	0	0.0	False			RNA-Seq|TRANSCRIPTOMIC|cDNA	BD Rhapsody
PRJNA801305	2	2	8	4	False	1	0	0.0	False			RNA-Seq|TRANSCRIPTOMIC|cDNA	10x Genomics Chromium
PRJNA803190	2	2	8	4	False	1	0	0.0	False			RNA-Seq|TRANSCRIPTOMIC|cDNA	10x Genomics Chromium
PRJNA803230	2	2	2	1	True	1	0	0.0	False			RNA-Seq|TRANSCRIPTOMIC|cDNA	Drop-seq
PRJNA803442	2	2	4	2	False	2	0	0.0	False			ATAC-seq|GENOMIC|other;RNA-Seq|TRANSCRIPTOMIC|cDNA	10x Genomics Chromium
PRJNA810168	2	2	16	8	False	1	0	0.0	False			RNA-Seq|TRANSCRIPTOMIC|cDNA	bulk RNA-seq
PRJNA815312	2	2	25	16	False	2	0	0.0	False			ATAC-seq|GENOMIC|other;RNA-Seq|TRANSCRIPTOMIC|cDNA	single nucleus RNA-seq
PRJNA828458	2	2	2	1	True	1	0	0.0	False			RNA-Seq|TRANSCRIPTOMIC SINGLE CELL|cDNA	10x Genomics Chromium
PRJNA832808	2	2	8	4	False	1	0	0.0	False			RNA-Seq|TRANSCRIPTOMIC|cDNA	Drop-seq
PRJNA834029	2	2	2	1	True	1	0	0.0	False			RNA-Seq|TRANSCRIPTOMIC SINGLE CELL|cDNA	10x Genomics Chromium
PRJNA836320	2	2	2	1	True	1	0	0.0	False			RNA-Seq|TRANSCRIPTOMIC|cDNA	single nucleus RNA-seq
PRJNA836859	2	2	8	4	False	1	0	0.0	False			RNA-Seq|TRANSCRIPTOMIC|cDNA	single nucleus RNA-seq
PRJNA838946	2	2	2	1	True	1	0	0.0	False			RNA-Seq|TRANSCRIPTOMIC|cDNA	10x Genomics Chromium
PRJNA844389	2	2	2	1	True	1	0	0.0	False			ATAC-seq|GENOMIC|other	bulk RNA-seq
PRJNA845448	2	2	2	1	True	1	0	0.0	False			RNA-Seq|TRANSCRIPTOMIC SINGLE CELL|cDNA	bulk RNA-seq
PRJNA847010	2	6	6	3	False	1	0	0.0	False			RNA-Seq|TRANSCRIPTOMIC|Oligo-dT	bulk RNA-seq
PRJNA852800	2	2	32	16	False	1	0	0.0	False			RNA-Seq|TRANSCRIPTOMIC SINGLE CELL|cDNA	bulk RNA-seq
PRJNA856891	2	2	8	4	False	1	0	0.0	False			RNA-Seq|TRANSCRIPTOMIC SINGLE CELL|cDNA	10x Genomics Chromium
PRJNA859169	2	2	2	1	True	1	0	0.0	False			RNA-Seq|TRANSCRIPTOMIC SINGLE CELL|cDNA	BD Rhapsody
PRJNA859821	2	2	2	1	True	1	0	0.0	False			RNA-Seq|TRANSCRIPTOMIC|cDNA	TruSeq Stranded mRNA
PRJNA860836	2	2	4	2	False	1	0	0.0	False			RNA-Seq|TRANSCRIPTOMIC SINGLE CELL|cDNA	BD Rhapsody
PRJNA863617	2	2	2	1	True	1	0	0.0	False			RNA-Seq|TRANSCRIPTOMIC|cDNA	bulk RNA-seq
PRJNA864782	2	2	2	1	True	1	0	0.0	False			RNA-Seq|TRANSCRIPTOMIC SINGLE CELL|cDNA	10x Genomics Chromium
PRJNA867006	2	2	2	1	True	1	0	0.0	False			RNA-Seq|TRANSCRIPTOMIC SINGLE CELL|cDNA	10x Genomics Chromium
PRJNA868409	2	2	2	1	True	1	0	0.0	False			RNA-Seq|TRANSCRIPTOMIC|cDNA	BD Rhapsody
PRJNA868928	2	2	8	4	False	1	0	0.0	False			RNA-Seq|TRANSCRIPTOMIC SINGLE CELL|cDNA	10x Genomics Chromium
PRJNA874713	2	2	2375	1735	False	2	0	0.0	False			ATAC-seq|GENOMIC|other;RNA-Seq|TRANSCRIPTOMIC SINGLE CELL|cDNA	single nucleus RNA-seq
PRJNA881320	2	2	4	2	False	1	0	0.0	False			RNA-Seq|TRANSCRIPTOMIC SINGLE CELL|cDNA	bulk RNA-seq
PRJNA882862	2	2	2	1	True	1	0	0.0	False			RNA-Seq|TRANSCRIPTOMIC SINGLE CELL|cDNA	10x Genomics Chromium
PRJNA885104	2	2	4	2	False	1	1	1.0	False		2.0	RNA-Seq|TRANSCRIPTOMIC SINGLE CELL|cDNA	10x Genomics Chromium
PRJNA885419	2	2	4	2	False	1	1	1.0	False		2.0	ATAC-seq|GENOMIC SINGLE CELL|other	bulk RNA-seq
PRJNA885827	2	2	8	4	False	1	0	0.0	False			RNA-Seq|TRANSCRIPTOMIC SINGLE CELL|cDNA	bulk RNA-seq
PRJNA887335	2	2	2	1	True	1	0	0.0	False			RNA-Seq|TRANSCRIPTOMIC SINGLE CELL|cDNA	Drop-seq
PRJNA887476	2	2	2	1	True	1	0	0.0	False			RNA-Seq|TRANSCRIPTOMIC SINGLE CELL|cDNA	10x Genomics Chromium
PRJNA892642	2	2	2	1	True	1	0	0.0	False			RNA-Seq|TRANSCRIPTOMIC SINGLE CELL|cDNA	10x Genomics Chromium
PRJNA892952	2	2	2	1	True	1	0	0.0	False			RNA-Seq|TRANSCRIPTOMIC|cDNA	bulk RNA-seq
PRJNA893395	2	2	2	1	True	1	0	0.0	False			RNA-Seq|TRANSCRIPTOMIC SINGLE CELL|cDNA	10x Genomics Chromium
PRJNA896882	2	2	2	1	True	1	0	0.0	False			RNA-Seq|TRANSCRIPTOMIC SINGLE CELL|cDNA	10x Genomics Chromium
PRJNA897914	2	2	2	1	True	1	0	0.0	False			OTHER|GENOMIC|other	bulk RNA-seq
PRJNA899102	2	2	20	12	False	1	0	0.0	False			RNA-Seq|TRANSCRIPTOMIC SINGLE CELL|cDNA	bulk RNA-seq
PRJNA900364	2	2	2	1	True	1	0	0.0	False			RNA-Seq|TRANSCRIPTOMIC SINGLE CELL|cDNA	10x Genomics Chromium
PRJNA905534	2	2	2	1	True	1	0	0.0	False			ATAC-seq|GENOMIC|other	10x Genomics Chromium
PRJNA906597	2	2	2	1	True	1	0	0.0	False			RNA-Seq|TRANSCRIPTOMIC|cDNA	bulk RNA-seq
PRJNA909230	2	2	6	3	False	1	0	0.0	False			RNA-Seq|TRANSCRIPTOMIC SINGLE CELL|cDNA	10x Genomics Chromium
PRJNA909231	2	2	15	9	False	1	0	0.0	False			RNA-Seq|TRANSCRIPTOMIC SINGLE CELL|cDNA	10x Genomics Chromium
PRJNA910478	2	2	4	3	False	1	0	0.0	False			RNA-Seq|TRANSCRIPTOMIC SINGLE CELL|cDNA	BD Rhapsody
PRJNA911266	2	2	2	1	True	1	0	0.0	False			RNA-Seq|TRANSCRIPTOMIC SINGLE CELL|cDNA	BD Rhapsody
PRJNA912862	2	2	2	1	True	1	1	1.0	False		2.0	RNA-Seq|TRANSCRIPTOMIC SINGLE CELL|cDNA	BD Rhapsody
PRJNA913167	2	2	2	1	True	1	0	0.0	False			RNA-Seq|TRANSCRIPTOMIC SINGLE CELL|cDNA	BD Rhapsody
PRJNA913177	2	2	2	1	True	1	0	0.0	False			RNA-Seq|TRANSCRIPTOMIC SINGLE CELL|cDNA	10x Genomics Chromium
PRJNA915321	2	2	2	1	True	1	0	0.0	False			RNA-Seq|TRANSCRIPTOMIC SINGLE CELL|cDNA	BD Rhapsody
PRJNA927003	2	2	2	1	True	2	0	0.0	False			OTHER|OTHER|other;RNA-Seq|TRANSCRIPTOMIC SINGLE CELL|cDNA	BD Rhapsody
PRJNA930367	2	2	20	12	False	1	0	0.0	False			RNA-Seq|TRANSCRIPTOMIC SINGLE CELL|cDNA	10x Genomics Chromium
PRJNA934455	2	2	16	8	False	1	0	0.0	False			ATAC-seq|GENOMIC SINGLE CELL|other	10x Genomics Chromium
PRJNA937612	2	2	3	2	False	1	0	0.0	False			RNA-Seq|TRANSCRIPTOMIC SINGLE CELL|cDNA	BD Rhapsody
PRJNA940797	2	2	2	1	True	1	0	0.0	False			RNA-Seq|TRANSCRIPTOMIC SINGLE CELL|cDNA	single nucleus RNA-seq
PRJNA952930	2	2	2	1	True	1	0	0.0	False			RNA-Seq|TRANSCRIPTOMIC SINGLE CELL|RT-PCR	Drop-seq
PRJNA952998	2	2	2	1	True	1	1	1.0	False		2.0	RNA-Seq|TRANSCRIPTOMIC SINGLE CELL|cDNA	BD Rhapsody
PRJNA964719	2	2	2	1	True	1	0	0.0	False			ATAC-seq|GENOMIC|other	10x Genomics Chromium
PRJNA964720	2	2	2	1	True	1	0	0.0	False			RNA-Seq|TRANSCRIPTOMIC SINGLE CELL|cDNA	10x Genomics Chromium
PRJNA967655	2	2	2	1	True	1	0	0.0	False			OTHER|TRANSCRIPTOMIC|other	single nucleus RNA-seq
PRJNA970509	2	2	2	1	True	2	0	0.0	False			OTHER|OTHER|other;OTHER|TRANSCRIPTOMIC|other	10x Genomics Chromium
PRJNA970709	2	2	2	1	True	1	0	0.0	False			RNA-Seq|TRANSCRIPTOMIC SINGLE CELL|cDNA	single nucleus RNA-seq
PRJNA971152	2	2	2	1	True	1	0	0.0	False			RNA-Seq|TRANSCRIPTOMIC SINGLE CELL|cDNA	10x Genomics Chromium
PRJNA971953	2	2	2	1	True	1	0	0.0	False			RNA-Seq|TRANSCRIPTOMIC SINGLE CELL|cDNA	BD Rhapsody
PRJNA974456	2	2	4	2	False	1	1	1.0	False		2.0	RNA-Seq|TRANSCRIPTOMIC SINGLE CELL|cDNA	10x Genomics Chromium
PRJNA975165	2	2	2	1	True	1	0	0.0	False			ATAC-seq|GENOMIC SINGLE CELL|other	10x Genomics Chromium
PRJNA975582	2	2	4	2	False	1	0	0.0	False			RNA-Seq|TRANSCRIPTOMIC SINGLE CELL|cDNA	10x Genomics Chromium
PRJNA977647	2	2	4	2	False	1	0	0.0	False			RNA-Seq|TRANSCRIPTOMIC SINGLE CELL|cDNA	10x Genomics Chromium
PRJNA983386	2	2	2	1	True	1	0	0.0	False			RNA-Seq|TRANSCRIPTOMIC|cDNA	bulk RNA-seq
PRJNA983711	2	2	2	1	True	2	0	0.0	False			RNA-Seq|OTHER|cDNA;RNA-Seq|TRANSCRIPTOMIC SINGLE CELL|cDNA	bulk RNA-seq
PRJNA983741	2	2	2	1	True	1	0	0.0	False			RNA-Seq|TRANSCRIPTOMIC SINGLE CELL|cDNA	10x Genomics Chromium
PRJNA983861	2	2	2	1	True	1	0	0.0	False			RNA-Seq|TRANSCRIPTOMIC|cDNA	single nucleus RNA-seq
PRJNA985687	2	2	2	1	True	1	0	0.0	False			RNA-Seq|TRANSCRIPTOMIC SINGLE CELL|cDNA	10x Genomics Chromium
PRJNA985691	2	2	2	1	True	1	0	0.0	False			ATAC-seq|GENOMIC|other	10x Genomics Chromium
PRJNA990681	2	2	4	2	False	1	0	0.0	False			RNA-Seq|TRANSCRIPTOMIC SINGLE CELL|cDNA	10x Genomics Chromium
PRJNA992409	2	2	2	1	True	1	0	0.0	False			RNA-Seq|TRANSCRIPTOMIC SINGLE CELL|cDNA	single nucleus RNA-seq
PRJNA994176	2	2	2	1	True	1	0	0.0	False			RNA-Seq|TRANSCRIPTOMIC SINGLE CELL|cDNA	single nucleus RNA-seq
PRJNA996181	2	2	8	4	False	1	0	0.0	False			RNA-Seq|TRANSCRIPTOMIC|cDNA	TruSeq Stranded mRNA
PRJNA996541	2	2	8	4	False	1	0	0.0	False			RNA-Seq|TRANSCRIPTOMIC SINGLE CELL|cDNA	bulk RNA-seq
PRJNA997946	2	2	16	8	False	1	1	0.5	False		2.0	RNA-Seq|TRANSCRIPTOMIC SINGLE CELL|cDNA	10x Genomics Chromium
PRJNA999591	2	2	2	1	True	1	0	0.0	False			RNA-Seq|TRANSCRIPTOMIC|cDNA	bulk RNA-seq
PRJDB9710	1	1	1	1	True	1	0	0.0	False			ssRNA-seq|TRANSCRIPTOMIC|PolyA	TruSeq Stranded mRNA
PRJEB100721	1	3	3	3	False	3	0	0.0	False			AMPLICON|TRANSCRIPTOMIC|PCR;OTHER|SYNTHETIC|PCR;RNA-Seq|TRANSCRIPTOMIC|cDNA	BD Rhapsody
PRJEB103949	1	1	8	8	False	1	0	0.0	False			OTHER|TRANSCRIPTOMIC SINGLE CELL|unspecified	10x Genomics Chromium
PRJEB103950	1	1	1	1	True	1	0	0.0	False			AMPLICON|TRANSCRIPTOMIC|PCR	10x Genomics Chromium
PRJEB104658	1	1	1	1	True	1	0	0.0	False			RNA-Seq|TRANSCRIPTOMIC SINGLE CELL|Oligo-dT	10x Genomics Chromium
PRJEB112513	1	1	1	1	True	1	0	0.0	False			WGS|TRANSCRIPTOMIC|Oligo-dT	BD Rhapsody
PRJEB23183	1	1	1	1	True	1	0	0.0	False			RNA-Seq|TRANSCRIPTOMIC|cDNA	Drop-seq
PRJEB23186	1	1	1	1	True	1	0	0.0	False			RNA-Seq|TRANSCRIPTOMIC|cDNA	Drop-seq
PRJEB23378	1	1	1	1	True	1	0	0.0	False			RNA-Seq|TRANSCRIPTOMIC|cDNA	Drop-seq
PRJEB23629	1	1	1	1	True	1	0	0.0	False			RNA-Seq|TRANSCRIPTOMIC|RANDOM	TruSeq Stranded mRNA
PRJEB29244	1	1	2	2	False	1	0	0.0	False			WGS|GENOMIC|RANDOM	10x Genomics Chromium
PRJEB29382	1	1	12	12	False	1	0	0.0	False			WGS|GENOMIC|RANDOM	10x Genomics Chromium
PRJEB29875	1	1	1	1	True	1	0	0.0	False			RNA-Seq|TRANSCRIPTOMIC|PolyA	TruSeq Stranded mRNA
PRJEB29876	1	1	1	1	True	1	0	0.0	False			RNA-Seq|TRANSCRIPTOMIC|PolyA	TruSeq Stranded mRNA
PRJEB32600	1	1	1	1	True	1	0	0.0	False			RNA-Seq|TRANSCRIPTOMIC SINGLE CELL|Oligo-dT	10x Genomics Chromium
PRJEB34649	1	24	24	24	False	3	0	0.0	False			Hi-C|GENOMIC|RANDOM;Synthetic-Long-Read|GENOMIC|RANDOM;WGS|GENOMIC|RANDOM	10x Genomics Chromium
PRJEB45715	1	8	8	8	False	2	0	0.0	False			Hi-C|GENOMIC|RANDOM;WGS|GENOMIC|RANDOM	10x Genomics Chromium
PRJEB48314	1	2	2	2	False	1	0	0.0	False			WGS|GENOMIC|RANDOM	10x Genomics Chromium
PRJEB53350	1	4	4	4	False	1	0	0.0	False			OTHER|TRANSCRIPTOMIC SINGLE CELL|PolyA	SPLiT-seq
PRJEB61264	1	1	2	2	False	1	0	0.0	False			OTHER|TRANSCRIPTOMIC SINGLE CELL|Oligo-dT	BD Rhapsody
PRJEB64492	1	1	1	1	True	1	0	0.0	False			WGS|GENOMIC|RANDOM	10x Genomics Chromium
PRJEB65606	1	1	1	1	True	1	0	0.0	False			RNA-Seq|TRANSCRIPTOMIC SINGLE CELL|Oligo-dT	SPLiT-seq
PRJEB86746	1	1	1	1	True	1	0	0.0	False			OTHER|TRANSCRIPTOMIC|Oligo-dT	bulk RNA-seq
PRJEB88671	1	1	4	4	False	1	0	0.0	False			RNA-Seq|TRANSCRIPTOMIC SINGLE CELL|Oligo-dT	10x Genomics Chromium
PRJEB94909	1	1	2	2	False	1	0	0.0	False			RNA-Seq|TRANSCRIPTOMIC SINGLE CELL|PolyA	10x Genomics Chromium
PRJEB98887	1	1	1	1	True	1	0	0.0	False			WGS|GENOMIC|RANDOM	10x Genomics Chromium
PRJNA1005681	1	1	1	1	True	1	0	0.0	False			RNA-Seq|TRANSCRIPTOMIC SINGLE CELL|cDNA	BD Rhapsody
PRJNA1007964	1	1	2	2	False	1	0	0.0	False			RNA-Seq|TRANSCRIPTOMIC SINGLE CELL|cDNA	single nucleus RNA-seq
PRJNA1008179	1	1	4	4	False	1	0	0.0	False			RNA-Seq|TRANSCRIPTOMIC SINGLE CELL|cDNA	10x Genomics Chromium
PRJNA1008580	1	1	1	1	True	1	0	0.0	False			RNA-Seq|TRANSCRIPTOMIC SINGLE CELL|cDNA	single nucleus RNA-seq
PRJNA1009839	1	1	1	1	True	1	1	1.0	False		1.0	RNA-Seq|TRANSCRIPTOMIC|PolyA	10x Genomics Chromium
PRJNA1010217	1	1	1	1	True	1	0	0.0	False			RNA-Seq|TRANSCRIPTOMIC|cDNA	BD Rhapsody
PRJNA1010954	1	3	3	3	False	1	0	0.0	False			RNA-Seq|TRANSCRIPTOMIC SINGLE CELL|RT-PCR	BD Rhapsody
PRJNA1013821	1	1	2	2	False	1	0	0.0	False			RNA-Seq|TRANSCRIPTOMIC SINGLE CELL|cDNA	Drop-seq
PRJNA1014937	1	1	1	1	True	1	0	0.0	False			RNA-Seq|TRANSCRIPTOMIC SINGLE CELL|cDNA_randomPriming	BD Rhapsody
PRJNA1022403	1	1	8	8	False	1	0	0.0	False			RNA-Seq|TRANSCRIPTOMIC SINGLE CELL|cDNA	Parse Biosciences
PRJNA1025268	1	1	1	1	True	1	0	0.0	False			RNA-Seq|TRANSCRIPTOMIC SINGLE CELL|cDNA	10x Genomics Chromium
PRJNA1025269	1	1	1	1	True	1	0	0.0	False			RNA-Seq|TRANSCRIPTOMIC SINGLE CELL|cDNA	10x Genomics Chromium
PRJNA1027479	1	1	1	1	True	1	0	0.0	False			RNA-Seq|TRANSCRIPTOMIC|cDNA	Drop-seq
PRJNA1037193	1	1	1	1	True	1	0	0.0	False			RNA-Seq|TRANSCRIPTOMIC SINGLE CELL|Oligo-dT	BD Rhapsody
PRJNA1045109	1	3	3	3	False	2	0	0.0	False			WCS|TRANSCRIPTOMIC|size fractionation;WGS|TRANSCRIPTOMIC|size fractionation	bulk RNA-seq
PRJNA1045693	1	1	1	1	True	1	0	0.0	False			RNA-Seq|TRANSCRIPTOMIC SINGLE CELL|cDNA	single nucleus RNA-seq
PRJNA1051116	1	1	4	4	False	1	0	0.0	False			RNA-Seq|TRANSCRIPTOMIC SINGLE CELL|cDNA	10x Genomics Chromium
PRJNA1051598	1	1	1	1	True	1	0	0.0	False			RNA-Seq|TRANSCRIPTOMIC SINGLE CELL|cDNA	SPLiT-seq;Parse Biosciences
PRJNA1052108	1	1	1	1	True	1	0	0.0	False			OTHER|TRANSCRIPTOMIC SINGLE CELL|cDNA_oligo_dT	SPLiT-seq
PRJNA1055015	1	1	1	1	True	1	0	0.0	False			RNA-Seq|TRANSCRIPTOMIC SINGLE CELL|cDNA	10x Genomics Chromium
PRJNA1057101	1	1	1	1	True	1	0	0.0	False			RNA-Seq|TRANSCRIPTOMIC|cDNA	bulk RNA-seq
PRJNA1057102	1	1	1	1	True	1	0	0.0	False			RNA-Seq|TRANSCRIPTOMIC|cDNA	bulk RNA-seq
PRJNA1057105	1	1	1	1	True	1	0	0.0	False			RNA-Seq|TRANSCRIPTOMIC|cDNA	bulk RNA-seq
PRJNA1059000	1	2	2	2	False	1	0	0.0	False			RNA-Seq|TRANSCRIPTOMIC|cDNA	bulk RNA-seq
PRJNA1063743	1	1	1	1	True	1	0	0.0	False			RNA-Seq|TRANSCRIPTOMIC SINGLE CELL|cDNA	10x Genomics Chromium
PRJNA1066393	1	1	2	2	False	1	0	0.0	False			RNA-Seq|TRANSCRIPTOMIC SINGLE CELL|cDNA	Parse Biosciences
PRJNA1067544	1	1	1	1	True	1	1	1.0	False		1.0	RNA-Seq|TRANSCRIPTOMIC|cDNA	bulk RNA-seq
PRJNA1086921	1	1	2	2	False	1	0	0.0	False			RNA-Seq|TRANSCRIPTOMIC SINGLE CELL|cDNA	BD Rhapsody
PRJNA1088511	1	1	1	1	True	1	0	0.0	False			OTHER|OTHER|other	BD Rhapsody
PRJNA1089941	1	1	2	2	False	1	0	0.0	False			RNA-Seq|TRANSCRIPTOMIC SINGLE CELL|cDNA	BD Rhapsody
PRJNA1090404	1	1	60	60	False	1	0	0.0	False			RNA-Seq|TRANSCRIPTOMIC SINGLE CELL|cDNA	Parse Biosciences
PRJNA1099386	1	1	4	4	False	1	1	1.0	False		1.0	RNA-Seq|TRANSCRIPTOMIC SINGLE CELL|cDNA	10x Genomics Chromium
PRJNA1100813	1	1	1	1	True	1	0	0.0	False			WGS|GENOMIC|RANDOM	10x Genomics Chromium
PRJNA1102010	1	1	2	2	False	1	0	0.0	False			RNA-Seq|TRANSCRIPTOMIC SINGLE CELL|cDNA	10x Genomics Chromium
PRJNA1111380	1	1	1	1	True	1	0	0.0	False			RNA-Seq|TRANSCRIPTOMIC SINGLE CELL|cDNA	10x Genomics Chromium
PRJNA1111385	1	1	1	1	True	1	0	0.0	False			RNA-Seq|TRANSCRIPTOMIC SINGLE CELL|cDNA	10x Genomics Chromium
PRJNA1117000	1	1	8	8	False	1	0	0.0	False			RNA-Seq|TRANSCRIPTOMIC SINGLE CELL|cDNA	Parse Biosciences
PRJNA1117416	1	1	1	1	True	1	0	0.0	False			RNA-Seq|TRANSCRIPTOMIC SINGLE CELL|cDNA	10x Genomics Chromium
PRJNA1118783	1	1	1	1	True	1	0	0.0	False			RNA-Seq|TRANSCRIPTOMIC SINGLE CELL|cDNA	bulk RNA-seq
PRJNA1125386	1	1	4	4	False	1	0	0.0	False			RNA-Seq|TRANSCRIPTOMIC SINGLE CELL|cDNA	10x Genomics Chromium
PRJNA1132276	1	1	1	1	True	1	0	0.0	False			RNA-Seq|TRANSCRIPTOMIC SINGLE CELL|cDNA	10x Genomics Chromium
PRJNA1147760	1	1	1	1	True	1	0	0.0	False			RNA-Seq|TRANSCRIPTOMIC SINGLE CELL|cDNA	10x Genomics Chromium
PRJNA1168177	1	1	1	1	True	1	1	1.0	False		1.0	RNA-Seq|TRANSCRIPTOMIC SINGLE CELL|cDNA	10x Genomics Chromium
PRJNA1168959	1	1	3	3	False	1	0	0.0	False			RNA-Seq|TRANSCRIPTOMIC SINGLE CELL|cDNA	BD Rhapsody
PRJNA1168960	1	1	3	3	False	1	0	0.0	False			RNA-Seq|TRANSCRIPTOMIC SINGLE CELL|cDNA	BD Rhapsody
PRJNA1172667	1	1	2	2	False	1	0	0.0	False			OTHER|TRANSCRIPTOMIC|other	BD Rhapsody
PRJNA1173526	1	5	5	5	False	2	0	0.0	False			RNA-Seq|TRANSCRIPTOMIC|RANDOM;WGS|GENOMIC|RANDOM	TruSeq Stranded mRNA
PRJNA1174235	1	1	2	2	False	1	0	0.0	False			OTHER|TRANSCRIPTOMIC|other	BD Rhapsody
PRJNA1174434	1	1	1	1	True	1	0	0.0	False			RNA-Seq|TRANSCRIPTOMIC|cDNA_oligo_dT	bulk RNA-seq
PRJNA1174737	1	1	1	1	True	1	0	0.0	False			RNA-Seq|TRANSCRIPTOMIC SINGLE CELL|cDNA	10x Genomics Chromium
PRJNA1177850	1	1	1	1	True	1	0	0.0	False			RNA-Seq|TRANSCRIPTOMIC SINGLE CELL|cDNA	10x Genomics Chromium
PRJNA1177862	1	1	2	2	False	1	0	0.0	False			RNA-Seq|TRANSCRIPTOMIC SINGLE CELL|cDNA	BD Rhapsody
PRJNA1179926	1	1	1	1	True	1	0	0.0	False			RNA-Seq|TRANSCRIPTOMIC SINGLE CELL|cDNA	10x Genomics Chromium
PRJNA1180094	1	1	8	8	False	1	0	0.0	False			RNA-Seq|TRANSCRIPTOMIC SINGLE CELL|cDNA	Parse Biosciences
PRJNA1185278	1	1	2	2	False	1	0	0.0	False			RNA-Seq|TRANSCRIPTOMIC SINGLE CELL|cDNA	BD Rhapsody
PRJNA1185734	1	1	6	6	False	1	0	0.0	False			RNA-Seq|TRANSCRIPTOMIC SINGLE CELL|cDNA	BD Rhapsody
PRJNA1187602	1	1	2	2	False	1	0	0.0	False			RNA-Seq|TRANSCRIPTOMIC SINGLE CELL|cDNA	bulk RNA-seq
PRJNA1188594	1	1	4	4	False	1	0	0.0	False			RNA-Seq|TRANSCRIPTOMIC|cDNA	10x Genomics Chromium
PRJNA1190423	1	1	1	1	True	1	0	0.0	False			RNA-Seq|TRANSCRIPTOMIC SINGLE CELL|cDNA	bulk RNA-seq
PRJNA1193205	1	1	1	1	True	1	0	0.0	False			RNA-Seq|TRANSCRIPTOMIC|cDNA	bulk RNA-seq
PRJNA1203205	1	12	12	12	False	1	0	0.0	False			RNA-Seq|TRANSCRIPTOMIC|cDNA_oligo_dT	bulk RNA-seq
PRJNA1204337	1	1	2	2	False	1	0	0.0	False			RNA-Seq|TRANSCRIPTOMIC SINGLE CELL|cDNA	bulk RNA-seq
PRJNA1204339	1	1	2	2	False	1	0	0.0	False			RNA-Seq|TRANSCRIPTOMIC SINGLE CELL|cDNA	bulk RNA-seq
PRJNA1208519	1	1	1	1	True	1	0	0.0	False			OTHER|TRANSCRIPTOMIC|other	bulk RNA-seq
PRJNA1210519	1	1	8	8	False	1	0	0.0	False			RNA-Seq|TRANSCRIPTOMIC SINGLE CELL|cDNA	SPLiT-seq;Parse Biosciences
PRJNA1214781	1	1	1	1	True	1	0	0.0	False			RNA-Seq|TRANSCRIPTOMIC SINGLE CELL|cDNA	BD Rhapsody
PRJNA1214799	1	1	1	1	True	1	0	0.0	False			RNA-Seq|TRANSCRIPTOMIC SINGLE CELL|cDNA	BD Rhapsody
PRJNA1214981	1	6	6	6	False	1	2	1.0	False		0.5	RNA-Seq|TRANSCRIPTOMIC|PolyA	bulk RNA-seq
PRJNA1219497	1	1	4	4	False	1	1	1.0	False		1.0	RNA-Seq|TRANSCRIPTOMIC SINGLE CELL|cDNA	single nucleus RNA-seq
PRJNA1223694	1	1	1	1	True	1	0	0.0	False			RNA-Seq|TRANSCRIPTOMIC|cDNA	bulk RNA-seq
PRJNA1225175	1	1	16	16	False	1	0	0.0	False			RNA-Seq|TRANSCRIPTOMIC SINGLE CELL|cDNA	Parse Biosciences
PRJNA1228938	1	1	1	1	True	1	0	0.0	False			RNA-Seq|TRANSCRIPTOMIC SINGLE CELL|cDNA	BD Rhapsody
PRJNA1238860	1	1	1	1	True	1	0	0.0	False			RNA-Seq|TRANSCRIPTOMIC SINGLE CELL|cDNA	10x Genomics Chromium
PRJNA1241185	1	1	1	1	True	1	0	0.0	False			RNA-Seq|TRANSCRIPTOMIC SINGLE CELL|cDNA	SPLiT-seq;Parse Biosciences
PRJNA1253971	1	1	1	1	True	1	0	0.0	False			RNA-Seq|TRANSCRIPTOMIC SINGLE CELL|cDNA	10x Genomics Chromium
PRJNA1266696	1	1	4	4	False	1	0	0.0	False			RNA-Seq|TRANSCRIPTOMIC|cDNA	10x Genomics Chromium
PRJNA1268037	1	11	11	11	False	1	0	0.0	False			RNA-Seq|TRANSCRIPTOMIC|cDNA_randomPriming	bulk RNA-seq
PRJNA1272523	1	1	1	1	True	1	0	0.0	False			RNA-Seq|TRANSCRIPTOMIC SINGLE CELL|cDNA	BD Rhapsody
PRJNA1284223	1	1	1	1	True	1	0	0.0	False			RNA-Seq|TRANSCRIPTOMIC SINGLE CELL|cDNA	BD Rhapsody
PRJNA1284236	1	1	1	1	True	1	0	0.0	False			RNA-Seq|TRANSCRIPTOMIC SINGLE CELL|cDNA	BD Rhapsody
PRJNA1290859	1	38	38	38	False	3	0	0.0	False			ATAC-seq|GENOMIC|size fractionation;OTHER|TRANSCRIPTOMIC SINGLE CELL|size fractionation;RNA-Seq|TRANSCRIPTOMIC|size fractionation	bulk RNA-seq
PRJNA1294292	1	1	1	1	True	1	0	0.0	False			RNA-Seq|TRANSCRIPTOMIC SINGLE CELL|cDNA	Drop-seq
PRJNA1297183	1	1	1	1	True	1	0	0.0	False			RNA-Seq|TRANSCRIPTOMIC SINGLE CELL|cDNA	single nucleus RNA-seq
PRJNA1308080	1	1	3	3	False	1	0	0.0	False			RNA-Seq|TRANSCRIPTOMIC SINGLE CELL|cDNA	10x Genomics Chromium
PRJNA1358369	1	8	8	8	False	1	0	0.0	False			RNA-Seq|TRANSCRIPTOMIC|PolyA	10x Genomics Chromium
PRJNA1363761	1	1	1	1	True	1	0	0.0	False			RNA-Seq|TRANSCRIPTOMIC SINGLE CELL|cDNA	single nucleus RNA-seq
PRJNA1365744	1	1	1	1	True	1	0	0.0	False			RNA-Seq|TRANSCRIPTOMIC SINGLE CELL|cDNA	10x Genomics Chromium
PRJNA1367650	1	1	1	1	True	1	0	0.0	False			RNA-Seq|TRANSCRIPTOMIC SINGLE CELL|cDNA	10x Genomics Chromium
PRJNA1368787	1	1	1	1	True	1	0	0.0	False			RNA-Seq|TRANSCRIPTOMIC SINGLE CELL|cDNA	BD Rhapsody
PRJNA1370939	1	1	4	4	False	1	0	0.0	False			RNA-Seq|TRANSCRIPTOMIC SINGLE CELL|cDNA	10x Genomics Chromium
PRJNA1378860	1	1	1	1	True	1	0	0.0	False			RNA-Seq|TRANSCRIPTOMIC SINGLE CELL|cDNA	BD Rhapsody
PRJNA1380457	1	1	1	1	True	1	0	0.0	False			OTHER|TRANSCRIPTOMIC|other	BD Rhapsody
PRJNA1395280	1	2	2	2	False	1	0	0.0	False			RNA-Seq|GENOMIC SINGLE CELL|Oligo-dT	10x Genomics Chromium
PRJNA1403381	1	1	1	1	True	1	1	1.0	False		1.0	RNA-Seq|TRANSCRIPTOMIC SINGLE CELL|cDNA	10x Genomics Chromium
PRJNA1405547	1	1	1	1	True	1	0	0.0	False			RNA-Seq|TRANSCRIPTOMIC SINGLE CELL|cDNA	10x Genomics Chromium
PRJNA1413379	1	1	2	2	False	1	0	0.0	False			RNA-Seq|TRANSCRIPTOMIC SINGLE CELL|cDNA	Parse Biosciences
PRJNA1428174	1	1	2	2	False	1	0	0.0	False			RNA-Seq|TRANSCRIPTOMIC SINGLE CELL|cDNA	Parse Biosciences
PRJNA1433398	1	1	4	4	False	1	0	0.0	False			OTHER|TRANSCRIPTOMIC|other	bulk RNA-seq
PRJNA1435769	1	1	1	1	True	1	0	0.0	False			RNA-Seq|TRANSCRIPTOMIC SINGLE CELL|cDNA	10x Genomics Chromium
PRJNA1438716	1	1	2	2	False	1	0	0.0	False			RNA-Seq|TRANSCRIPTOMIC SINGLE CELL|cDNA	10x Genomics Chromium
PRJNA1439219	1	1	1	1	True	1	0	0.0	False			RNA-Seq|TRANSCRIPTOMIC SINGLE CELL|cDNA	10x Genomics Chromium
PRJNA1449525	1	1	4	4	False	1	0	0.0	False			RNA-Seq|TRANSCRIPTOMIC SINGLE CELL|cDNA	10x Genomics Chromium
PRJNA1464319	1	15	15	15	False	1	0	0.0	False			RNA-Seq|TRANSCRIPTOMIC|PolyA	bulk RNA-seq
PRJNA1470454	1	1	1	1	True	1	0	0.0	False			RNA-Seq|TRANSCRIPTOMIC|cDNA	bulk RNA-seq
PRJNA1471074	1	1	1	1	True	1	0	0.0	False			RNA-Seq|TRANSCRIPTOMIC|cDNA	10x Genomics Chromium
PRJNA1477896	1	1	2	2	False	1	0	0.0	False			RNA-Seq|TRANSCRIPTOMIC SINGLE CELL|cDNA	bulk RNA-seq
PRJNA1484942	1	1	1	1	True	1	0	0.0	False			RNA-Seq|TRANSCRIPTOMIC SINGLE CELL|cDNA	10x Genomics Chromium
PRJNA207666	1	1	1	1	True	1	1	1.0	False		1.0	RNA-Seq|TRANSCRIPTOMIC|cDNA	polyA selected RNA-seq
PRJNA214040	1	1	1	1	True	1	0	0.0	False			RNA-Seq|TRANSCRIPTOMIC|cDNA	polyA selected RNA-seq
PRJNA260829	1	2	2	2	False	2	0	0.0	False			RNA-Seq|TRANSCRIPTOMIC|RANDOM;RNA-Seq|TRANSCRIPTOMIC|cDNA	polyA selected RNA-seq
PRJNA277734	1	1	1	1	True	1	0	0.0	False			RNA-Seq|TRANSCRIPTOMIC|cDNA	Drop-seq
PRJNA277735	1	1	1	1	True	1	0	0.0	False			RNA-Seq|TRANSCRIPTOMIC|cDNA	Drop-seq
PRJNA345149	1	1	1	1	True	1	0	0.0	False			RNA-Seq|TRANSCRIPTOMIC|RANDOM	TruSeq Stranded mRNA
PRJNA345260	1	1	1	1	True	1	0	0.0	False			RNA-Seq|TRANSCRIPTOMIC|RANDOM	TruSeq Stranded mRNA
PRJNA375101	1	1	1	1	True	1	0	0.0	False			OTHER|GENOMIC|other	10x Genomics Chromium
PRJNA412104	1	1	1	1	True	1	0	0.0	False			WGS|GENOMIC|RANDOM	10x Genomics Chromium
PRJNA414109	1	1	1	1	True	1	0	0.0	False			RNA-Seq|TRANSCRIPTOMIC|cDNA	Drop-seq
PRJNA429924	1	2	2	2	False	1	0	0.0	False			RNA-Seq|TRANSCRIPTOMIC|RANDOM	TruSeq Stranded mRNA
PRJNA432520	1	1	1	1	True	1	0	0.0	False			RNA-Seq|TRANSCRIPTOMIC|cDNA	inDrop
PRJNA435611	1	1	1	1	True	1	0	0.0	False			RNA-Seq|TRANSCRIPTOMIC|cDNA	10x Genomics Chromium
PRJNA450895	1	1	1	1	True	1	0	0.0	False			RNA-Seq|TRANSCRIPTOMIC|cDNA	Drop-seq
PRJNA453196	1	1	1	1	True	1	0	0.0	False			RNA-Seq|TRANSCRIPTOMIC|cDNA	polyA selected RNA-seq
PRJNA473469	1	1	1	1	True	1	0	0.0	False			RNA-Seq|TRANSCRIPTOMIC|cDNA	10x Genomics Chromium
PRJNA474473	1	1	4	4	False	1	0	0.0	False			RNA-Seq|TRANSCRIPTOMIC|cDNA	Drop-seq
PRJNA480865	1	1	32	32	False	1	0	0.0	False			RNA-Seq|TRANSCRIPTOMIC|cDNA	single nucleus RNA-seq
PRJNA482659	1	1	1	1	True	1	0	0.0	False			RNA-Seq|TRANSCRIPTOMIC|cDNA	Drop-seq
PRJNA482660	1	1	1	1	True	1	0	0.0	False			RNA-Seq|TRANSCRIPTOMIC|cDNA	Drop-seq
PRJNA485785	1	1	1	1	True	1	0	0.0	False			RNA-Seq|TRANSCRIPTOMIC|cDNA	10x Genomics Chromium
PRJNA486514	1	1	1	1	True	1	0	0.0	False			RNA-Seq|TRANSCRIPTOMIC|cDNA	Drop-seq
PRJNA486516	1	1	1	1	True	1	0	0.0	False			RNA-Seq|TRANSCRIPTOMIC|cDNA	Drop-seq
PRJNA488386	1	1	1	1	True	1	0	0.0	False			WGS|GENOMIC|RANDOM	10x Genomics Chromium
PRJNA492451	1	2	2	2	False	1	0	0.0	False			RNA-Seq|TRANSCRIPTOMIC|RANDOM	Drop-seq
PRJNA492895	1	1	1	1	True	1	1	1.0	False		1.0	RNA-Seq|TRANSCRIPTOMIC|cDNA	10x Genomics Chromium
PRJNA495592	1	1	4	4	False	1	0	0.0	False			RNA-Seq|TRANSCRIPTOMIC|cDNA	10x Genomics Chromium
PRJNA497862	1	1	4	4	False	1	0	0.0	False			RNA-Seq|TRANSCRIPTOMIC|cDNA	BD Rhapsody
PRJNA503125	1	1	1	1	True	1	1	1.0	False		1.0	RNA-Seq|TRANSCRIPTOMIC|cDNA	10x Genomics Chromium
PRJNA503701	1	99	99	99	False	2	0	0.0	False			ChIP-Seq|GENOMIC|PCR;RNA-Seq|TRANSCRIPTOMIC|cDNA	bulk RNA-seq
PRJNA507362	1	1	2	2	False	1	0	0.0	False			RNA-Seq|TRANSCRIPTOMIC|cDNA	10x Genomics Chromium
PRJNA509469	1	1	1	1	True	1	0	0.0	False			RNA-Seq|TRANSCRIPTOMIC|cDNA	10x Genomics Chromium
PRJNA511666	1	1	1	1	True	1	0	0.0	False			RNA-Seq|TRANSCRIPTOMIC|cDNA	10x Genomics Chromium
PRJNA522431	1	1	1	1	True	1	1	1.0	False		1.0	RNA-Seq|TRANSCRIPTOMIC|cDNA	Drop-seq
PRJNA526262	1	2	5	5	False	2	0	0.0	False			RNA-Seq|TRANSCRIPTOMIC|PCR;RNA-Seq|TRANSCRIPTOMIC|cDNA	single nucleus RNA-seq
PRJNA534098	1	1	1	1	True	1	0	0.0	False			RNA-Seq|TRANSCRIPTOMIC|cDNA	10x Genomics Chromium
PRJNA542872	1	1	1	1	True	1	0	0.0	False			RNA-Seq|TRANSCRIPTOMIC|cDNA	BD Rhapsody
PRJNA545246	1	8	8	8	False	1	1	1.0	False		1.0	RNA-Seq|TRANSCRIPTOMIC|cDNA	10x Genomics Chromium
PRJNA547564	1	1	12	12	False	1	0	0.0	False			RNA-Seq|TRANSCRIPTOMIC|cDNA	bulk RNA-seq
PRJNA549301	1	1	1	1	True	1	1	1.0	False		1.0	RNA-Seq|TRANSCRIPTOMIC|cDNA	bulk RNA-seq
PRJNA551756	1	1	1	1	True	1	0	0.0	False			RNA-Seq|TRANSCRIPTOMIC|cDNA	single nucleus RNA-seq
PRJNA551759	1	1	1	1	True	1	0	0.0	False			RNA-Seq|TRANSCRIPTOMIC|cDNA	inDrop;single nucleus RNA-seq
PRJNA556895	1	4	4	4	False	1	0	0.0	False			WGS|GENOMIC|RANDOM	10x Genomics Chromium
PRJNA558682	1	1	1	1	True	1	0	0.0	False			RNA-Seq|TRANSCRIPTOMIC|RANDOM	TruSeq Stranded mRNA
PRJNA591493	1	4	4	4	False	1	0	0.0	False			RNA-Seq|TRANSCRIPTOMIC|other	10x Genomics Chromium
PRJNA594269	1	1	1	1	True	1	0	0.0	False			RNA-Seq|TRANSCRIPTOMIC|cDNA	Drop-seq
PRJNA598582	1	1	1	1	True	1	0	0.0	False			RNA-Seq|TRANSCRIPTOMIC|cDNA	10x Genomics Chromium
PRJNA599962	1	6	6	6	False	2	0	0.0	False			FL-cDNA|TRANSCRIPTOMIC SINGLE CELL|Oligo-dT;RNA-Seq|TRANSCRIPTOMIC SINGLE CELL|Oligo-dT	Drop-seq
PRJNA602938	1	1	1	1	True	1	0	0.0	False			WGS|GENOMIC|RANDOM	10x Genomics Chromium
PRJNA603052	1	1	4	4	False	1	0	0.0	False			RNA-Seq|TRANSCRIPTOMIC|cDNA	10x Genomics Chromium
PRJNA604228	1	1	2	2	False	1	0	0.0	False			RNA-Seq|TRANSCRIPTOMIC|cDNA	10x Genomics Chromium
PRJNA605930	1	15	15	15	False	2	0	0.0	False			RNA-Seq|TRANSCRIPTOMIC|other;WGS|GENOMIC|other	10x Genomics Chromium
PRJNA609111	1	1	8	8	False	1	0	0.0	False			RNA-Seq|TRANSCRIPTOMIC|cDNA	10x Genomics Chromium
PRJNA614474	1	1	8	8	False	1	0	0.0	False			RNA-Seq|TRANSCRIPTOMIC|cDNA	10x Genomics Chromium
PRJNA615093	1	1	1	1	True	1	0	0.0	False			RNA-Seq|TRANSCRIPTOMIC|cDNA	10x Genomics Chromium
PRJNA622578	1	1	1	1	True	1	1	1.0	False		1.0	RNA-Seq|TRANSCRIPTOMIC|cDNA	bulk RNA-seq
PRJNA633503	1	1	1	1	True	1	0	0.0	False			RNA-Seq|TRANSCRIPTOMIC|cDNA	10x Genomics Chromium
PRJNA638668	1	1	2	2	False	1	0	0.0	False			RNA-Seq|TRANSCRIPTOMIC|cDNA	BD Rhapsody
PRJNA638686	1	1	1	1	True	1	0	0.0	False			RNA-Seq|TRANSCRIPTOMIC|RANDOM	TruSeq Stranded mRNA
PRJNA639149	1	1	1	1	True	1	1	1.0	False		1.0	RNA-Seq|TRANSCRIPTOMIC|cDNA	BD Rhapsody
PRJNA640522	1	1	4	4	False	1	0	0.0	False			RNA-Seq|TRANSCRIPTOMIC|cDNA	polyA selected RNA-seq
PRJNA661407	1	8	8	8	False	2	0	0.0	False			RNA-Seq|TRANSCRIPTOMIC SINGLE CELL|Oligo-dT;RNA-Seq|TRANSCRIPTOMIC|PolyA	BD Rhapsody
PRJNA665262	1	1	2	2	False	1	0	0.0	False			RNA-Seq|TRANSCRIPTOMIC|cDNA	BD Rhapsody
PRJNA670657	1	1	1	1	True	1	0	0.0	False			RNA-Seq|TRANSCRIPTOMIC|cDNA	Drop-seq
PRJNA675647	1	1	4	4	False	1	0	0.0	False			RNA-Seq|TRANSCRIPTOMIC|cDNA	10x Genomics Chromium
PRJNA679798	1	1	1	1	True	1	0	0.0	False			RNA-Seq|TRANSCRIPTOMIC|cDNA	BD Rhapsody
PRJNA680271	1	1	2	2	False	1	0	0.0	False			RNA-Seq|TRANSCRIPTOMIC|cDNA	BD Rhapsody
PRJNA680563	1	1	16	16	False	1	0	0.0	False			RNA-Seq|TRANSCRIPTOMIC|cDNA	10x Genomics Chromium
PRJNA682615	1	1	2	2	False	1	0	0.0	False			RNA-Seq|TRANSCRIPTOMIC|cDNA	10x Genomics Chromium
PRJNA687770	1	1	4	4	False	1	0	0.0	False			RNA-Seq|TRANSCRIPTOMIC|cDNA	10x Genomics Chromium;Drop-seq
PRJNA689218	1	1	8	8	False	1	0	0.0	False			RNA-Seq|TRANSCRIPTOMIC|cDNA	10x Genomics Chromium
PRJNA694440	1	4	4	4	False	1	0	0.0	False			WGS|GENOMIC|RANDOM	10x Genomics Chromium
PRJNA698816	1	1	1	1	True	1	0	0.0	False			RNA-Seq|TRANSCRIPTOMIC|cDNA	10x Genomics Chromium
PRJNA699573	1	1	1	1	True	1	1	1.0	False		1.0	RNA-Seq|TRANSCRIPTOMIC|cDNA	Drop-seq
PRJNA704318	1	1	4	4	False	1	0	0.0	False			RNA-Seq|TRANSCRIPTOMIC|cDNA	inDrop
PRJNA705266	1	1	1	1	True	1	1	1.0	False		1.0	RNA-Seq|TRANSCRIPTOMIC|cDNA	SPLiT-seq
PRJNA706184	1	1	1	1	True	1	0	0.0	False			RNA-Seq|TRANSCRIPTOMIC|cDNA	bulk RNA-seq
PRJNA712988	1	3	3	3	False	2	0	0.0	False			Hi-C|GENOMIC|Restriction Digest;WGS|GENOMIC|RANDOM	10x Genomics Chromium
PRJNA716065	1	1	1	1	True	1	0	0.0	False			RNA-Seq|TRANSCRIPTOMIC|cDNA	10x Genomics Chromium
PRJNA719176	1	1	1	1	True	1	0	0.0	False			RNA-Seq|TRANSCRIPTOMIC SINGLE CELL|RT-PCR	BD Rhapsody
PRJNA719419	1	2	2	2	False	1	0	0.0	False			RNA-Seq|TRANSCRIPTOMIC|RANDOM PCR	bulk RNA-seq
PRJNA721218	1	1	1	1	True	1	0	0.0	False			RNA-Seq|TRANSCRIPTOMIC|cDNA	10x Genomics Chromium
PRJNA722183	1	1	1	1	True	1	1	1.0	False		1.0	RNA-Seq|TRANSCRIPTOMIC|cDNA	bulk RNA-seq
PRJNA723344	1	1	1	1	True	1	0	0.0	False			RNA-Seq|TRANSCRIPTOMIC|cDNA	single nucleus RNA-seq
PRJNA725018	1	1	1	1	True	1	0	0.0	False			WGS|GENOMIC|RANDOM	10x Genomics Chromium
PRJNA727405	1	2	2	2	False	1	0	0.0	False			OTHER|TRANSCRIPTOMIC SINGLE CELL|PCR	BD Rhapsody
PRJNA728467	1	1	2	2	False	1	0	0.0	False			RNA-Seq|TRANSCRIPTOMIC|cDNA	10x Genomics Chromium
PRJNA732134	1	6	6	6	False	1	0	0.0	False			RNA-Seq|TRANSCRIPTOMIC|Oligo-dT	polyA selected RNA-seq
PRJNA733247	1	8	8	8	False	2	0	0.0	False			RNA-Seq|TRANSCRIPTOMIC SINGLE CELL|cDNA;RNA-Seq|TRANSCRIPTOMIC|cDNA	bulk RNA-seq
PRJNA736062	1	1	1	1	True	1	0	0.0	False			RNA-Seq|TRANSCRIPTOMIC|cDNA	10x Genomics Chromium
PRJNA755901	1	1	8	8	False	1	0	0.0	False			RNA-Seq|TRANSCRIPTOMIC|cDNA	10x Genomics Chromium
PRJNA757967	1	1	1	1	True	1	1	1.0	False		1.0	RNA-Seq|TRANSCRIPTOMIC|cDNA	10x Genomics Chromium
PRJNA758407	1	1	5	5	False	1	1	1.0	False		1.0	RNA-Seq|TRANSCRIPTOMIC|cDNA	10x Genomics Chromium
PRJNA762161	1	3	3	3	False	1	0	0.0	False			RNA-Seq|TRANSCRIPTOMIC|PCR	TruSeq Stranded mRNA
PRJNA767526	1	1	1	1	True	1	0	0.0	False			RNA-Seq|TRANSCRIPTOMIC|RANDOM	TruSeq Stranded mRNA
PRJNA768252	1	1	5	5	False	1	0	0.0	False			RNA-Seq|TRANSCRIPTOMIC|cDNA	10x Genomics Chromium
PRJNA770259	1	1	1	1	True	1	0	0.0	False			RNA-Seq|TRANSCRIPTOMIC|cDNA	Drop-seq
PRJNA770753	1	1	1	1	True	1	0	0.0	False			RNA-Seq|TRANSCRIPTOMIC|cDNA	10x Genomics Chromium
PRJNA770754	1	1	1	1	True	1	1	1.0	False		1.0	RNA-Seq|TRANSCRIPTOMIC|cDNA	10x Genomics Chromium
PRJNA770755	1	1	1	1	True	1	1	1.0	False		1.0	ATAC-seq|GENOMIC|other	10x Genomics Chromium
PRJNA770756	1	1	1	1	True	1	0	0.0	False			RNA-Seq|TRANSCRIPTOMIC|cDNA	10x Genomics Chromium
PRJNA770757	1	1	1	1	True	1	0	0.0	False			RNA-Seq|TRANSCRIPTOMIC|cDNA	10x Genomics Chromium
PRJNA770759	1	1	1	1	True	1	0	0.0	False			RNA-Seq|TRANSCRIPTOMIC|cDNA	10x Genomics Chromium
PRJNA770761	1	1	1	1	True	1	0	0.0	False			RNA-Seq|TRANSCRIPTOMIC|cDNA	10x Genomics Chromium
PRJNA779042	1	1	4	4	False	1	0	0.0	False			RNA-Seq|TRANSCRIPTOMIC|cDNA	bulk RNA-seq
PRJNA779540	1	1	4	4	False	1	0	0.0	False			RNA-Seq|TRANSCRIPTOMIC|cDNA	10x Genomics Chromium
PRJNA787915	1	1	2	2	False	1	0	0.0	False			RNA-Seq|TRANSCRIPTOMIC|cDNA	10x Genomics Chromium
PRJNA788883	1	1	4	4	False	1	0	0.0	False			RNA-Seq|TRANSCRIPTOMIC|cDNA	sci-RNA-seq
PRJNA789929	1	1	1	1	True	1	0	0.0	False			WGS|GENOMIC|RANDOM PCR	10x Genomics Chromium
PRJNA789933	1	1	1	1	True	1	0	0.0	False			WGS|GENOMIC|RANDOM PCR	10x Genomics Chromium
PRJNA790077	1	1	1	1	True	1	0	0.0	False			RNA-Seq|TRANSCRIPTOMIC|cDNA	10x Genomics Chromium
PRJNA793187	1	1	1	1	True	1	0	0.0	False			RNA-Seq|TRANSCRIPTOMIC|cDNA	BD Rhapsody
PRJNA795693	1	6	6	6	False	1	0	0.0	False			RNA-Seq|TRANSCRIPTOMIC|RANDOM	TruSeq Stranded mRNA
PRJNA798063	1	1	2	2	False	1	0	0.0	False			RNA-Seq|TRANSCRIPTOMIC|cDNA	BD Rhapsody
PRJNA798363	1	1	1	1	True	1	0	0.0	False			RNA-Seq|TRANSCRIPTOMIC|cDNA	single nucleus RNA-seq
PRJNA800047	1	1	1	1	True	1	0	0.0	False			RNA-Seq|TRANSCRIPTOMIC|cDNA	inDrop
PRJNA800653	1	4	4	4	False	1	0	0.0	False			RNA-Seq|TRANSCRIPTOMIC SINGLE CELL|PCR	single nucleus RNA-seq
PRJNA803537	1	1	2	2	False	1	0	0.0	False			RNA-Seq|TRANSCRIPTOMIC|cDNA	bulk RNA-seq
PRJNA809306	1	1	6	6	False	1	0	0.0	False			RNA-Seq|TRANSCRIPTOMIC|cDNA	bulk RNA-seq
PRJNA811523	1	1	1	1	True	1	0	0.0	False			RNA-Seq|TRANSCRIPTOMIC|cDNA	10x Genomics Chromium
PRJNA818993	1	1	1	1	True	1	0	0.0	False			RNA-Seq|TRANSCRIPTOMIC|cDNA	BD Rhapsody
PRJNA820450	1	1	8	8	False	1	0	0.0	False			RNA-Seq|TRANSCRIPTOMIC|cDNA	Parse Biosciences
PRJNA824429	1	1	1	1	True	1	0	0.0	False			RNA-Seq|TRANSCRIPTOMIC|cDNA	TruSeq Stranded mRNA
PRJNA832157	1	1	2	2	False	1	0	0.0	False			RNA-Seq|TRANSCRIPTOMIC SINGLE CELL|cDNA	10x Genomics Chromium
PRJNA836280	1	1	2	2	False	1	0	0.0	False			RNA-Seq|TRANSCRIPTOMIC SINGLE CELL|cDNA	SPLiT-seq;single nucleus RNA-seq
PRJNA836425	1	1	1	1	True	1	0	0.0	False			RNA-Seq|TRANSCRIPTOMIC SINGLE CELL|cDNA	10x Genomics Chromium
PRJNA849510	1	1	8	8	False	1	0	0.0	False			RNA-Seq|TRANSCRIPTOMIC SINGLE CELL|cDNA	BD Rhapsody
PRJNA849722	1	12	15	15	False	2	0	0.0	False			RNA-Seq|TRANSCRIPTOMIC SINGLE CELL|PolyA;RNA-Seq|TRANSCRIPTOMIC|PolyA	bulk RNA-seq
PRJNA849810	1	1	1	1	True	1	0	0.0	False			RNA-Seq|TRANSCRIPTOMIC SINGLE CELL|cDNA	BD Rhapsody
PRJNA851702	1	9	9	9	False	1	0	0.0	False			RNA-Seq|TRANSCRIPTOMIC|Reduced Representation	polyA selected RNA-seq
PRJNA853956	1	1	1	1	True	1	0	0.0	False			RNA-Seq|TRANSCRIPTOMIC SINGLE CELL|cDNA	BD Rhapsody
PRJNA865303	1	1	8	8	False	1	0	0.0	False			RNA-Seq|TRANSCRIPTOMIC SINGLE CELL|cDNA	10x Genomics Chromium
PRJNA870768	1	1	1	1	True	1	0	0.0	False			RNA-Seq|TRANSCRIPTOMIC SINGLE CELL|cDNA	single nucleus RNA-seq
PRJNA871936	1	4	4	4	False	1	0	0.0	False			RNA-Seq|TRANSCRIPTOMIC|Oligo-dT	bulk RNA-seq
PRJNA882478	1	1	1	1	True	1	0	0.0	False			RNA-Seq|TRANSCRIPTOMIC SINGLE CELL|cDNA	10x Genomics Chromium
PRJNA882906	1	1	2	2	False	1	0	0.0	False			RNA-Seq|TRANSCRIPTOMIC SINGLE CELL|cDNA	single nucleus RNA-seq
PRJNA896181	1	1	1	1	True	1	1	1.0	False		1.0	RNA-Seq|TRANSCRIPTOMIC SINGLE CELL|cDNA	bulk RNA-seq
PRJNA897010	1	1	1	1	True	1	0	0.0	False			RNA-Seq|TRANSCRIPTOMIC SINGLE CELL|cDNA	BD Rhapsody
PRJNA901401	1	1	2	2	False	1	0	0.0	False			RNA-Seq|TRANSCRIPTOMIC SINGLE CELL|cDNA	BD Rhapsody
PRJNA901407	1	1	1	1	True	1	0	0.0	False			RNA-Seq|TRANSCRIPTOMIC SINGLE CELL|cDNA	bulk RNA-seq
PRJNA910535	1	1	1	1	True	1	0	0.0	False			RNA-Seq|TRANSCRIPTOMIC SINGLE CELL|cDNA	single nucleus RNA-seq
PRJNA912694	1	1	1	1	True	1	0	0.0	False			OTHER|TRANSCRIPTOMIC SINGLE CELL|unspecified	single nucleus RNA-seq
PRJNA913592	1	1	1	1	True	1	0	0.0	False			RNA-Seq|TRANSCRIPTOMIC SINGLE CELL|cDNA	10x Genomics Chromium
PRJNA914118	1	1	2	2	False	1	0	0.0	False			OTHER|TRANSCRIPTOMIC SINGLE CELL|PCR	BD Rhapsody
PRJNA929053	1	1	1	1	True	1	0	0.0	False			RNA-Seq|TRANSCRIPTOMIC SINGLE CELL|cDNA	BD Rhapsody
PRJNA942346	1	6	6	6	False	1	0	0.0	False			RNA-Seq|TRANSCRIPTOMIC|RT-PCR	bulk RNA-seq
PRJNA947560	1	1	1	1	True	1	0	0.0	False			RNA-Seq|TRANSCRIPTOMIC SINGLE CELL|cDNA	BD Rhapsody
PRJNA970083	1	1	1	1	True	1	0	0.0	False			RNA-Seq|TRANSCRIPTOMIC SINGLE CELL|cDNA	BD Rhapsody
PRJNA976492	1	1	10	10	False	1	0	0.0	False			RNA-Seq|TRANSCRIPTOMIC SINGLE CELL|cDNA	SPLiT-seq;Parse Biosciences
PRJNA976739	1	1	1	1	True	1	0	0.0	False			RNA-Seq|TRANSCRIPTOMIC SINGLE CELL|cDNA	Parse Biosciences
PRJNA981139	1	1	4	4	False	1	0	0.0	False			RNA-Seq|TRANSCRIPTOMIC SINGLE CELL|cDNA	10x Genomics Chromium
PRJNA990356	1	10	10	10	False	1	0	0.0	False			RNA-Seq|TRANSCRIPTOMIC|PCR	bulk RNA-seq
PRJNA990697	1	1	2	2	False	1	0	0.0	False			RNA-Seq|TRANSCRIPTOMIC SINGLE CELL|cDNA	10x Genomics Chromium
PRJNA990733	1	1	768	768	False	1	0	0.0	False			RNA-Seq|TRANSCRIPTOMIC SINGLE CELL|cDNA	sci-RNA-seq
PRJNA991489	1	1	384	384	False	1	2	1.0	False		0.5	RNA-Seq|TRANSCRIPTOMIC SINGLE CELL|cDNA	sci-RNA-seq
PRJNA991522	1	1	768	768	False	1	0	0.0	False			RNA-Seq|TRANSCRIPTOMIC SINGLE CELL|cDNA	sci-RNA-seq
PRJNA998909	1	1	1	1	True	1	0	0.0	False			RNA-Seq|TRANSCRIPTOMIC SINGLE CELL|cDNA	bulk RNA-seq
