project	n_samples	n_experiments	n_runs	runs_per_sample_max	strict_1to1	n_assay_triples	distinct_wells	well_coverage	looks_plate	plate_format	plates_est	assay_triples	found_by
PRJEB14363	16607	16607	16607	1	True	2	384	0.792	True	384	43.25	RNA-Seq|TRANSCRIPTOMIC SINGLE CELL|PolyA;RNA-Seq|TRANSCRIPTOMIC SINGLE CELL|cDNA	Fluidigm C1
PRJEB45993	13258	13258	13258	1	True	1	384	1.0	True	384	34.53	RNA-Seq|TRANSCRIPTOMIC SINGLE CELL|Oligo-dT	smart-seq2;smartseq2;384-well
PRJEB36252	11682	11682	11682	1	True	1	384	1.0	True	384	30.42	RNA-Seq|TRANSCRIPTOMIC SINGLE CELL|PolyA	smart-seq2
PRJEB64058	11520	11520	11520	1	True	1	0	0.0	False			ATAC-seq|GENOMIC SINGLE CELL|RANDOM	plate-based single cell
PRJNA513339	8477	8477	8477	1	True	1	384	1.0	True	384	22.08	RNA-Seq|TRANSCRIPTOMIC|cDNA	smartseq2
PRJEB12617	7864	8314	8314	8	False	2	384	0.612	True	384	20.48	RNA-Seq|TRANSCRIPTOMIC|PolyA;RNA-Seq|TRANSCRIPTOMIC|cDNA	smart-seq2
PRJNA486542	7584	7584	7584	1	True	1	96	1.0	True	96	79.0	RNA-Seq|TRANSCRIPTOMIC|cDNA	Fluidigm C1
PRJNA816486	7266	7266	7266	1	True	1	384	1.0	True	384	18.92	RNA-Seq|TRANSCRIPTOMIC SINGLE CELL|cDNA	smart-seq3;plate-based single cell
PRJEB26550	7104	7104	7104	1	True	1	2	0.108	False		3552.0	ATAC-seq|GENOMIC|other	plate-based single cell
PRJNA1129044	6415	6415	6415	1	True	1	0	0.0	False			RNA-Seq|TRANSCRIPTOMIC SINGLE CELL|cDNA	smart-seq3
PRJNA1003136	6099	6099	6099	1	True	1	384	1.0	True	384	15.88	OTHER|GENOMIC|other	384-well
PRJNA1007760	5995	5995	5995	1	True	1	384	0.998	True	384	15.61	OTHER|GENOMIC|other	384-well
PRJEB38334	5867	5867	5867	1	True	1	0	0.0	False			RNA-Seq|TRANSCRIPTOMIC SINGLE CELL|Oligo-dT	smartseq2;plate-based single cell
PRJNA792610	5464	5464	5464	1	True	1	0	0.0	False			RNA-Seq|TRANSCRIPTOMIC|cDNA	smartseq2;384-well
PRJNA796235	4512	4512	4512	1	True	1	0	0.0	False			RNA-Seq|TRANSCRIPTOMIC|cDNA	smart-seq2
PRJEB40000	4480	4480	4480	1	True	1	0	0.0	False			RNA-Seq|TRANSCRIPTOMIC SINGLE CELL|RANDOM	smart-seq2
PRJNA679857	4289	4289	4289	1	True	1	369	1.0	True	384	11.62	RNA-Seq|TRANSCRIPTOMIC|cDNA	smartseq2
PRJNA394919	4220	4220	9839	3	False	1	96	1.0	True	96	43.96	RNA-Seq|TRANSCRIPTOMIC|cDNA	STRT-seq
PRJEB38346	4001	4001	4001	1	True	1	0	0.0	False			ATAC-seq|OTHER|other	plate-based single cell
PRJNA545730	3986	3986	3986	1	True	1	96	0.972	True	96	41.52	RNA-Seq|TRANSCRIPTOMIC|cDNA	smart-seq2;CEL-seq2;plate-based single cell
PRJEB44892	3841	4232	4232	8	False	1	0	0.0	False			WGS|GENOMIC|RANDOM	smart-seq2
PRJNA438938	3840	3840	3840	1	True	1	0	0.0	False			RNA-Seq|TRANSCRIPTOMIC|cDNA	MARS-seq
PRJNA1002773	3831	3831	3831	1	True	1	95	1.0	True	96	40.33	RNA-Seq|TRANSCRIPTOMIC SINGLE CELL|cDNA	smartseq2
PRJNA1129023	3745	3745	3766	4	False	6	7	1.0	False		535.0	ATAC-seq|GENOMIC SINGLE CELL|other;ATAC-seq|GENOMIC|other;ChIP-Seq|GENOMIC|ChIP;Hi-C|GENOMIC|other;OTHER|GENOMIC|other;RNA-Seq|TRANSCRIPTOMIC SINGLE CELL|cDNA	smartseq2;smartseq3
PRJNA606580	3647	3647	3647	1	True	1	0	0.0	False			RNA-Seq|TRANSCRIPTOMIC|cDNA	smart-seq2;96-well
PRJEB15401	3514	3514	3514	1	True	1	384	1.0	True	384	9.15	RNA-Seq|TRANSCRIPTOMIC|RANDOM	smart-seq2;384-well
PRJEB35363	3455	3455	3455	1	True	1	24	0.667	False		143.96	RNA-Seq|TRANSCRIPTOMIC SINGLE CELL|PolyA	smart-seq2;96-well
PRJEB10543	3360	3360	3360	1	True	2	96	0.171	False		35.0	RNA-Seq|TRANSCRIPTOMIC SINGLE CELL|PolyA;RNA-Seq|TRANSCRIPTOMIC SINGLE CELL|cDNA	smartseq2;96-well
PRJNA289244	3352	3352	3352	1	True	1	113	1.0	True	384	29.66	RNA-Seq|TRANSCRIPTOMIC|cDNA	smart-seq2
PRJNA745953	3264	3264	4032	2	False	1	0	0.0	False			RNA-Seq|TRANSCRIPTOMIC|cDNA	96-well
PRJNA292832	3247	3247	3247	1	True	1	96	0.957	True	96	33.82	RNA-Seq|TRANSCRIPTOMIC|cDNA	smart-seq2
PRJNA386336	3186	3186	3186	1	True	1	0	0.0	False			RNA-Seq|TRANSCRIPTOMIC|cDNA	smartseq2;384-well
PRJNA635600	3179	3179	3179	1	True	1	359	0.122	False		8.86	RNA-Seq|TRANSCRIPTOMIC|cDNA	smart-seq2;384-well
PRJNA730007	3162	3162	3162	1	True	1	0	0.0	False			RNA-Seq|TRANSCRIPTOMIC|cDNA	smart-seq2
PRJNA701968	3143	3143	3143	1	True	1	0	0.0	False			RNA-Seq|TRANSCRIPTOMIC|cDNA	smartseq2;384-well
PRJNA880618	3103	3103	3103	1	True	1	0	0.0	False			RNA-Seq|TRANSCRIPTOMIC|cDNA	smart-seq2
PRJNA1112843	3076	3076	3076	1	True	1	96	0.999	True	96	32.04	RNA-Seq|TRANSCRIPTOMIC SINGLE CELL|cDNA	smart-seq2;96-well
PRJNA1024483	3072	3072	3072	1	True	1	384	1.0	True	384	8.0	RNA-Seq|TRANSCRIPTOMIC|cDNA	384-well
PRJNA778172	3072	3072	3072	1	True	1	0	0.0	False			RNA-Seq|TRANSCRIPTOMIC|cDNA	smart-seq2
PRJNA708320	3064	3064	3064	1	True	1	384	1.0	True	384	7.98	RNA-Seq|TRANSCRIPTOMIC|cDNA	smart-seq2
PRJNA515930	3038	3038	3038	1	True	1	96	1.0	True	96	31.65	RNA-Seq|TRANSCRIPTOMIC|cDNA	Fluidigm C1
PRJNA258094	3005	3005	3492	4	False	1	0	0.0	False			RNA-Seq|TRANSCRIPTOMIC|cDNA	Fluidigm C1
PRJNA837007	2982	2982	2982	1	True	1	0	0.0	False			RNA-Seq|TRANSCRIPTOMIC SINGLE CELL|cDNA	Fluidigm C1
PRJNA533148	2942	2942	2942	1	True	1	2	1.0	False		1471.0	RNA-Seq|TRANSCRIPTOMIC|cDNA	smart-seq2;96-well
PRJNA885793	2785	2785	2785	1	True	1	384	1.0	True	384	7.25	RNA-Seq|TRANSCRIPTOMIC SINGLE CELL|cDNA	smart-seq2
PRJNA622311	2747	2747	2747	1	True	1	101	1.0	True	384	27.2	RNA-Seq|TRANSCRIPTOMIC|RT-PCR	smart-seq2
PRJNA622312	2747	2747	2747	1	True	1	101	1.0	True	384	27.2	RNA-Seq|TRANSCRIPTOMIC|RT-PCR	smart-seq2
PRJNA694961	2688	2688	2688	1	True	1	384	1.0	True	384	7.0	RNA-Seq|TRANSCRIPTOMIC|cDNA	smartseq2
PRJNA343284	2684	2684	2684	1	True	1	95	1.0	True	96	28.25	RNA-Seq|TRANSCRIPTOMIC|cDNA	CEL-seq
PRJNA432054	2669	2669	2669	1	True	1	96	1.0	True	96	27.8	RNA-Seq|TRANSCRIPTOMIC|cDNA	Fluidigm C1
PRJNA1103143	2634	2634	2678	2	False	1	318	1.0	True	384	8.28	RNA-Seq|TRANSCRIPTOMIC|cDNA	smart-seq2;96-well
PRJNA304408	2414	2414	3854	3	False	1	2	1.0	False		1207.0	RNA-Seq|TRANSCRIPTOMIC|cDNA	smart-seq2;96-well
PRJNA688468	2304	2304	2304	1	True	1	384	1.0	True	384	6.0	RNA-Seq|TRANSCRIPTOMIC|cDNA	384-well
PRJNA857889	2304	2304	4608	2	False	1	100	1.0	True	384	23.04	RNA-Seq|TRANSCRIPTOMIC SINGLE CELL|cDNA	smartseq2;96-well
PRJNA699478	2297	2297	2297	1	True	1	95	1.0	True	96	24.18	RNA-Seq|TRANSCRIPTOMIC|cDNA	smart-seq2
PRJNA791682	2254	2254	2254	1	True	1	382	1.0	True	384	5.9	RNA-Seq|TRANSCRIPTOMIC|cDNA	smartseq2;384-well
PRJNA401847	2208	2208	2208	1	True	1	96	1.0	True	96	23.0	RNA-Seq|TRANSCRIPTOMIC|cDNA	smart-seq2;96-well
PRJNA476547	2197	2197	2203	4	False	1	9	1.0	False		244.11	RNA-Seq|TRANSCRIPTOMIC|cDNA	smart-seq2
PRJEB33576	2188	2188	2188	1	True	1	0	0.0	False			RNA-Seq|TRANSCRIPTOMIC SINGLE CELL|Oligo-dT	smartseq2
PRJNA907016	2182	2182	2182	1	True	1	0	0.0	False			RNA-Seq|TRANSCRIPTOMIC SINGLE CELL|cDNA	CEL-seq2
PRJEB98467	2071	2072	2072	2	False	1	0	0.0	False			WGS|METAGENOMIC|RANDOM	96-well
PRJNA459483	2031	2031	8124	4	False	1	0	0.0	False			RNA-Seq|TRANSCRIPTOMIC|cDNA	smart-seq2
PRJNA357261	1957	1957	1959	2	False	1	11	0.009	False		177.91	RNA-Seq|TRANSCRIPTOMIC|cDNA	plate-based single cell
PRJNA735200	1925	1925	3850	2	False	1	5	0.013	False		385.0	RNA-Seq|TRANSCRIPTOMIC|cDNA	384-well
PRJNA507279	1922	1922	1922	1	True	1	95	1.0	True	96	20.23	RNA-Seq|TRANSCRIPTOMIC|cDNA	smart-seq2;96-well
PRJEB27793	1920	1920	1920	1	True	1	0	0.0	False			RNA-Seq|TRANSCRIPTOMIC SINGLE CELL|PolyA	smart-seq2
PRJNA320917	1900	1900	1900	1	True	1	1	0.011	False		1900.0	RNA-Seq|TRANSCRIPTOMIC|cDNA	96-well
PRJNA931278	1878	1878	1878	1	True	1	82	0.23	False		22.9	RNA-Seq|TRANSCRIPTOMIC SINGLE CELL|cDNA	Fluidigm C1
PRJEB11517	1866	1866	1866	1	True	1	26	0.103	False		71.77	RNA-Seq|TRANSCRIPTOMIC|Oligo-dT	96-well
PRJNA343288	1846	1846	1846	1	True	1	96	1.0	True	96	19.23	RNA-Seq|TRANSCRIPTOMIC|cDNA	smartseq2
PRJNA680802	1814	1814	1814	1	True	1	96	1.0	True	96	18.9	RNA-Seq|TRANSCRIPTOMIC|cDNA	smartseq2
PRJNA613699	1804	1804	1804	1	True	1	109	1.0	True	384	16.55	RNA-Seq|TRANSCRIPTOMIC|cDNA	smart-seq2
PRJNA361254	1733	1733	1733	1	True	1	0	0.0	False			RNA-Seq|TRANSCRIPTOMIC|cDNA	smartseq2
PRJEB39616	1726	1726	1726	1	True	1	0	0.0	False			RNA-Seq|TRANSCRIPTOMIC SINGLE CELL|PolyA	smart-seq2;plate-based single cell
PRJNA477365	1699	1699	1699	1	True	1	98	0.834	True	384	17.34	RNA-Seq|TRANSCRIPTOMIC|cDNA	smart-seq2
PRJNA750145	1681	1681	1681	1	True	1	0	0.0	False			RNA-Seq|TRANSCRIPTOMIC|cDNA	smart-seq2
PRJNA660263	1664	1664	1664	1	True	1	21	1.0	False		79.24	RNA-Seq|TRANSCRIPTOMIC|cDNA	smart-seq2
PRJNA1399897	1634	1634	1634	1	True	1	0	0.0	False			FL-cDNA|TRANSCRIPTOMIC|Oligo-dT	smart-seq2;smart-seq3
PRJNA974699	1631	1631	1631	1	True	1	0	0.0	False			RNA-Seq|TRANSCRIPTOMIC SINGLE CELL|cDNA	plate-based single cell
PRJNA524496	1600	1600	1600	1	True	1	0	0.0	False			RNA-Seq|TRANSCRIPTOMIC|cDNA	Fluidigm C1
PRJEB12793	1598	1598	1598	1	True	1	96	0.471	False		16.65	RNA-Seq|TRANSCRIPTOMIC|RANDOM	Fluidigm C1
PRJNA705753	1594	1594	1594	1	True	1	96	0.843	True	96	16.6	RNA-Seq|TRANSCRIPTOMIC|cDNA	smart-seq2
PRJNA384039	1566	1566	1566	1	True	1	0	0.0	False			RNA-Seq|TRANSCRIPTOMIC|cDNA	Fluidigm C1
PRJNA1004206	1564	1564	1564	1	True	1	0	0.0	False			RNA-Seq|TRANSCRIPTOMIC SINGLE CELL|cDNA	smart-seq3
PRJEB51571	1542	1542	1542	1	True	1	384	1.0	True	384	4.02	RNA-Seq|TRANSCRIPTOMIC SINGLE CELL|PolyA	smart-seq2
PRJNA1018514	1536	1536	1536	1	True	1	0	0.0	False			RNA-Seq|TRANSCRIPTOMIC SINGLE CELL|cDNA	smart-seq2
PRJNA496506	1536	1536	1536	1	True	1	96	1.0	True	96	16.0	RNA-Seq|TRANSCRIPTOMIC|cDNA	96-well;Fluidigm C1;STRT-seq
PRJNA557487	1536	1536	1536	1	True	1	0	0.0	False			RNA-Seq|TRANSCRIPTOMIC|cDNA	smart-seq2
PRJNA749798	1536	1536	1536	1	True	1	384	1.0	True	384	4.0	RNA-Seq|TRANSCRIPTOMIC|cDNA	smartseq2
PRJNA1020854	1535	1535	1535	1	True	1	384	1.0	True	384	4.0	RNA-Seq|TRANSCRIPTOMIC SINGLE CELL|cDNA	smartseq2
PRJEB121241	1529	1529	1529	1	True	1	0	0.0	False			OTHER|TRANSCRIPTOMIC SINGLE CELL|Oligo-dT	plate-based single cell
PRJNA870900	1509	1509	1509	1	True	1	382	1.0	True	384	3.95	RNA-Seq|TRANSCRIPTOMIC SINGLE CELL|cDNA	smart-seq2
PRJNA385832	1507	1507	1507	1	True	1	95	0.879	True	96	15.86	RNA-Seq|TRANSCRIPTOMIC|cDNA	SMART-Seq v4
PRJNA387955	1504	1504	1504	1	True	1	0	0.0	False			RNA-Seq|TRANSCRIPTOMIC|cDNA	smartseq2;384-well
PRJNA627664	1495	1495	1495	1	True	1	0	0.0	False			RNA-Seq|TRANSCRIPTOMIC|cDNA	96-well
PRJNA1147181	1494	1494	1494	1	True	1	0	0.0	False			RNA-Seq|TRANSCRIPTOMIC|cDNA	smart-seq2
PRJNA973039	1491	4887	4887	72	False	1	24	0.017	False		62.12	AMPLICON|TRANSCRIPTOMIC|PCR	96-well
PRJNA590487	1480	1480	1480	1	True	1	96	1.0	True	384	15.42	RNA-Seq|TRANSCRIPTOMIC|cDNA	smart-seq2;plate-based single cell
PRJNA540429	1475	1475	1475	1	True	1	96	1.0	True	96	15.36	RNA-Seq|TRANSCRIPTOMIC|cDNA	smartseq2
PRJNA961137	1470	1470	1470	1	True	1	382	1.0	True	384	3.85	RNA-Seq|TRANSCRIPTOMIC SINGLE CELL|cDNA	smart-seq2
PRJNA632005	1457	1457	1457	1	True	1	2	0.875	False		728.5	RNA-Seq|TRANSCRIPTOMIC|cDNA	smart-seq2
PRJNA761375	1456	1456	1456	1	True	1	0	0.0	False			RNA-Seq|TRANSCRIPTOMIC|cDNA	Fluidigm C1
PRJNA623941	1441	1441	1824	2	False	1	0	0.0	False			RNA-Seq|TRANSCRIPTOMIC|cDNA	smart-seq2
PRJNA896539	1441	1441	1441	1	True	1	7	0.005	False		205.86	miRNA-Seq|TRANSCRIPTOMIC|size fractionation	96-well
PRJNA486655	1440	1440	1440	1	True	1	0	0.0	False			RNA-Seq|TRANSCRIPTOMIC|cDNA	96-well
PRJNA853582	1440	1440	1440	1	True	1	0	0.0	False			RNA-Seq|TRANSCRIPTOMIC SINGLE CELL|cDNA	GSE207085 (this map's plate)
PRJNA280413	1422	1422	1659	2	False	1	96	1.0	True	96	14.81	RNA-Seq|TRANSCRIPTOMIC|cDNA	Fluidigm C1
PRJNA940433	1415	1415	1415	1	True	1	6	1.0	False		235.83	RNA-Seq|TRANSCRIPTOMIC SINGLE CELL|cDNA	smart-seq2
PRJDB8826	1360	1360	1360	1	True	1	0	0.0	False			RNA-Seq|TRANSCRIPTOMIC|cDNA	Fluidigm C1
PRJEB26646	1344	1344	2687	2	False	1	0	0.0	False			RNA-Seq|TRANSCRIPTOMIC SINGLE CELL|Oligo-dT	smart-seq2
PRJNA727003	1344	1344	1344	1	True	1	0	0.0	False			RNA-Seq|TRANSCRIPTOMIC|cDNA	smartseq2
PRJEB52834	1338	1338	1338	1	True	1	0	0.0	False			RNA-Seq|TRANSCRIPTOMIC SINGLE CELL|RANDOM	smart-seq2;96-well
PRJNA432257	1324	1324	1324	1	True	1	91	0.124	False		14.55	RNA-Seq|TRANSCRIPTOMIC|cDNA	SMART-Seq v4;96-well
PRJEB20851	1301	1301	1301	1	True	1	0	0.0	False			RAD-Seq|GENOMIC|Reduced Representation	96-well
PRJNA660398	1249	1249	1249	1	True	1	0	0.0	False			RNA-Seq|TRANSCRIPTOMIC|cDNA	96-well
PRJNA1006666	1248	1248	1248	1	True	1	0	0.0	False			RNA-Seq|TRANSCRIPTOMIC SINGLE CELL|cDNA	smart-seq2
PRJNA891349	1248	1248	1248	1	True	1	0	0.0	False			RNA-Seq|TRANSCRIPTOMIC SINGLE CELL|cDNA	smart-seq2
PRJEB65049	1245	1245	1245	1	True	1	96	0.462	False		12.97	RNA-Seq|TRANSCRIPTOMIC SINGLE CELL|PolyA	smart-seq2;96-well
PRJNA589979	1207	1207	2642	8	False	1	359	1.0	True	384	3.36	RNA-Seq|TRANSCRIPTOMIC|cDNA	smart-seq2
PRJNA608967	1187	1187	1187	1	True	1	0	0.0	False			RNA-Seq|TRANSCRIPTOMIC|cDNA	smartseq2;384-well
PRJEB22024	1180	1180	1180	1	True	1	96	1.0	True	96	12.29	RNA-Seq|TRANSCRIPTOMIC SINGLE CELL|PolyA	smart-seq2
PRJNA474503	1163	1163	1163	1	True	1	0	0.0	False			RNA-Seq|TRANSCRIPTOMIC|cDNA	smart-seq2
PRJNA378758	1155	1155	2310	2	False	1	384	0.997	True	384	3.01	RNA-Seq|TRANSCRIPTOMIC|cDNA	384-well
PRJEB67545	1152	1152	1152	1	True	1	384	1.0	True	384	3.0	RNA-Seq|TRANSCRIPTOMIC|unspecified	smart-seq3
PRJNA345438	1152	1152	1152	1	True	1	0	0.0	False			RNA-Seq|TRANSCRIPTOMIC|cDNA	smart-seq2
PRJNA545348	1152	1152	1152	1	True	1	384	1.0	True	384	3.0	RNA-Seq|TRANSCRIPTOMIC|cDNA	smart-seq2;384-well
PRJNA611937	1152	1152	1152	1	True	1	384	1.0	True	384	3.0	RNA-Seq|TRANSCRIPTOMIC|cDNA	smart-seq2
PRJNA952521	1152	1152	1152	1	True	1	0	0.0	False			RNA-Seq|TRANSCRIPTOMIC|cDNA	smartseq2;384-well
PRJNA429937	1140	1140	1140	1	True	1	0	0.0	False			RNA-Seq|TRANSCRIPTOMIC|cDNA	smart-seq2;96-well
PRJNA1050278	1136	1136	1136	1	True	1	3	1.0	False		378.67	RNA-Seq|TRANSCRIPTOMIC|cDNA	smart-seq2
PRJEB47607	1135	1135	1259	2	False	1	0	0.0	False			RNA-Seq|TRANSCRIPTOMIC SINGLE CELL|PolyA	smart-seq2
PRJNA1023242	1135	1135	1135	1	True	1	379	1.0	True	384	2.99	RNA-Seq|TRANSCRIPTOMIC SINGLE CELL|cDNA	smartseq2;384-well
PRJNA683595	1134	1134	1134	1	True	1	378	1.0	True	384	3.0	RNA-Seq|TRANSCRIPTOMIC|cDNA	384-well
PRJNA1100999	1111	1111	1111	1	True	1	375	1.0	True	384	2.96	RNA-Seq|TRANSCRIPTOMIC|cDNA	smart-seq2;plate-based single cell
PRJNA726161	1097	1097	2194	2	False	1	0	0.0	False			ATAC-seq|GENOMIC|other	plate-based single cell
PRJNA577881	1055	1055	1055	1	True	1	365	1.0	True	384	2.89	RNA-Seq|TRANSCRIPTOMIC|cDNA	smartseq2;384-well
PRJNA761146	1055	1055	1055	1	True	1	8	0.569	False		131.88	RNA-Seq|TRANSCRIPTOMIC|cDNA	96-well
PRJNA701252	1047	1047	1047	1	True	1	96	0.809	True	384	10.91	RNA-Seq|TRANSCRIPTOMIC|cDNA	smart-seq2
PRJNA1262864	1042	1042	1042	1	True	1	96	1.0	True	96	10.85	RNA-Seq|TRANSCRIPTOMIC|cDNA	96-well
PRJNA1129850	1037	1037	1037	1	True	1	96	1.0	True	96	10.8	RNA-Seq|TRANSCRIPTOMIC SINGLE CELL|cDNA	smart-seq2;smartseq2;96-well
PRJEB27930	1024	1024	1024	1	True	1	0	0.0	False			RNA-Seq|TRANSCRIPTOMIC SINGLE CELL|PolyA	smart-seq2;384-well
PRJNA474198	1016	1016	1016	1	True	1	25	0.744	False		40.64	RNA-Seq|TRANSCRIPTOMIC|cDNA	smart-seq2
PRJEB32731	1004	1004	1004	1	True	1	0	0.0	False			WGS|METAGENOMIC|RANDOM	96-well
PRJNA792595	1003	1003	2006	2	False	1	96	1.0	True	96	10.45	RNA-Seq|TRANSCRIPTOMIC|cDNA	smart-seq2
PRJNA656242	1002	1002	1002	1	True	1	0	0.0	False			RNA-Seq|TRANSCRIPTOMIC|cDNA	smart-seq2
PRJNA650412	999	999	999	1	True	1	0	0.0	False			RNA-Seq|TRANSCRIPTOMIC|cDNA	smart-seq2
PRJNA400566	995	995	995	1	True	1	0	0.0	False			RNA-Seq|TRANSCRIPTOMIC|cDNA	Fluidigm C1
PRJNA704410	969	969	969	1	True	1	369	1.0	True	384	2.63	RNA-Seq|TRANSCRIPTOMIC|cDNA	smart-seq2
PRJNA445377	960	960	960	1	True	1	0	0.0	False			ATAC-seq|GENOMIC|other	96-well
PRJNA524634	959	959	959	1	True	1	5	0.045	False		191.8	RNA-Seq|TRANSCRIPTOMIC|cDNA	smart-seq2;smartseq2
PRJNA705211	952	952	952	1	True	1	96	1.0	True	96	9.92	RNA-Seq|TRANSCRIPTOMIC|cDNA	plate-based single cell
PRJNA1012321	928	928	928	1	True	1	0	0.0	False			RNA-Seq|TRANSCRIPTOMIC SINGLE CELL|cDNA	smartseq2;384-well;96-well
PRJNA339170	924	924	924	1	True	1	7	0.81	False		132.0	RNA-Seq|TRANSCRIPTOMIC|cDNA	smart-seq2;96-well
PRJNA420968	921	921	921	1	True	1	0	0.0	False			RNA-Seq|TRANSCRIPTOMIC|cDNA	smart-seq2
PRJNA1074379	916	916	916	1	True	1	0	0.0	False			RAD-Seq|GENOMIC|RANDOM	96-well
PRJNA1368752	904	904	904	1	True	1	0	0.0	False			RNA-Seq|TRANSCRIPTOMIC SINGLE CELL|cDNA	SMART-Seq v4
PRJNA1314575	886	886	886	1	True	1	60	1.0	True	96	14.77	RNA-Seq|TRANSCRIPTOMIC|cDNA	smartseq3
PRJNA486209	882	882	882	1	True	1	9	0.994	False		98.0	RNA-Seq|TRANSCRIPTOMIC|cDNA	smart-seq2
PRJNA854200	878	878	878	1	True	1	99	1.0	True	384	8.87	RNA-Seq|TRANSCRIPTOMIC|cDNA	96-well
PRJNA309972	873	873	2664	8	False	1	96	0.973	True	96	9.09	RNA-Seq|TRANSCRIPTOMIC|cDNA	Fluidigm C1
PRJNA256268	864	864	2400	4	False	1	96	1.0	True	96	9.0	RNA-Seq|TRANSCRIPTOMIC|cDNA	96-well
PRJNA706520	858	858	1722	4	False	1	0	0.0	False			RNA-Seq|TRANSCRIPTOMIC|cDNA	smartseq2;96-well
PRJNA1151000	857	857	2531	4	False	1	0	0.0	False			RNA-Seq|TRANSCRIPTOMIC SINGLE CELL|cDNA	plate-based single cell
PRJNA1111474	855	855	855	1	True	1	0	0.0	False			RNA-Seq|TRANSCRIPTOMIC SINGLE CELL|cDNA	smartseq2
PRJEB54004	845	845	845	1	True	1	0	0.0	False			AMPLICON|TRANSCRIPTOMIC|Hybrid Selection	384-well
PRJNA374736	839	839	839	1	True	1	0	0.0	False			RNA-Seq|TRANSCRIPTOMIC|cDNA	smart-seq2;Fluidigm C1
PRJNA650413	837	837	837	1	True	1	0	0.0	False			RNA-Seq|TRANSCRIPTOMIC|cDNA	smart-seq2
PRJNA880606	833	833	833	1	True	1	0	0.0	False			RNA-Seq|TRANSCRIPTOMIC|cDNA	smart-seq2
PRJNA1164201	830	830	830	1	True	1	0	0.0	False			RNA-Seq|TRANSCRIPTOMIC SINGLE CELL|cDNA	smart-seq3
PRJNA511471	807	807	809	2	False	1	0	0.0	False			RNA-Seq|TRANSCRIPTOMIC|cDNA	smartseq2
PRJNA1368720	800	800	800	1	True	1	0	0.0	False			RNA-Seq|TRANSCRIPTOMIC SINGLE CELL|cDNA	SMART-Seq v4
PRJNA1368760	797	797	797	1	True	1	0	0.0	False			RNA-Seq|TRANSCRIPTOMIC SINGLE CELL|cDNA	SMART-Seq v4
PRJNA577830	788	788	788	1	True	1	0	0.0	False			RNA-Seq|TRANSCRIPTOMIC|cDNA	Fluidigm C1
PRJNA1183317	787	787	789	2	False	3	0	0.0	False			OTHER|TRANSCRIPTOMIC|other;RNA-Seq|TRANSCRIPTOMIC SINGLE CELL|cDNA;RNA-Seq|TRANSCRIPTOMIC|cDNA	smartseq2
PRJNA401917	785	785	785	1	True	1	97	0.515	False		8.09	RNA-Seq|TRANSCRIPTOMIC|cDNA	plate-based single cell;SCRB-seq
PRJNA471732	771	771	771	1	True	2	0	0.0	False			ChIP-Seq|GENOMIC|ChIP;OTHER|GENOMIC|other	Fluidigm C1
PRJNA397374	770	770	770	1	True	1	3	0.977	False		256.67	RNA-Seq|TRANSCRIPTOMIC|cDNA	smart-seq2
PRJNA999730	769	769	769	1	True	1	0	0.0	False			RNA-Seq|TRANSCRIPTOMIC SINGLE CELL|cDNA	smart-seq2
PRJEB38944	768	768	768	1	True	1	384	1.0	True	384	2.0	RNA-Seq|TRANSCRIPTOMIC SINGLE CELL|Oligo-dT	smart-seq2
PRJNA1281824	768	768	768	1	True	2	96	1.0	True	96	8.0	RNA-Seq|TRANSCRIPTOMIC SINGLE CELL|PolyA;RNA-Seq|TRANSCRIPTOMIC|RANDOM	smart-seq2
PRJNA414434	768	768	768	1	True	1	384	1.0	True	384	2.0	RNA-Seq|TRANSCRIPTOMIC|cDNA	384-well;SCRB-seq
PRJNA436229	768	768	768	1	True	1	384	1.0	True	384	2.0	RNA-Seq|TRANSCRIPTOMIC|cDNA	smart-seq2
PRJNA553206	768	768	768	1	True	1	384	1.0	True	384	2.0	RNA-Seq|TRANSCRIPTOMIC|cDNA	smart-seq2
PRJNA574640	768	768	768	1	True	1	384	1.0	True	384	2.0	RNA-Seq|TRANSCRIPTOMIC|cDNA	smartseq2;384-well
PRJNA732775	768	768	768	1	True	1	0	0.0	False			RNA-Seq|TRANSCRIPTOMIC|cDNA	smart-seq2
PRJNA770633	768	768	768	1	True	1	384	1.0	True	384	2.0	RNA-Seq|TRANSCRIPTOMIC|cDNA	smart-seq2;384-well
PRJNA813565	768	768	3072	4	False	1	0	0.0	False			RNA-Seq|TRANSCRIPTOMIC|cDNA	smartseq2
PRJNA870494	768	768	768	1	True	1	0	0.0	False			RNA-Seq|TRANSCRIPTOMIC SINGLE CELL|cDNA	smart-seq2
PRJNA885458	768	768	768	1	True	1	1	1.0	False		768.0	RNA-Seq|TRANSCRIPTOMIC SINGLE CELL|cDNA	smartseq2
PRJNA497250	764	764	764	1	True	1	382	1.0	True	384	2.0	RNA-Seq|TRANSCRIPTOMIC|cDNA	smart-seq2
PRJNA731921	753	753	753	1	True	1	0	0.0	False			RNA-Seq|TRANSCRIPTOMIC|cDNA	smart-seq2
PRJNA662945	752	752	752	1	True	1	0	0.0	False			RNA-Seq|TRANSCRIPTOMIC|cDNA	96-well
PRJNA708334	752	752	752	1	True	1	0	0.0	False			RNA-Seq|TRANSCRIPTOMIC|cDNA	96-well
PRJEB60973	744	744	744	1	True	1	0	0.0	False			RNA-Seq|TRANSCRIPTOMIC SINGLE CELL|cDNA	smart-seq2
PRJNA574450	743	743	743	1	True	1	383	1.0	True	384	1.94	RNA-Seq|TRANSCRIPTOMIC|cDNA	smartseq2;384-well
PRJNA671700	743	743	743	1	True	1	334	1.0	True	384	2.22	RNA-Seq|TRANSCRIPTOMIC|cDNA	smart-seq2
PRJNA479336	737	737	737	1	True	2	367	0.498	False		2.01	RNA-Seq|TRANSCRIPTOMIC|RT-PCR;RNA-Seq|TRANSCRIPTOMIC|cDNA	smart-seq2
PRJNA304502	734	734	734	1	True	1	96	1.0	True	96	7.65	RNA-Seq|TRANSCRIPTOMIC|cDNA	Fluidigm C1
PRJNA258012	732	851	952	3	False	1	6	1.0	False		122.0	RNA-Seq|TRANSCRIPTOMIC|cDNA	96-well
PRJNA666806	725	725	1370	2	False	1	0	0.0	False			RNA-Seq|TRANSCRIPTOMIC|cDNA	Fluidigm C1
PRJNA1381527	724	724	724	1	True	1	0	0.0	False			OTHER|TRANSCRIPTOMIC|other	96-well
PRJEB44250	721	721	721	1	True	1	0	0.0	False			RNA-Seq|TRANSCRIPTOMIC SINGLE CELL|Oligo-dT	smart-seq2
PRJNA497287	721	721	721	1	True	1	5	0.607	False		144.2	RNA-Seq|TRANSCRIPTOMIC|cDNA	96-well
PRJNA558410	721	721	721	1	True	1	95	1.0	True	96	7.59	RNA-Seq|TRANSCRIPTOMIC|cDNA	smart-seq2;96-well
PRJNA418321	704	704	704	1	True	1	94	1.0	True	96	7.49	RNA-Seq|TRANSCRIPTOMIC|cDNA	Fluidigm C1
PRJNA743372	700	700	700	1	True	2	0	0.0	False			ChIP-Seq|GENOMIC|size fractionation;RNA-Seq|TRANSCRIPTOMIC|size fractionation	smart-seq2
PRJNA743373	700	700	700	1	True	2	0	0.0	False			ChIP-Seq|GENOMIC|size fractionation;RNA-Seq|TRANSCRIPTOMIC|size fractionation	smart-seq2
PRJEB52188	697	697	697	1	True	1	0	0.0	False			AMPLICON|TRANSCRIPTOMIC|Hybrid Selection	384-well
PRJNA1088503	697	697	697	1	True	1	367	1.0	True	384	1.9	RNA-Seq|TRANSCRIPTOMIC|cDNA	smart-seq2;384-well
PRJEB55551	684	684	684	1	True	1	0	0.0	False			RNA-Seq|TRANSCRIPTOMIC SINGLE CELL|RANDOM	96-well
PRJEB27795	681	681	681	1	True	1	0	0.0	False			RNA-Seq|TRANSCRIPTOMIC SINGLE CELL|PolyA	smartseq2
PRJNA727226	672	672	672	1	True	1	0	0.0	False			RNA-Seq|TRANSCRIPTOMIC|cDNA	smartseq2
PRJNA679960	670	670	670	1	True	1	338	1.0	True	384	1.98	RNA-Seq|TRANSCRIPTOMIC|cDNA	smartseq2
PRJNA415061	658	658	658	1	True	1	96	1.0	True	96	6.85	RNA-Seq|TRANSCRIPTOMIC|cDNA	Fluidigm C1
PRJNA595892	658	658	658	1	True	4	6	0.334	False		109.67	ATAC-seq|GENOMIC|other;ChIP-Seq|GENOMIC|ChIP;OTHER|GENOMIC|other;RNA-Seq|TRANSCRIPTOMIC|cDNA	smart-seq2
PRJNA888069	658	658	658	1	True	1	81	1.0	True	96	8.12	RNA-Seq|TRANSCRIPTOMIC SINGLE CELL|cDNA	smart-seq2
PRJNA289086	648	648	648	1	True	1	90	1.0	True	384	7.2	RNA-Seq|TRANSCRIPTOMIC|cDNA	smart-seq2
PRJNA429273	635	635	635	1	True	1	24	0.265	False		26.46	RNA-Seq|TRANSCRIPTOMIC|cDNA	smart-seq2;Fluidigm C1
PRJNA792144	629	629	629	1	True	1	302	1.0	True	384	2.08	RNA-Seq|TRANSCRIPTOMIC|cDNA	smartseq2;384-well
PRJNA312294	622	622	622	1	True	1	0	0.0	False			RNA-Seq|TRANSCRIPTOMIC|cDNA	Fluidigm C1
PRJNA299180	617	617	617	1	True	1	20	0.032	False		30.85	RNA-Seq|TRANSCRIPTOMIC|cDNA	smart-seq2
PRJEB27792	590	590	590	1	True	1	0	0.0	False			RNA-Seq|TRANSCRIPTOMIC SINGLE CELL|other	smart-seq2
PRJNA305381	583	583	743	2	False	1	95	0.386	False		6.14	RNA-Seq|TRANSCRIPTOMIC|cDNA	smart-seq2;CEL-seq2;MARS-seq;SCRB-seq
PRJNA547840	579	579	579	1	True	1	96	1.0	True	96	6.03	RNA-Seq|TRANSCRIPTOMIC|PolyA	SMART-Seq v4
PRJNA547841	579	579	579	1	True	1	96	1.0	True	96	6.03	RNA-Seq|TRANSCRIPTOMIC|PolyA	SMART-Seq v4
PRJDB5282	576	576	576	1	True	1	96	1.0	True	96	6.0	OTHER|TRANSCRIPTOMIC|RANDOM	Fluidigm C1
PRJNA1194591	576	576	576	1	True	1	96	1.0	True	96	6.0	RNA-Seq|TRANSCRIPTOMIC SINGLE CELL|cDNA	smartseq2
PRJNA1237782	576	576	576	1	True	1	100	1.0	True	384	5.76	RNA-Seq|TRANSCRIPTOMIC SINGLE CELL|cDNA	smart-seq2;96-well
PRJNA481513	576	576	576	1	True	1	0	0.0	False			RNA-Seq|TRANSCRIPTOMIC|cDNA	96-well
PRJNA543533	576	576	576	1	True	1	0	0.0	False			RNA-Seq|TRANSCRIPTOMIC|cDNA	smart-seq2;96-well
PRJNA610056	576	576	576	1	True	1	96	1.0	True	96	6.0	RNA-Seq|TRANSCRIPTOMIC|cDNA	96-well
PRJEB48145	575	575	575	1	True	1	0	0.0	False			WGS|GENOMIC|RANDOM	96-well
PRJNA343425	574	574	574	1	True	1	90	0.157	False		6.38	RNA-Seq|TRANSCRIPTOMIC|cDNA	smart-seq2
PRJEB22483	572	572	952	2	False	1	0	0.0	False			RNA-Seq|TRANSCRIPTOMIC SINGLE CELL|Oligo-dT	smart-seq2;96-well
PRJNA1104666	563	563	563	1	True	1	0	0.0	False			RNA-Seq|TRANSCRIPTOMIC SINGLE CELL|cDNA	smart-seq2
PRJNA692244	563	563	563	1	True	1	0	0.0	False			RNA-Seq|TRANSCRIPTOMIC|cDNA	smartseq2
PRJNA738159	559	559	559	1	True	1	0	0.0	False			RNA-Seq|TRANSCRIPTOMIC|cDNA	Fluidigm C1
PRJNA983814	533	533	1879	5	False	1	0	0.0	False			RNA-Seq|TRANSCRIPTOMIC|cDNA	smart-seq2
PRJNA1195084	525	525	525	1	True	1	42	0.099	False		12.5	RNA-Seq|TRANSCRIPTOMIC|cDNA	96-well
PRJNA1423049	525	525	525	1	True	1	353	1.0	True	384	1.49	RNA-Seq|TRANSCRIPTOMIC SINGLE CELL|cDNA	smart-seq3
PRJNA385039	516	516	2064	4	False	1	0	0.0	False			RNA-Seq|TRANSCRIPTOMIC|cDNA	Fluidigm C1
PRJNA729758	513	513	513	1	True	1	0	0.0	False			RNA-Seq|TRANSCRIPTOMIC|cDNA	smart-seq2
PRJNA891616	508	508	508	1	True	2	3	0.008	False		169.33	ChIP-Seq|GENOMIC|ChIP;RNA-Seq|TRANSCRIPTOMIC|cDNA	smart-seq2
PRJNA394614	505	505	505	1	True	1	0	0.0	False			RNA-Seq|TRANSCRIPTOMIC|cDNA	smartseq2;96-well
PRJNA608964	495	495	495	1	True	1	95	1.0	True	96	5.21	RNA-Seq|TRANSCRIPTOMIC|cDNA	smart-seq2
PRJNA720968	495	495	495	1	True	1	0	0.0	False			RNA-Seq|TRANSCRIPTOMIC|cDNA	smart-seq2
PRJNA1119425	493	493	493	1	True	1	3	1.0	False		164.33	RNA-Seq|TRANSCRIPTOMIC|PolyA	96-well
PRJEB46551	484	484	484	1	True	2	0	0.0	False			OTHER|TRANSCRIPTOMIC|Oligo-dT;OTHER|TRANSCRIPTOMIC|PCR	96-well
PRJNA746622	480	480	480	1	True	1	0	0.0	False			RNA-Seq|TRANSCRIPTOMIC|cDNA	96-well
PRJEB12223	479	479	479	1	True	1	0	0.0	False			RNA-Seq|TRANSCRIPTOMIC|cDNA	96-well
PRJNA704281	474	474	474	1	True	1	96	1.0	True	96	4.94	RNA-Seq|TRANSCRIPTOMIC|cDNA	smart-seq2
PRJNA358604	469	469	469	1	True	1	0	0.0	False			RNA-Seq|TRANSCRIPTOMIC|cDNA	Fluidigm C1
PRJNA980639	463	463	463	1	True	1	0	0.0	False			RNA-Seq|TRANSCRIPTOMIC|PolyA	96-well
PRJNA433176	461	461	461	1	True	1	0	0.0	False			RNA-Seq|TRANSCRIPTOMIC|cDNA	Fluidigm C1
PRJNA269761	460	460	460	1	True	1	3	0.826	False		153.33	RNA-Seq|TRANSCRIPTOMIC|cDNA	Fluidigm C1
PRJNA576676	454	454	454	1	True	1	0	0.0	False			RNA-Seq|TRANSCRIPTOMIC|cDNA	smart-seq2
PRJNA860307	453	453	453	1	True	1	52	0.821	True	96	8.71	Bisulfite-Seq|GENOMIC|RANDOM	smart-seq2
PRJNA324289	452	452	452	1	True	1	0	0.0	False			RNA-Seq|TRANSCRIPTOMIC|cDNA	Fluidigm C1
PRJNA607523	452	452	452	1	True	1	1	0.604	False		452.0	RNA-Seq|TRANSCRIPTOMIC|cDNA	Fluidigm C1
PRJNA399478	451	451	451	1	True	1	0	0.0	False			RNA-Seq|TRANSCRIPTOMIC|cDNA	Fluidigm C1
PRJNA1132201	447	447	447	1	True	1	1	1.0	False		447.0	RNA-Seq|TRANSCRIPTOMIC SINGLE CELL|cDNA	smartseq2;smartseq3
PRJNA417291	446	446	446	1	True	1	0	0.0	False			RNA-Seq|TRANSCRIPTOMIC|cDNA	smart-seq2
PRJNA605403	446	446	446	1	True	1	107	1.0	True	384	4.17	RNA-Seq|TRANSCRIPTOMIC SINGLE CELL|Oligo-dT	Fluidigm C1
PRJNA377129	444	444	444	1	True	1	0	0.0	False			RNA-Seq|TRANSCRIPTOMIC|cDNA	Fluidigm C1
PRJNA485179	441	441	441	1	True	1	0	0.0	False			RNA-Seq|TRANSCRIPTOMIC|cDNA	smart-seq2
PRJNA648161	438	438	438	1	True	1	107	0.902	True	384	4.09	RNA-Seq|TRANSCRIPTOMIC|cDNA	plate-based single cell
PRJNA528900	426	426	426	1	True	1	0	0.0	False			OTHER|TRANSCRIPTOMIC|other	smart-seq2;Fluidigm C1
PRJNA576257	426	426	426	1	True	1	94	0.991	True	96	4.53	RNA-Seq|TRANSCRIPTOMIC|cDNA	smart-seq2
PRJEB23083	419	419	419	1	True	1	0	0.0	False			WGS|GENOMIC|RANDOM	96-well
PRJNA416939	416	416	416	1	True	1	0	0.0	False			RNA-Seq|TRANSCRIPTOMIC|cDNA	smart-seq2
PRJEB59562	412	412	412	1	True	1	0	0.0	False			WGS|GENOMIC SINGLE CELL|MNase	96-well
PRJNA399549	412	412	412	1	True	1	0	0.0	False			RNA-Seq|TRANSCRIPTOMIC|cDNA	96-well
PRJNA834807	411	411	667	2	False	1	96	1.0	True	96	4.28	RNA-Seq|TRANSCRIPTOMIC|cDNA	smartseq2
PRJEB104461	406	406	406	1	True	1	0	0.0	False			AMPLICON|METAGENOMIC|PCR	96-well
PRJNA279486	405	405	405	1	True	1	0	0.0	False			RNA-Seq|TRANSCRIPTOMIC|cDNA	Fluidigm C1
PRJEB49031	400	400	767	2	False	1	384	1.0	True	384	1.04	RNA-Seq|TRANSCRIPTOMIC SINGLE CELL|Oligo-dT	smart-seq2;plate-based single cell
PRJNA598850	399	399	399	1	True	1	0	0.0	False			RNA-Seq|TRANSCRIPTOMIC|cDNA	96-well
PRJNA340888	396	396	396	1	True	1	62	0.157	False		6.39	RNA-Seq|TRANSCRIPTOMIC|cDNA	Fluidigm C1
PRJNA1018977	392	392	392	1	True	1	0	0.0	False			RNA-Seq|TRANSCRIPTOMIC|cDNA	96-well
PRJNA573687	392	392	392	1	True	1	95	1.0	True	96	4.13	RNA-Seq|TRANSCRIPTOMIC|cDNA	smart-seq2
PRJNA1369483	391	391	391	1	True	1	0	0.0	False			RNA-Seq|TRANSCRIPTOMIC|cDNA	smart-seq2
PRJNA1228640	386	386	386	1	True	1	3	1.0	False		128.67	RNA-Seq|TRANSCRIPTOMIC SINGLE CELL|cDNA	smart-seq2
PRJEB13890	384	384	384	1	True	1	0	0.0	False			RNA-Seq|TRANSCRIPTOMIC|cDNA	384-well
PRJEB15509	384	768	768	2	False	1	384	1.0	True	384	1.0	RNA-Seq|TRANSCRIPTOMIC SINGLE CELL|cDNA	smartseq2
PRJEB20128	384	384	384	1	True	1	0	0.0	False			RNA-Seq|TRANSCRIPTOMIC|Oligo-dT	smart-seq2
PRJEB26939	384	960	960	3	False	1	0	0.0	False			RNA-Seq|TRANSCRIPTOMIC SINGLE CELL|Oligo-dT	96-well
PRJEB30906	384	384	384	1	True	1	0	0.0	False			RNA-Seq|TRANSCRIPTOMIC SINGLE CELL|PolyA	Fluidigm C1
PRJEB35691	384	384	384	1	True	1	0	0.0	False			FL-cDNA|TRANSCRIPTOMIC SINGLE CELL|Oligo-dT	smartseq2
PRJEB50962	384	384	384	1	True	1	0	0.0	False			RNA-Seq|TRANSCRIPTOMIC SINGLE CELL|PolyA	smartseq2
PRJNA302809	384	384	384	1	True	1	0	0.0	False			RNA-Seq|TRANSCRIPTOMIC|cDNA	96-well
PRJNA323369	384	384	384	1	True	1	96	1.0	True	96	4.0	RNA-Seq|TRANSCRIPTOMIC|cDNA	smart-seq2
PRJNA437328	384	384	384	1	True	1	0	0.0	False			RNA-Seq|TRANSCRIPTOMIC|cDNA	smartseq2
PRJNA445235	384	384	384	1	True	1	0	0.0	False			ATAC-seq|GENOMIC|other	96-well
PRJNA445378	384	384	384	1	True	1	0	0.0	False			ATAC-seq|GENOMIC|other	96-well
PRJNA553537	384	384	384	1	True	1	98	0.997	True	384	3.92	RNA-Seq|TRANSCRIPTOMIC|cDNA	smartseq2
PRJNA554601	384	384	384	1	True	1	4	0.75	False		96.0	RNA-Seq|TRANSCRIPTOMIC|cDNA	smart-seq2;96-well
PRJNA594010	384	384	384	1	True	1	0	0.0	False			ATAC-seq|GENOMIC|other	Fluidigm C1
PRJNA601964	384	384	384	1	True	1	0	0.0	False			RNA-Seq|TRANSCRIPTOMIC|cDNA	smart-seq2
PRJNA624784	384	384	384	1	True	1	96	1.0	True	96	4.0	RNA-Seq|TRANSCRIPTOMIC|cDNA	smartseq2
PRJNA645416	384	384	384	1	True	1	0	0.0	False			RNA-Seq|TRANSCRIPTOMIC|cDNA	smart-seq2
PRJNA704326	384	384	384	1	True	1	96	1.0	True	96	4.0	RNA-Seq|TRANSCRIPTOMIC|cDNA	smartseq2
PRJNA810843	384	384	384	1	True	1	0	0.0	False			RNA-Seq|TRANSCRIPTOMIC|cDNA	smart-seq2;384-well
PRJNA851590	384	384	384	1	True	1	0	0.0	False			RNA-Seq|TRANSCRIPTOMIC SINGLE CELL|cDNA	smart-seq2
PRJNA851595	384	384	384	1	True	1	0	0.0	False			RNA-Seq|TRANSCRIPTOMIC SINGLE CELL|cDNA	smart-seq2
PRJNA851596	384	384	384	1	True	1	0	0.0	False			RNA-Seq|TRANSCRIPTOMIC SINGLE CELL|cDNA	smart-seq2
PRJNA884677	384	384	1536	4	False	1	384	1.0	True	384	1.0	RNA-Seq|TRANSCRIPTOMIC SINGLE CELL|cDNA	smartseq2
PRJNA898376	384	384	384	1	True	1	96	1.0	True	96	4.0	RNA-Seq|TRANSCRIPTOMIC|cDNA	96-well
PRJNA1108680	383	383	383	1	True	1	56	1.0	True	96	6.84	RNA-Seq|TRANSCRIPTOMIC SINGLE CELL|cDNA	smart-seq2;smartseq2
PRJNA1113575	383	383	385	2	False	1	0	0.0	False			RNA-Seq|TRANSCRIPTOMIC SINGLE CELL|cDNA	MARS-seq;plate-based single cell
PRJNA678366	383	383	383	1	True	1	383	1.0	True	384	1.0	RNA-Seq|TRANSCRIPTOMIC|cDNA	smartseq2
PRJNA851597	383	383	383	1	True	1	0	0.0	False			RNA-Seq|TRANSCRIPTOMIC SINGLE CELL|cDNA	smart-seq2
PRJNA495378	382	382	382	1	True	1	94	1.0	True	96	4.06	RNA-Seq|TRANSCRIPTOMIC|cDNA	SMART-Seq v4
PRJNA762076	382	382	382	1	True	1	2	1.0	False		191.0	RNA-Seq|TRANSCRIPTOMIC|cDNA	smartseq2
PRJNA766681	382	382	382	1	True	1	0	0.0	False			RNA-Seq|TRANSCRIPTOMIC|cDNA	smartseq2
PRJNA635959	379	379	379	1	True	1	0	0.0	False			RNA-Seq|TRANSCRIPTOMIC SINGLE CELL|PolyA	96-well
PRJNA1148678	378	378	378	1	True	1	0	0.0	False			RNA-Seq|TRANSCRIPTOMIC SINGLE CELL|cDNA	96-well
PRJNA432538	374	374	374	1	True	1	374	1.0	True	384	1.0	RNA-Seq|TRANSCRIPTOMIC|cDNA	CEL-seq2;384-well
PRJNA448755	373	373	373	1	True	1	96	1.0	True	96	3.89	RNA-Seq|TRANSCRIPTOMIC|cDNA	Fluidigm C1
PRJNA635290	373	373	373	1	True	1	0	0.0	False			RNA-Seq|TRANSCRIPTOMIC|cDNA	smart-seq2;96-well
PRJNA638385	372	372	372	1	True	1	60	1.0	True	96	6.2	RNA-Seq|TRANSCRIPTOMIC|cDNA	96-well
PRJNA826904	372	372	372	1	True	1	372	1.0	True	384	1.0	RNA-Seq|TRANSCRIPTOMIC|cDNA	384-well
PRJNA507267	369	369	369	1	True	1	95	1.0	True	96	3.88	RNA-Seq|TRANSCRIPTOMIC|cDNA	smart-seq2;96-well
PRJNA397781	365	365	517	2	False	1	0	0.0	False			RNA-Seq|TRANSCRIPTOMIC|cDNA	Fluidigm C1
PRJEB70810	362	362	362	1	True	1	0	0.0	False			RNA-Seq|TRANSCRIPTOMIC SINGLE CELL|Oligo-dT	smart-seq2;smartseq2
PRJNA315001	361	361	361	1	True	1	1	0.978	False		361.0	RNA-Seq|TRANSCRIPTOMIC|cDNA	Fluidigm C1
PRJNA933618	361	361	361	1	True	1	0	0.0	False			RNA-Seq|TRANSCRIPTOMIC|cDNA	smart-seq2
PRJNA1311135	357	357	1050	8	False	1	1	0.844	False		357.0	RNA-Seq|TRANSCRIPTOMIC|cDNA	smartseq2
PRJNA377115	346	346	346	1	True	1	0	0.0	False			RNA-Seq|TRANSCRIPTOMIC|cDNA	Fluidigm C1
PRJNA602774	346	346	346	1	True	1	93	1.0	True	384	3.72	RNA-Seq|TRANSCRIPTOMIC|cDNA	smartseq2
PRJNA634342	346	346	346	1	True	1	0	0.0	False			RNA-Seq|TRANSCRIPTOMIC|cDNA	smart-seq2
PRJNA1152220	341	341	38728	284	False	2	1	0.732	False		341.0	ATAC-seq|GENOMIC SINGLE CELL|other;RNA-Seq|TRANSCRIPTOMIC SINGLE CELL|cDNA	smartseq3
PRJEB27453	336	336	336	1	True	1	0	0.0	False			RNA-Seq|TRANSCRIPTOMIC SINGLE CELL|RT-PCR	smart-seq2
PRJNA578153	335	335	335	1	True	1	0	0.0	False			RNA-Seq|TRANSCRIPTOMIC|cDNA	smartseq2;96-well
PRJNA475973	333	333	333	1	True	1	12	0.435	False		27.75	RNA-Seq|TRANSCRIPTOMIC|cDNA	CEL-seq2
PRJNA564013	332	332	332	1	True	1	0	0.0	False			RNA-Seq|TRANSCRIPTOMIC|cDNA	smart-seq2
PRJNA1282492	328	328	328	1	True	1	65	1.0	True	96	5.05	RNA-Seq|TRANSCRIPTOMIC|cDNA	96-well
PRJNA635637	328	328	328	1	True	1	40	0.146	False		8.2	RNA-Seq|TRANSCRIPTOMIC|cDNA	96-well
PRJNA401883	325	325	325	1	True	1	0	0.0	False			RNA-Seq|TRANSCRIPTOMIC|cDNA	plate-based single cell
PRJNA450412	325	325	325	1	True	1	101	1.0	True	384	3.22	RNA-Seq|TRANSCRIPTOMIC|cDNA	Fluidigm C1
PRJNA472990	319	319	319	1	True	1	0	0.0	False			RNA-Seq|TRANSCRIPTOMIC|cDNA	96-well
PRJNA511895	317	317	317	1	True	1	0	0.0	False			RNA-Seq|TRANSCRIPTOMIC|cDNA	384-well
PRJNA600756	317	317	317	1	True	1	96	1.0	True	96	3.3	RNA-Seq|TRANSCRIPTOMIC|cDNA	Fluidigm C1
PRJNA806667	317	317	317	1	True	1	104	1.0	True	384	3.05	RNA-Seq|TRANSCRIPTOMIC|cDNA	Fluidigm C1
PRJNA650509	314	314	323	4	False	1	0	0.0	False			RNA-Seq|TRANSCRIPTOMIC|cDNA	smart-seq2
PRJNA377140	312	312	312	1	True	1	0	0.0	False			RNA-Seq|TRANSCRIPTOMIC|cDNA	Fluidigm C1
PRJNA552323	311	311	311	1	True	1	78	1.0	True	96	3.99	RNA-Seq|TRANSCRIPTOMIC|cDNA	96-well
PRJNA437988	307	307	307	1	True	2	1	0.003	False		307.0	RNA-Seq|TRANSCRIPTOMIC|cDNA;WGS|GENOMIC|PCR	smart-seq2
PRJNA746552	306	306	1224	4	False	1	0	0.0	False			RNA-Seq|TRANSCRIPTOMIC|cDNA	smart-seq2
PRJNA352070	304	304	304	1	True	2	0	0.0	False			ChIP-Seq|GENOMIC|ChIP;RNA-Seq|TRANSCRIPTOMIC|cDNA	Fluidigm C1
PRJNA760550	303	303	303	1	True	1	0	0.0	False			RNA-Seq|TRANSCRIPTOMIC|cDNA	CEL-seq2
PRJNA429266	300	300	300	1	True	1	24	0.257	False		12.5	RNA-Seq|TRANSCRIPTOMIC|cDNA	smart-seq2;Fluidigm C1
PRJNA611798	300	300	300	1	True	1	0	0.0	False			RNA-Seq|TRANSCRIPTOMIC|cDNA	smartseq2
PRJNA877608	300	300	300	1	True	1	0	0.0	False			RNA-Seq|TRANSCRIPTOMIC SINGLE CELL|cDNA	96-well
PRJNA450372	296	296	296	1	True	1	101	1.0	True	384	2.93	RNA-Seq|TRANSCRIPTOMIC|cDNA	Fluidigm C1
PRJNA839748	294	294	294	1	True	1	0	0.0	False			RNA-Seq|TRANSCRIPTOMIC|cDNA	96-well
PRJEB77920	291	291	291	1	True	1	0	0.0	False			RNA-Seq|TRANSCRIPTOMIC|PolyA	smart-seq2
PRJNA318366	291	291	291	1	True	1	96	0.99	True	96	3.03	RNA-Seq|TRANSCRIPTOMIC|cDNA	smart-seq2
PRJNA1174066	289	289	289	1	True	1	0	0.0	False			RNA-Seq|TRANSCRIPTOMIC|cDNA	smartseq2
PRJEB23892	288	288	576	2	False	1	0	0.0	False			RNA-Seq|TRANSCRIPTOMIC|Oligo-dT	smart-seq2
PRJEB27570	288	288	288	1	True	1	0	0.0	False			RNA-Seq|TRANSCRIPTOMIC SINGLE CELL|Oligo-dT	smart-seq2
PRJEB6989	288	288	288	1	True	1	1	0.333	False		288.0	RNA-Seq|TRANSCRIPTOMIC|cDNA	Fluidigm C1
PRJEB9693	288	960	960	4	False	1	0	0.0	False			RNA-Seq|TRANSCRIPTOMIC|cDNA	Fluidigm C1
PRJNA343935	288	288	288	1	True	1	96	1.0	True	96	3.0	RNA-Seq|TRANSCRIPTOMIC|cDNA	Fluidigm C1
PRJNA353097	288	288	288	1	True	1	96	1.0	True	96	3.0	RNA-Seq|TRANSCRIPTOMIC|cDNA	96-well
PRJNA445237	288	288	288	1	True	1	0	0.0	False			ATAC-seq|GENOMIC|other	96-well
PRJNA719213	288	288	288	1	True	1	5	0.792	False		57.6	RNA-Seq|TRANSCRIPTOMIC|cDNA	96-well
PRJNA736970	288	288	288	1	True	1	0	0.0	False			RNA-Seq|TRANSCRIPTOMIC|cDNA	smartseq2
PRJNA925879	288	288	288	1	True	1	0	0.0	False			RNA-Seq|TRANSCRIPTOMIC SINGLE CELL|cDNA	smartseq2;plate-based single cell
PRJNA612829	284	284	284	1	True	1	100	1.0	True	384	2.84	RNA-Seq|TRANSCRIPTOMIC|cDNA	smart-seq2
PRJNA377114	278	278	278	1	True	1	0	0.0	False			RNA-Seq|TRANSCRIPTOMIC|cDNA	Fluidigm C1
PRJNA429263	278	278	278	1	True	1	25	1.0	False		11.12	RNA-Seq|TRANSCRIPTOMIC|cDNA	smart-seq2;Fluidigm C1
PRJNA608475	276	276	276	1	True	1	48	1.0	True	384	5.75	RNA-Seq|TRANSCRIPTOMIC|cDNA	smart-seq2
PRJNA1099886	272	272	512	3	False	1	10	0.938	False		27.2	RNA-Seq|TRANSCRIPTOMIC|cDNA	smart-seq2
PRJNA292914	271	271	271	1	True	1	0	0.0	False			RNA-Seq|TRANSCRIPTOMIC|cDNA	Fluidigm C1
PRJNA757020	270	270	270	1	True	1	0	0.0	False			RNA-Seq|TRANSCRIPTOMIC|cDNA	smart-seq2
PRJNA909833	270	270	270	1	True	1	270	1.0	True	384	1.0	RNA-Seq|TRANSCRIPTOMIC|cDNA	smartseq3;384-well
PRJNA682613	267	267	534	2	False	1	0	0.0	False			RNA-Seq|TRANSCRIPTOMIC|cDNA	smart-seq2;plate-based single cell
PRJNA598852	266	266	266	1	True	1	0	0.0	False			RNA-Seq|TRANSCRIPTOMIC|cDNA	96-well
PRJNA1399717	263	263	263	1	True	1	0	0.0	False			WGS|GENOMIC|RANDOM	96-well
PRJNA389326	262	262	262	1	True	1	0	0.0	False			RNA-Seq|TRANSCRIPTOMIC|cDNA	Fluidigm C1
PRJNA647850	257	257	257	1	True	1	0	0.0	False			RNA-Seq|TRANSCRIPTOMIC|cDNA	Fluidigm C1
PRJEB75807	256	256	256	1	True	2	0	0.0	False			AMPLICON|OTHER|PCR;OTHER|METAGENOMIC|RANDOM	96-well
PRJNA388076	250	250	250	1	True	1	0	0.0	False			RNA-Seq|TRANSCRIPTOMIC|cDNA	smartseq2;384-well
PRJNA914254	250	250	250	1	True	1	92	1.0	True	96	2.72	RNA-Seq|TRANSCRIPTOMIC SINGLE CELL|cDNA	smart-seq2
PRJNA1196829	248	248	373	2	False	2	55	1.0	True	384	4.51	OTHER|GENOMIC|other;RNA-Seq|TRANSCRIPTOMIC SINGLE CELL|cDNA	96-well
PRJNA593521	248	248	248	1	True	1	0	0.0	False			RNA-Seq|TRANSCRIPTOMIC|cDNA	Fluidigm C1
PRJNA393431	246	246	246	1	True	1	101	1.0	True	384	2.44	RNA-Seq|TRANSCRIPTOMIC|cDNA	smart-seq2
PRJNA450371	246	246	246	1	True	1	100	1.0	True	384	2.46	RNA-Seq|TRANSCRIPTOMIC|cDNA	Fluidigm C1
PRJNA616382	242	242	242	1	True	1	94	1.0	True	96	2.57	RNA-Seq|TRANSCRIPTOMIC|cDNA	Fluidigm C1
PRJNA541512	241	241	546	12	False	1	96	0.832	True	96	2.51	RNA-Seq|TRANSCRIPTOMIC|cDNA	SMART-Seq v4
PRJEB22698	240	240	240	1	True	1	0	0.0	False			RNA-Seq|TRANSCRIPTOMIC SINGLE CELL|other	smart-seq2
PRJNA562867	237	237	237	1	True	1	0	0.0	False			RNA-Seq|TRANSCRIPTOMIC|cDNA	Fluidigm C1
PRJNA933117	236	236	236	1	True	1	96	1.0	True	96	2.46	RNA-Seq|TRANSCRIPTOMIC SINGLE CELL|cDNA	smart-seq2;96-well
PRJEB113418	235	235	235	1	True	1	18	0.987	False		13.06	AMPLICON|METAGENOMIC|PCR	96-well
PRJEB32618	235	235	235	1	True	1	0	0.0	False			AMPLICON|GENOMIC|PCR	96-well
PRJNA318175	232	232	232	1	True	1	0	0.0	False			RNA-Seq|TRANSCRIPTOMIC|cDNA	Fluidigm C1
PRJNA608452	230	230	3545	16	False	1	0	0.0	False			RNA-Seq|TRANSCRIPTOMIC|cDNA	smart-seq2
PRJNA313513	228	228	228	1	True	1	1	0.421	False		228.0	RNA-Seq|TRANSCRIPTOMIC|cDNA	CEL-seq2;CEL-seq
PRJNA473501	226	226	226	1	True	1	0	0.0	False			RNA-Seq|TRANSCRIPTOMIC|cDNA	smart-seq2
PRJEB79968	224	224	224	1	True	1	0	0.0	False			RNA-Seq|TRANSCRIPTOMIC SINGLE CELL|cDNA_randomPriming	smartseq2;96-well
PRJNA1001009	221	221	221	1	True	1	0	0.0	False			RNA-Seq|TRANSCRIPTOMIC|cDNA	smartseq2
PRJNA326167	219	219	219	1	True	1	91	0.877	True	96	2.41	RNA-Seq|TRANSCRIPTOMIC|cDNA	Fluidigm C1
PRJNA392284	215	215	215	1	True	1	96	1.0	True	96	2.24	RNA-Seq|TRANSCRIPTOMIC|cDNA	smartseq2
PRJNA1244443	213	213	213	1	True	1	42	0.23	False		5.07	OTHER|TRANSCRIPTOMIC SINGLE CELL|other	96-well
PRJNA675855	213	213	229	2	False	1	0	0.0	False			RNA-Seq|TRANSCRIPTOMIC|cDNA	MARS-seq
PRJNA559794	211	211	211	1	True	1	1	1.0	False		211.0	RNA-Seq|TRANSCRIPTOMIC|cDNA	Fluidigm C1
PRJEB30765	210	210	840	4	False	1	0	0.0	False			RNA-Seq|TRANSCRIPTOMIC SINGLE CELL|PolyA	smart-seq2
PRJNA749070	210	210	210	1	True	1	8	0.671	False		26.25	RNA-Seq|TRANSCRIPTOMIC|cDNA	MARS-seq
PRJNA906108	210	210	210	1	True	1	69	1.0	True	96	3.04	RNA-Seq|TRANSCRIPTOMIC|cDNA	96-well
PRJNA556004	208	208	208	1	True	1	0	0.0	False			RNA-Seq|TRANSCRIPTOMIC|cDNA	smart-seq2
PRJNA1134408	206	206	206	1	True	2	0	0.0	False			WGS|METAGENOMIC|MDA;WGS|METAGENOMIC|PCR	96-well
PRJNA591575	206	206	206	1	True	1	0	0.0	False			RNA-Seq|TRANSCRIPTOMIC|cDNA	smart-seq2
PRJNA1068168	204	204	204	1	True	1	115	0.853	True	384	1.77	RNA-Seq|TRANSCRIPTOMIC SINGLE CELL|cDNA	smartseq2;384-well
PRJNA300942	203	203	406	2	False	1	0	0.0	False			RNA-Seq|TRANSCRIPTOMIC|cDNA	96-well
PRJNA816512	203	203	203	1	True	1	0	0.0	False			RNA-Seq|TRANSCRIPTOMIC|cDNA	smart-seq2
PRJNA753082	202	202	202	1	True	1	20	0.886	False		10.1	RNA-Seq|TRANSCRIPTOMIC|cDNA	smart-seq2
PRJNA1146734	200	200	200	1	True	1	0	0.0	False			RNA-Seq|TRANSCRIPTOMIC|cDNA	smartseq2
PRJNA684122	196	196	196	1	True	1	0	0.0	False			RNA-Seq|TRANSCRIPTOMIC|cDNA	96-well
PRJNA453652	195	195	195	1	True	2	1	0.215	False		195.0	RNA-Seq|TRANSCRIPTOMIC|Oligo-dT;RNA-Seq|TRANSCRIPTOMIC|other	384-well
PRJNA597853	195	195	195	1	True	1	0	0.0	False			RNA-Seq|TRANSCRIPTOMIC|cDNA	smartseq2
PRJDB8825	192	192	192	1	True	1	0	0.0	False			ATAC-seq|GENOMIC|other	Fluidigm C1
PRJEB14795	192	192	192	1	True	1	0	0.0	False			OTHER|METAGENOMIC|PCR	96-well
PRJNA1241242	192	192	192	1	True	1	32	1.0	True	96	6.0	RNA-Seq|TRANSCRIPTOMIC|cDNA	384-well
PRJNA203208	192	192	288	2	False	1	0	0.0	False			RNA-Seq|TRANSCRIPTOMIC|cDNA	96-well
PRJNA287748	192	192	192	1	True	1	0	0.0	False			RNA-Seq|TRANSCRIPTOMIC|cDNA	Fluidigm C1
PRJNA377145	192	192	192	1	True	1	23	0.245	False		8.35	RNA-Seq|TRANSCRIPTOMIC|cDNA	Fluidigm C1
PRJNA377153	192	192	192	1	True	1	24	0.286	False		8.0	RNA-Seq|TRANSCRIPTOMIC|cDNA	Fluidigm C1
PRJNA434258	192	192	192	1	True	1	0	0.0	False			RNA-Seq|TRANSCRIPTOMIC|cDNA	CEL-seq
PRJNA445230	192	192	192	1	True	1	0	0.0	False			ATAC-seq|GENOMIC|other	96-well
PRJNA481498	192	192	192	1	True	1	0	0.0	False			RNA-Seq|TRANSCRIPTOMIC|cDNA	96-well
PRJNA522424	192	192	192	1	True	1	0	0.0	False			RNA-Seq|TRANSCRIPTOMIC|cDNA	96-well
PRJNA526544	192	192	192	1	True	1	0	0.0	False			RNA-Seq|TRANSCRIPTOMIC|cDNA	96-well
PRJNA562263	192	192	192	1	True	1	0	0.0	False			RNA-Seq|TRANSCRIPTOMIC|cDNA	CEL-seq
PRJNA575003	192	192	192	1	True	1	96	1.0	True	96	2.0	RNA-Seq|TRANSCRIPTOMIC|cDNA	smart-seq2
PRJNA789602	192	192	192	1	True	1	0	0.0	False			RNA-Seq|TRANSCRIPTOMIC|cDNA	smartseq2
PRJNA803449	192	192	192	1	True	1	96	1.0	True	96	2.0	OTHER|OTHER|other	plate-based single cell
PRJNA831806	192	192	192	1	True	1	96	1.0	True	96	2.0	RNA-Seq|TRANSCRIPTOMIC SINGLE CELL|cDNA	smart-seq2
PRJNA891348	192	192	192	1	True	1	110	1.0	True	384	1.75	RNA-Seq|TRANSCRIPTOMIC SINGLE CELL|cDNA	smart-seq2
PRJNA893393	192	192	384	2	False	1	96	1.0	True	96	2.0	RNA-Seq|TRANSCRIPTOMIC|cDNA	96-well
PRJEB29891	191	191	191	1	True	1	0	0.0	False			RNA-Seq|TRANSCRIPTOMIC SINGLE CELL|RT-PCR	smart-seq2
PRJEB67722	191	191	191	1	True	1	0	0.0	False			RNA-Seq|TRANSCRIPTOMIC SINGLE CELL|PolyA	smart-seq2
PRJNA445231	191	191	191	1	True	1	0	0.0	False			ATAC-seq|GENOMIC|other	96-well
PRJNA554358	191	191	191	1	True	1	0	0.0	False			RNA-Seq|TRANSCRIPTOMIC|cDNA	96-well
PRJNA996961	191	191	191	1	True	1	96	1.0	True	96	1.99	RNA-Seq|TRANSCRIPTOMIC SINGLE CELL|cDNA	smart-seq2;96-well
PRJNA836421	190	190	379	2	False	1	49	0.485	False		3.88	RNA-Seq|TRANSCRIPTOMIC|cDNA	smart-seq2
PRJNA611563	189	189	199	8	False	1	0	0.0	False			RNA-Seq|TRANSCRIPTOMIC|cDNA	smart-seq2;smartseq2
PRJNA506426	188	188	188	1	True	1	95	1.0	True	384	1.98	RNA-Seq|TRANSCRIPTOMIC|cDNA	smartseq2
PRJNA635289	188	188	188	1	True	1	0	0.0	False			RNA-Seq|TRANSCRIPTOMIC|cDNA	smart-seq2;96-well
PRJNA377116	186	186	186	1	True	1	0	0.0	False			RNA-Seq|TRANSCRIPTOMIC|cDNA	Fluidigm C1
PRJNA640143	186	186	186	1	True	1	93	1.0	True	96	2.0	RNA-Seq|TRANSCRIPTOMIC|cDNA	smart-seq2
PRJNA855891	186	186	186	1	True	1	96	1.0	True	96	1.94	RNA-Seq|TRANSCRIPTOMIC|cDNA	smart-seq2
PRJNA325633	185	185	185	1	True	1	0	0.0	False			RNA-Seq|TRANSCRIPTOMIC|cDNA	Fluidigm C1
PRJNA480045	185	185	185	1	True	1	83	0.649	True	96	2.23	RNA-Seq|TRANSCRIPTOMIC|cDNA	Fluidigm C1
PRJNA648766	181	181	181	1	True	2	26	0.144	False		6.96	Bisulfite-Seq|GENOMIC|RANDOM;RNA-Seq|TRANSCRIPTOMIC|cDNA	smart-seq2
PRJNA937782	181	181	181	1	True	1	1	0.204	False		181.0	RNA-Seq|TRANSCRIPTOMIC|cDNA	smart-seq2
PRJEB65580	180	180	180	1	True	1	0	0.0	False			WGA|GENOMIC|RANDOM	96-well
PRJNA762032	180	180	180	1	True	1	0	0.0	False			RNA-Seq|TRANSCRIPTOMIC|cDNA	smart-seq2
PRJNA867583	179	179	179	1	True	1	0	0.0	False			OTHER|GENOMIC|other	smart-seq3;384-well;96-well
PRJNA867584	179	179	179	1	True	1	0	0.0	False			RNA-Seq|TRANSCRIPTOMIC SINGLE CELL|cDNA	smart-seq3;384-well;96-well
PRJNA599122	176	176	176	1	True	1	0	0.0	False			RNA-Seq|TRANSCRIPTOMIC|cDNA	96-well
PRJNA357083	175	175	175	1	True	1	0	0.0	False			RNA-Seq|TRANSCRIPTOMIC|cDNA	Fluidigm C1
PRJNA257979	174	174	174	1	True	1	45	0.259	False		3.87	RNA-Seq|TRANSCRIPTOMIC|cDNA	Fluidigm C1
PRJNA433864	174	174	175	2	False	1	0	0.0	False			RNA-Seq|TRANSCRIPTOMIC|cDNA	Fluidigm C1
PRJNA753892	172	176	176	2	False	2	0	0.0	False			Bisulfite-Seq|GENOMIC|Hybrid Selection;RNA-Seq|TRANSCRIPTOMIC|PolyA	smartseq2
PRJNA753893	172	176	176	2	False	2	0	0.0	False			Bisulfite-Seq|GENOMIC|Hybrid Selection;RNA-Seq|TRANSCRIPTOMIC|PolyA	smartseq2
PRJNA317292	171	171	171	1	True	1	0	0.0	False			RNA-Seq|TRANSCRIPTOMIC|cDNA	smartseq2
PRJNA283222	170	170	170	1	True	1	0	0.0	False			RNA-Seq|TRANSCRIPTOMIC|cDNA	Fluidigm C1
PRJNA387572	170	170	170	1	True	1	11	1.0	False		15.45	RNA-Seq|TRANSCRIPTOMIC|cDNA	SCRB-seq
PRJNA433327	170	170	170	1	True	1	12	0.512	False		14.17	RNA-Seq|TRANSCRIPTOMIC|cDNA	smart-seq2
PRJNA1289207	169	169	16222	96	False	1	31	0.532	False		5.45	RNA-Seq|TRANSCRIPTOMIC SINGLE CELL|cDNA	smartseq2
PRJEB27791	168	168	168	1	True	1	0	0.0	False			RNA-Seq|TRANSCRIPTOMIC|PolyA	smart-seq2
PRJNA475579	168	168	477	3	False	1	2	0.017	False		84.0	RNA-Seq|TRANSCRIPTOMIC|cDNA	smart-seq2
PRJNA970693	167	167	167	1	True	1	0	0.0	False			RNA-Seq|TRANSCRIPTOMIC SINGLE CELL|cDNA	384-well
PRJEB20651	164	164	164	1	True	1	0	0.0	False			RNA-Seq|TRANSCRIPTOMIC SINGLE CELL|PolyA	Fluidigm C1
PRJNA421769	162	162	322	2	False	1	0	0.0	False			RNA-Seq|TRANSCRIPTOMIC|cDNA	96-well;plate-based single cell
PRJNA645678	161	161	161	1	True	1	0	0.0	False			RNA-Seq|TRANSCRIPTOMIC|cDNA	smart-seq2
PRJEB39395	160	160	160	1	True	1	0	0.0	False			RNA-Seq|TRANSCRIPTOMIC SINGLE CELL|PolyA	smart-seq2
PRJNA1192296	160	160	169	4	False	5	0	0.0	False			ATAC-seq|GENOMIC SINGLE CELL|other;OTHER|GENOMIC SINGLE CELL|other;OTHER|TRANSCRIPTOMIC SINGLE CELL|PolyA;RNA-Seq|TRANSCRIPTOMIC SINGLE CELL|cDNA;RNA-Seq|TRANSCRIPTOMIC|Inverse rRNA	benchmark GSE283483
PRJNA473139	160	160	160	1	True	1	0	0.0	False			RNA-Seq|TRANSCRIPTOMIC|cDNA	96-well
PRJNA762698	160	160	174	2	False	1	0	0.0	False			RNA-Seq|TRANSCRIPTOMIC|cDNA	MARS-seq
PRJNA893631	160	160	480	3	False	1	0	0.0	False			RNA-Seq|TRANSCRIPTOMIC|cDNA	384-well
PRJNA488094	158	158	158	1	True	1	0	0.0	False			RNA-Seq|TRANSCRIPTOMIC|cDNA	CEL-seq2
PRJEB95137	155	155	155	1	True	1	0	0.0	False			RNA-Seq|TRANSCRIPTOMIC|Oligo-dT	smart-seq2
PRJNA1084806	153	153	153	1	True	1	95	1.0	True	384	1.61	RNA-Seq|TRANSCRIPTOMIC|cDNA	smart-seq2
PRJNA307607	153	153	153	1	True	1	0	0.0	False			RNA-Seq|TRANSCRIPTOMIC|cDNA	smart-seq2
PRJEB49826	152	155	155	4	False	2	0	0.0	False			RNA-Seq|TRANSCRIPTOMIC SINGLE CELL|PolyA;RNA-Seq|TRANSCRIPTOMIC|unspecified	smartseq2
PRJEB89165	152	152	152	1	True	1	5	1.0	False		30.4	FL-cDNA|TRANSCRIPTOMIC|PCR	96-well
PRJNA1057073	152	152	152	1	True	1	0	0.0	False			RNA-Seq|TRANSCRIPTOMIC|cDNA	96-well
PRJNA1236642	151	151	15648	384	False	1	0	0.0	False			RNA-Seq|TRANSCRIPTOMIC SINGLE CELL|cDNA	smart-seq2;96-well
PRJNA591558	149	149	149	1	True	1	0	0.0	False			RNA-Seq|TRANSCRIPTOMIC|cDNA	Fluidigm C1
PRJNA286698	148	148	148	1	True	1	0	0.0	False			RNA-Seq|TRANSCRIPTOMIC|cDNA	Fluidigm C1
PRJNA389624	147	147	294	2	False	1	0	0.0	False			RNA-Seq|TRANSCRIPTOMIC|cDNA	smart-seq2
PRJNA613044	146	146	292	2	False	1	90	1.0	True	384	1.62	RNA-Seq|TRANSCRIPTOMIC|cDNA	smart-seq2
PRJNA1120486	145	145	145	1	True	1	0	0.0	False			RNA-Seq|TRANSCRIPTOMIC SINGLE CELL|cDNA	384-well
PRJNA378848	145	145	145	1	True	1	99	1.0	True	384	1.46	RNA-Seq|TRANSCRIPTOMIC|cDNA	Fluidigm C1
PRJNA464433	144	144	144	1	True	1	0	0.0	False			RNA-Seq|TRANSCRIPTOMIC|cDNA	smartseq2
PRJNA553694	144	144	288	2	False	1	0	0.0	False			RNA-Seq|TRANSCRIPTOMIC|cDNA	CEL-seq2;CEL-seq
PRJNA702799	144	144	167	2	False	1	48	0.347	False		3.0	RNA-Seq|TRANSCRIPTOMIC|cDNA	Fluidigm C1
PRJNA507268	143	143	143	1	True	1	95	1.0	True	96	1.51	RNA-Seq|TRANSCRIPTOMIC|cDNA	smart-seq2;96-well
PRJNA1084066	141	141	141	1	True	1	94	1.0	True	384	1.5	Bisulfite-Seq|GENOMIC|RANDOM	smart-seq2
PRJNA774191	141	141	141	1	True	1	27	0.248	False		5.22	RNA-Seq|TRANSCRIPTOMIC|cDNA	smartseq2
PRJEB90938	140	140	140	1	True	1	0	0.0	False			RNA-Seq|TRANSCRIPTOMIC|Oligo-dT	smartseq2
PRJNA761691	140	140	140	1	True	1	88	1.0	True	96	1.59	RNA-Seq|TRANSCRIPTOMIC|cDNA	SMART-Seq v4;Fluidigm C1
PRJNA988131	140	140	140	1	True	2	0	0.0	False			RIP-Seq|TRANSCRIPTOMIC|other;RNA-Seq|TRANSCRIPTOMIC|cDNA	SMART-Seq v4
PRJNA348767	138	138	138	1	True	1	1	0.109	False		138.0	RNA-Seq|TRANSCRIPTOMIC|cDNA	96-well;Fluidigm C1
PRJNA574970	138	138	138	1	True	1	79	1.0	True	96	1.75	RNA-Seq|TRANSCRIPTOMIC|RANDOM PCR	smart-seq2
PRJNA1327386	137	137	137	1	True	1	20	1.0	False		6.85	RNA-Seq|TRANSCRIPTOMIC|cDNA	SMART-Seq v4
PRJNA1071085	136	136	136	1	True	1	0	0.0	False			RNA-Seq|TRANSCRIPTOMIC|cDNA	smart-seq2
PRJNA1149068	136	136	136	1	True	1	0	0.0	False			OTHER|TRANSCRIPTOMIC|other	96-well
PRJNA772785	136	136	211	4	False	1	20	0.322	False		6.8	RNA-Seq|TRANSCRIPTOMIC|cDNA	smartseq2
PRJEB44340	134	134	134	1	True	1	0	0.0	False			OTHER|TRANSCRIPTOMIC SINGLE CELL|Oligo-dT	96-well
PRJNA476403	134	134	134	1	True	1	0	0.0	False			RNA-Seq|TRANSCRIPTOMIC|cDNA	Fluidigm C1
PRJNA860306	134	134	134	1	True	1	16	0.231	False		8.38	RNA-Seq|TRANSCRIPTOMIC|cDNA	smart-seq2
PRJNA558389	132	132	132	1	True	1	17	1.0	False		7.76	RNA-Seq|TRANSCRIPTOMIC|cDNA	96-well
PRJNA798600	131	131	131	1	True	1	96	1.0	True	96	1.36	RNA-Seq|TRANSCRIPTOMIC|cDNA	plate-based single cell
PRJNA1223809	129	129	129	1	True	1	0	0.0	False			RNA-Seq|GENOMIC|PCR	smart-seq3
PRJNA420091	128	128	136	2	False	2	0	0.0	False			ATAC-seq|GENOMIC|other;RNA-Seq|TRANSCRIPTOMIC|cDNA	smart-seq2;CEL-seq2
PRJNA792403	127	127	222	2	False	1	0	0.0	False			RNA-Seq|TRANSCRIPTOMIC|cDNA	smart-seq2
PRJNA580379	126	126	126	1	True	1	96	1.0	True	384	1.31	RNA-Seq|TRANSCRIPTOMIC|cDNA	smart-seq2
PRJNA1395629	124	124	124	1	True	3	0	0.0	False			Bisulfite-Seq|GENOMIC|RANDOM;Bisulfite-Seq|GENOMIC|Reduced Representation;RNA-Seq|TRANSCRIPTOMIC|cDNA	smart-seq2
PRJNA288086	123	123	123	1	True	1	0	0.0	False			ChIP-Seq|GENOMIC|ChIP	384-well
PRJNA291276	123	123	123	1	True	1	0	0.0	False			RNA-Seq|TRANSCRIPTOMIC|cDNA	smart-seq2
PRJNA427266	123	123	123	1	True	1	55	0.512	False		2.24	RNA-Seq|TRANSCRIPTOMIC|cDNA	Fluidigm C1
PRJNA529608	123	123	123	1	True	1	48	0.39	False		2.56	RNA-Seq|TRANSCRIPTOMIC|cDNA	Fluidigm C1
PRJNA1381568	122	122	122	1	True	5	0	0.0	False			ATAC-seq|GENOMIC|other;Hi-C|GENOMIC|other;OTHER|GENOMIC|other;OTHER|TRANSCRIPTOMIC|other;RNA-Seq|TRANSCRIPTOMIC SINGLE CELL|cDNA	smart-seq2
PRJNA385809	121	121	121	1	True	1	0	0.0	False			RNA-Seq|TRANSCRIPTOMIC|cDNA	smart-seq2
PRJEB43126	120	120	120	1	True	1	0	0.0	False			RNA-Seq|TRANSCRIPTOMIC SINGLE CELL|RT-PCR	96-well
PRJNA336476	120	120	120	1	True	1	0	0.0	False			RNA-Seq|TRANSCRIPTOMIC|cDNA	Fluidigm C1
PRJNA525699	120	120	120	1	True	1	0	0.0	False			RNA-Seq|TRANSCRIPTOMIC|cDNA	smartseq2
PRJNA542884	120	120	120	1	True	1	0	0.0	False			RNA-Seq|TRANSCRIPTOMIC|cDNA	smart-seq2
PRJNA761789	120	120	120	1	True	1	0	0.0	False			RNA-Seq|TRANSCRIPTOMIC|cDNA	SMART-Seq v4
PRJEB24666	119	119	476	4	False	1	0	0.0	False			RNA-Seq|TRANSCRIPTOMIC SINGLE CELL|PolyA	smart-seq2
PRJNA554897	118	118	118	1	True	1	1	1.0	False		118.0	RNA-Seq|TRANSCRIPTOMIC|cDNA	smart-seq2
PRJNA554684	116	116	124	2	False	1	0	0.0	False			RNA-Seq|TRANSCRIPTOMIC|cDNA	smart-seq2
PRJNA470992	114	114	114	1	True	1	68	1.0	True	96	1.68	RNA-Seq|TRANSCRIPTOMIC|cDNA	Fluidigm C1
PRJNA528898	112	112	112	1	True	1	1	0.286	False		112.0	OTHER|TRANSCRIPTOMIC|other	smart-seq2;Fluidigm C1
PRJNA577097	111	111	111	1	True	1	0	0.0	False			RNA-Seq|TRANSCRIPTOMIC|cDNA	smart-seq2
PRJEB41173	110	110	110	1	True	1	0	0.0	False			RNA-Seq|TRANSCRIPTOMIC|RANDOM	smart-seq2
PRJNA1241353	109	109	109	1	True	4	0	0.0	False			RIP-Seq|TRANSCRIPTOMIC|PolyA;RIP-Seq|TRANSCRIPTOMIC|size fractionation;RNA-Seq|TRANSCRIPTOMIC SINGLE CELL|PolyA;ncRNA-Seq|TRANSCRIPTOMIC SINGLE CELL|size fractionation	smart-seq3
PRJNA642138	109	109	109	1	True	1	0	0.0	False			RNA-Seq|TRANSCRIPTOMIC|cDNA	96-well
PRJNA315404	108	108	147	2	False	1	0	0.0	False			RNA-Seq|TRANSCRIPTOMIC|cDNA	smart-seq2
PRJNA317661	108	108	108	1	True	1	0	0.0	False			RNA-Seq|TRANSCRIPTOMIC|cDNA	smart-seq2
PRJEB43671	104	104	104	1	True	1	0	0.0	False			RNA-Seq|TRANSCRIPTOMIC|Oligo-dT	smartseq2;96-well
PRJNA1271739	104	12457	12457	1017	False	1	7	1.0	False		14.86	RNA-Seq|TRANSCRIPTOMIC SINGLE CELL|RT-PCR	smart-seq2;plate-based single cell
PRJNA650512	103	103	103	1	True	1	103	1.0	True	384	1.0	RNA-Seq|TRANSCRIPTOMIC|cDNA	Fluidigm C1
PRJNA563691	100	100	100	1	True	1	74	1.0	True	96	1.35	RNA-Seq|TRANSCRIPTOMIC|cDNA	Fluidigm C1
PRJNA776004	98	98	98	1	True	1	0	0.0	False			RNA-Seq|TRANSCRIPTOMIC|cDNA	smartseq2
PRJNA430398	97	97	97	1	True	1	15	0.804	False		6.47	RNA-Seq|TRANSCRIPTOMIC|cDNA	STRT-seq
PRJNA529657	97	97	97	1	True	1	17	0.237	False		5.71	RNA-Seq|TRANSCRIPTOMIC|cDNA	Fluidigm C1
PRJEB20161	96	96	96	1	True	1	1	1.0	False		96.0	RNA-Seq|TRANSCRIPTOMIC SINGLE CELL|Oligo-dT	Fluidigm C1
PRJEB20166	96	96	96	1	True	1	0	0.0	False			RNA-Seq|TRANSCRIPTOMIC SINGLE CELL|Oligo-dT	smart-seq2;Fluidigm C1
PRJEB23085	96	96	96	1	True	1	0	0.0	False			RNA-Seq|TRANSCRIPTOMIC SINGLE CELL|Oligo-dT	smart-seq2
PRJEB27305	96	96	96	1	True	1	0	0.0	False			RNA-Seq|TRANSCRIPTOMIC SINGLE CELL|RT-PCR	smart-seq2
PRJEB8209	96	192	192	2	False	1	0	0.0	False			RNA-Seq|TRANSCRIPTOMIC|cDNA	Fluidigm C1
PRJEB9807	96	96	96	1	True	1	0	0.0	False			RNA-Seq|TRANSCRIPTOMIC|cDNA	Fluidigm C1
PRJNA1055039	96	96	96	1	True	1	0	0.0	False			RNA-Seq|TRANSCRIPTOMIC SINGLE CELL|cDNA	smart-seq2
PRJNA1163337	96	96	96	1	True	1	0	0.0	False			OTHER|OTHER|other	96-well
PRJNA1193586	96	96	384	4	False	1	0	0.0	False			RNA-Seq|TRANSCRIPTOMIC|cDNA	smartseq2
PRJNA1222388	96	96	96	1	True	1	0	0.0	False			RNA-Seq|TRANSCRIPTOMIC|cDNA	96-well
PRJNA1475359	96	96	96	1	True	1	96	1.0	True	96	1.0	RNA-Seq|TRANSCRIPTOMIC|cDNA	96-well
PRJNA285283	96	96	96	1	True	1	97	1.0	True	384	0.99	RNA-Seq|TRANSCRIPTOMIC|cDNA	SCRB-seq
PRJNA320720	96	96	96	1	True	1	96	1.0	True	96	1.0	RNA-Seq|TRANSCRIPTOMIC|cDNA	96-well
PRJNA350800	96	96	96	1	True	1	1	1.0	False		96.0	RNA-Seq|TRANSCRIPTOMIC|cDNA	Fluidigm C1
PRJNA350802	96	96	96	1	True	1	1	1.0	False		96.0	RNA-Seq|TRANSCRIPTOMIC|cDNA	Fluidigm C1
PRJNA377118	96	96	96	1	True	1	18	0.292	False		5.33	RNA-Seq|TRANSCRIPTOMIC|cDNA	Fluidigm C1
PRJNA397750	96	96	96	1	True	1	104	1.0	True	384	0.92	RNA-Seq|TRANSCRIPTOMIC|cDNA	96-well
PRJNA474191	96	96	96	1	True	1	4	1.0	False		24.0	ATAC-seq|GENOMIC|other	Fluidigm C1
PRJNA481512	96	96	96	1	True	1	96	1.0	True	96	1.0	RNA-Seq|TRANSCRIPTOMIC|cDNA	96-well
PRJNA495370	96	96	96	1	True	1	2	0.5	False		48.0	RNA-Seq|TRANSCRIPTOMIC|cDNA	SMART-Seq v4
PRJNA522812	96	96	96	1	True	1	96	1.0	True	96	1.0	RNA-Seq|TRANSCRIPTOMIC|cDNA	smart-seq2
PRJNA528901	96	96	96	1	True	1	0	0.0	False			OTHER|GENOMIC|other	smart-seq2;Fluidigm C1
PRJNA578109	96	96	96	1	True	1	0	0.0	False			RNA-Seq|TRANSCRIPTOMIC|cDNA	smart-seq2
PRJNA660166	96	96	96	1	True	1	96	1.0	True	96	1.0	RNA-Seq|TRANSCRIPTOMIC|cDNA	smart-seq2
PRJNA660167	96	96	96	1	True	1	96	1.0	True	96	1.0	Bisulfite-Seq|GENOMIC|Reduced Representation	smart-seq2
PRJNA687742	96	96	96	1	True	1	0	0.0	False			RNA-Seq|TRANSCRIPTOMIC|cDNA	smart-seq2
PRJNA728984	96	96	96	1	True	1	96	1.0	True	96	1.0	RNA-Seq|TRANSCRIPTOMIC|cDNA	96-well
PRJNA737394	96	96	96	1	True	1	11	0.708	False		8.73	RNA-Seq|TRANSCRIPTOMIC|cDNA	SMART-Seq v4
PRJNA755301	96	96	96	1	True	1	3	1.0	False		32.0	RNA-Seq|TRANSCRIPTOMIC|cDNA	96-well
PRJNA876262	96	96	96	1	True	1	0	0.0	False			RNA-Seq|TRANSCRIPTOMIC|cDNA	smartseq2
PRJNA647388	95	95	95	1	True	1	95	1.0	True	96	1.0	RNA-Seq|TRANSCRIPTOMIC|cDNA	smart-seq2;96-well
PRJNA702433	95	95	326	4	False	1	0	0.0	False			RNA-Seq|TRANSCRIPTOMIC|cDNA	smartseq2
PRJNA772116	95	95	73888	3461	False	1	5	0.639	False		19.0	RNA-Seq|TRANSCRIPTOMIC|cDNA	SMART-Seq v4
PRJNA1259243	94	94	94	1	True	1	0	0.0	False			OTHER|TRANSCRIPTOMIC|other	96-well
PRJNA377595	94	94	94	1	True	1	62	0.862	True	384	1.52	RNA-Seq|TRANSCRIPTOMIC|cDNA	smart-seq2
PRJEB12942	93	93	93	1	True	1	0	0.0	False			WGS|OTHER|RANDOM	96-well
PRJNA1279163	93	93	186	2	False	1	3	0.376	False		31.0	RNA-Seq|TRANSCRIPTOMIC|cDNA	96-well
PRJNA322311	93	93	158	2	False	1	0	0.0	False			RNA-Seq|TRANSCRIPTOMIC|cDNA	smart-seq2
PRJNA508840	93	93	93	1	True	1	22	0.344	False		4.23	RNA-Seq|TRANSCRIPTOMIC|cDNA	Fluidigm C1
PRJNA531191	93	93	93	1	True	1	0	0.0	False			RNA-Seq|TRANSCRIPTOMIC|cDNA	Fluidigm C1
PRJDB6473	92	92	92	1	True	1	0	0.0	False			RNA-Seq|TRANSCRIPTOMIC|RANDOM	Fluidigm C1
PRJEB111770	92	92	138	2	False	1	0	0.0	False			RNA-Seq|TRANSCRIPTOMIC|Oligo-dT	smart-seq2
PRJEB47428	92	92	92	1	True	1	0	0.0	False			SELEX|SYNTHETIC|other	96-well
PRJNA1177508	92	92	92	1	True	1	24	1.0	True	96	3.83	RNA-Seq|TRANSCRIPTOMIC SINGLE CELL|cDNA	smart-seq2
PRJNA515047	91	91	91	1	True	1	0	0.0	False			RNA-Seq|TRANSCRIPTOMIC|cDNA	384-well
PRJNA845939	91	91	182	2	False	1	91	1.0	True	96	1.0	RNA-Seq|TRANSCRIPTOMIC|cDNA	smartseq2
PRJNA911824	91	91	91	1	True	1	4	1.0	False		22.75	RNA-Seq|TRANSCRIPTOMIC|cDNA	384-well
PRJNA594408	90	90	90	1	True	1	0	0.0	False			RNA-Seq|TRANSCRIPTOMIC|cDNA	SCRB-seq
PRJNA1086179	89	89	89	1	True	1	0	0.0	False			RNA-Seq|TRANSCRIPTOMIC|cDNA	smart-seq2;smartseq2
PRJNA1158854	89	89	95	2	False	1	72	0.758	True	96	1.24	RNA-Seq|TRANSCRIPTOMIC SINGLE CELL|cDNA	96-well;plate-based single cell
PRJNA1211515	89	89	89	1	True	1	0	0.0	False			OTHER|TRANSCRIPTOMIC|other	96-well
PRJEB44359	88	89	89	2	False	5	5	0.742	False		17.6	OTHER|TRANSCRIPTOMIC|Oligo-dT;OTHER|TRANSCRIPTOMIC|cDNA_oligo_dT;OTHER|TRANSCRIPTOMIC|other;OTHER|TRANSCRIPTOMIC|size fractionation;RNA-Seq|TRANSCRIPTOMIC|Oligo-dT	smart-seq2
PRJNA625733	88	88	88	1	True	1	0	0.0	False			RNA-Seq|TRANSCRIPTOMIC|cDNA	smart-seq2
PRJNA835474	88	88	88	1	True	1	0	0.0	False			RNA-Seq|TRANSCRIPTOMIC SINGLE CELL|cDNA	MARS-seq;384-well
PRJNA318513	87	87	87	1	True	1	88	1.0	True	384	0.99	RNA-Seq|TRANSCRIPTOMIC|cDNA	384-well;SCRB-seq
PRJNA414469	87	87	87	1	True	3	0	0.0	False			ATAC-seq|GENOMIC|other;ChIP-Seq|GENOMIC|ChIP;RNA-Seq|TRANSCRIPTOMIC|cDNA	96-well
PRJNA949955	87	87	87	1	True	1	0	0.0	False			RNA-Seq|TRANSCRIPTOMIC|cDNA	smartseq2
PRJDB11328	86	86	86	1	True	1	0	0.0	False			RNA-Seq|TRANSCRIPTOMIC|cDNA	Fluidigm C1
PRJEB48921	86	86	86	1	True	1	0	0.0	False			WGS|GENOMIC|RANDOM	96-well
PRJNA1456868	86	86	344	4	False	1	0	0.0	False			OTHER|TRANSCRIPTOMIC|other	96-well
PRJNA254486	86	86	86	1	True	1	1	1.0	False		86.0	RNA-Seq|TRANSCRIPTOMIC|cDNA	Fluidigm C1
PRJNA427591	86	86	86	1	True	1	90	1.0	True	384	0.96	RNA-Seq|TRANSCRIPTOMIC|cDNA	smart-seq2;96-well
PRJNA743862	86	86	86	1	True	1	0	0.0	False			RNA-Seq|TRANSCRIPTOMIC|cDNA	smart-seq2
PRJNA669038	85	85	85	1	True	1	0	0.0	False			RNA-Seq|TRANSCRIPTOMIC|cDNA	smart-seq2
PRJDB9392	84	84	84	1	True	1	0	0.0	False			RNA-Seq|TRANSCRIPTOMIC|cDNA	smart-seq2
PRJNA1217498	84	84	92	2	False	1	0	0.0	False			RNA-Seq|TRANSCRIPTOMIC SINGLE CELL|cDNA	MARS-seq;384-well
PRJNA1263387	84	84	84	1	True	1	0	0.0	False			RNA-Seq|TRANSCRIPTOMIC|cDNA	SMART-Seq v4
PRJNA678963	84	84	84	1	True	2	0	0.0	False			ChIP-Seq|GENOMIC|ChIP;RNA-Seq|TRANSCRIPTOMIC|cDNA	smart-seq2
PRJNA1089071	83	83	83	1	True	4	0	0.0	False			Bisulfite-Seq|GENOMIC|RANDOM;OTHER|GENOMIC|other;RNA-Seq|TRANSCRIPTOMIC SINGLE CELL|cDNA;RNA-Seq|TRANSCRIPTOMIC|cDNA	smart-seq2
PRJNA580519	83	83	2895	112	False	1	7	0.938	False		11.86	RNA-Seq|TRANSCRIPTOMIC|cDNA	smart-seq2
PRJNA666389	83	83	83	1	True	1	0	0.0	False			RNA-Seq|TRANSCRIPTOMIC|cDNA	SMART-Seq v4;Fluidigm C1
PRJNA1011911	82	82	82	1	True	1	0	0.0	False			OTHER|TRANSCRIPTOMIC|other	96-well
PRJNA1107394	81	81	14422	356	False	1	0	0.0	False			RNA-Seq|TRANSCRIPTOMIC SINGLE CELL|cDNA	smart-seq3
PRJNA1293950	81	81	81	1	True	1	0	0.0	False			RNA-Seq|TRANSCRIPTOMIC|cDNA	smart-seq2
PRJNA474187	81	81	81	1	True	1	3	1.0	False		27.0	RNA-Seq|TRANSCRIPTOMIC|cDNA	smart-seq2
PRJNA1006627	80	80	80	1	True	1	78	1.0	True	96	1.03	RNA-Seq|TRANSCRIPTOMIC|cDNA	96-well
PRJNA1331650	80	80	80	1	True	1	0	0.0	False			RNA-Seq|TRANSCRIPTOMIC|cDNA	96-well
PRJNA445066	80	80	80	1	True	1	44	1.0	True	96	1.82	RNA-Seq|TRANSCRIPTOMIC|cDNA	96-well
PRJNA488002	80	80	80	1	True	1	80	1.0	True	96	1.0	RNA-Seq|TRANSCRIPTOMIC|cDNA	96-well
PRJNA752397	80	80	80	1	True	1	70	0.875	True	96	1.14	RNA-Seq|TRANSCRIPTOMIC|cDNA	smart-seq2
PRJNA490648	79	79	79	1	True	1	20	0.987	False		3.95	RNA-Seq|TRANSCRIPTOMIC|cDNA	Fluidigm C1
PRJNA530175	77	77	77	1	True	1	77	1.0	True	96	1.0	RNA-Seq|TRANSCRIPTOMIC|cDNA	smart-seq2;plate-based single cell
PRJEB95023	76	76	76	1	True	1	0	0.0	False			RNA-Seq|TRANSCRIPTOMIC|Oligo-dT	smart-seq2
PRJEB95108	76	76	76	1	True	1	0	0.0	False			RNA-Seq|TRANSCRIPTOMIC|Oligo-dT	smart-seq2
PRJNA213629	76	76	76	1	True	1	0	0.0	False			RNA-Seq|TRANSCRIPTOMIC|cDNA	smart-seq2
PRJNA350803	76	76	76	1	True	1	1	1.0	False		76.0	RNA-Seq|TRANSCRIPTOMIC|cDNA	Fluidigm C1
PRJNA407490	76	76	304	4	False	1	0	0.0	False			RNA-Seq|TRANSCRIPTOMIC|cDNA	Fluidigm C1
PRJNA470930	76	76	432	17	False	1	3	0.25	False		25.33	OTHER|TRANSCRIPTOMIC|other	96-well
PRJNA603084	75	75	75	1	True	1	1	0.027	False		75.0	RNA-Seq|TRANSCRIPTOMIC|cDNA	smart-seq2
PRJNA690795	75	75	75	1	True	1	0	0.0	False			RNA-Seq|TRANSCRIPTOMIC|cDNA	MARS-seq
PRJEB22760	74	74	295	4	False	1	0	0.0	False			RNA-Seq|TRANSCRIPTOMIC SINGLE CELL|PolyA	Fluidigm C1
PRJNA528662	74	74	90	2	False	1	2	0.289	False		37.0	RNA-Seq|TRANSCRIPTOMIC|cDNA	CEL-seq2;384-well
PRJNA1136833	73	73	73	1	True	1	0	0.0	False			RNA-Seq|TRANSCRIPTOMIC|cDNA	SMART-Seq v4
PRJNA672315	73	73	95	2	False	2	0	0.0	False			OTHER|GENOMIC|other;OTHER|TRANSCRIPTOMIC|other	CEL-seq2
PRJNA863846	73	73	73	1	True	1	0	0.0	False			RNA-Seq|TRANSCRIPTOMIC|cDNA	SMART-Seq v4
PRJEB19013	72	72	252	4	False	1	0	0.0	False			RNA-Seq|TRANSCRIPTOMIC|other	smart-seq2
PRJNA1219186	72	72	72	1	True	1	0	0.0	False			RNA-Seq|TRANSCRIPTOMIC|cDNA	smartseq3
PRJNA591326	72	72	72	1	True	1	0	0.0	False			RNA-Seq|TRANSCRIPTOMIC|cDNA	Fluidigm C1
PRJNA605552	72	72	297	16	False	1	0	0.0	False			RNA-Seq|TRANSCRIPTOMIC|cDNA	SMART-Seq v4
PRJNA663612	72	72	72	1	True	1	0	0.0	False			OTHER|TRANSCRIPTOMIC|other	smart-seq2
PRJNA783770	72	72	72	1	True	1	13	1.0	False		5.54	RNA-Seq|TRANSCRIPTOMIC SINGLE CELL|cDNA	smartseq2
PRJNA1032110	71	71	71	1	True	1	0	0.0	False			RNA-Seq|TRANSCRIPTOMIC|cDNA	smartseq2
PRJNA1075766	71	71	71	1	True	1	0	0.0	False			RNA-Seq|TRANSCRIPTOMIC|cDNA	96-well
PRJNA756246	71	71	71	1	True	1	12	0.887	False		5.92	RNA-Seq|TRANSCRIPTOMIC|cDNA	96-well
PRJNA1242192	70	70	70	1	True	1	0	0.0	False			RNA-Seq|TRANSCRIPTOMIC|PolyA	CEL-seq
PRJNA305531	70	70	70	1	True	1	0	0.0	False			RNA-Seq|TRANSCRIPTOMIC|cDNA	CEL-seq
PRJNA607168	70	70	70	1	True	2	18	0.257	False		3.89	RNA-Seq|TRANSCRIPTOMIC SINGLE CELL|PolyA;Targeted-Capture|GENOMIC SINGLE CELL|Hybrid Selection	Fluidigm C1
PRJNA1079745	69	69	69	1	True	1	33	0.826	True	96	2.09	RNA-Seq|TRANSCRIPTOMIC|cDNA	smart-seq2
PRJNA1027309	68	68	192	4	False	1	0	0.0	False			RNA-Seq|TRANSCRIPTOMIC SINGLE CELL|cDNA	384-well
PRJNA666662	68	68	68	1	True	1	0	0.0	False			RNA-Seq|TRANSCRIPTOMIC|cDNA	CEL-seq2;384-well
PRJNA706656	68	68	68	1	True	2	0	0.0	False			ATAC-seq|GENOMIC|other;OTHER|TRANSCRIPTOMIC|other	CEL-seq2
PRJNA1146732	67	67	67	1	True	1	0	0.0	False			RNA-Seq|TRANSCRIPTOMIC|cDNA	smart-seq2
PRJNA666676	66	66	178	3	False	1	1	0.247	False		66.0	RNA-Seq|TRANSCRIPTOMIC|cDNA	smart-seq2
PRJEB47204	64	64	64	1	True	1	0	0.0	False			RNA-Seq|TRANSCRIPTOMIC SINGLE CELL|RANDOM	smart-seq2
PRJNA738532	64	64	64	1	True	1	1	0.5	False		64.0	RNA-Seq|TRANSCRIPTOMIC|cDNA	96-well
PRJNA770960	64	64	64	1	True	1	0	0.0	False			RNA-Seq|TRANSCRIPTOMIC|cDNA	SMART-Seq v4
PRJNA790787	64	64	64	1	True	1	0	0.0	False			RNA-Seq|TRANSCRIPTOMIC|cDNA	smart-seq2
PRJNA1379470	63	63	126	2	False	1	0	0.0	False			RNA-Seq|TRANSCRIPTOMIC|cDNA	96-well
PRJNA734584	63	63	63	1	True	3	1	0.206	False		63.0	ChIP-Seq|GENOMIC|ChIP;OTHER|GENOMIC|other;RNA-Seq|TRANSCRIPTOMIC|cDNA	smart-seq2
PRJNA802262	63	63	63	1	True	1	0	0.0	False			RNA-Seq|TRANSCRIPTOMIC|cDNA	smart-seq2
PRJNA867721	63	63	63	1	True	1	0	0.0	False			RNA-Seq|TRANSCRIPTOMIC|cDNA	smartseq2
PRJNA528899	62	62	62	1	True	1	0	0.0	False			RNA-Seq|TRANSCRIPTOMIC|cDNA	smart-seq2;Fluidigm C1
PRJEB19466	61	268	268	8	False	1	0	0.0	False			RNA-Seq|TRANSCRIPTOMIC SINGLE CELL|PolyA	smartseq2
PRJEB20163	61	61	61	1	True	1	0	0.0	False			RNA-Seq|TRANSCRIPTOMIC SINGLE CELL|Oligo-dT	smart-seq2;Fluidigm C1
PRJEB63393	60	60	60	1	True	1	0	0.0	False			RNA-Seq|TRANSCRIPTOMIC SINGLE CELL|Oligo-dT	smart-seq2
PRJNA1219182	60	60	60	1	True	1	0	0.0	False			RNA-Seq|TRANSCRIPTOMIC|cDNA	smartseq3
PRJNA1390593	60	60	60	1	True	1	0	0.0	False			RNA-Seq|TRANSCRIPTOMIC|cDNA	smart-seq2
PRJNA564299	60	60	60	1	True	1	0	0.0	False			RNA-Seq|TRANSCRIPTOMIC|cDNA	smart-seq2
PRJNA549972	58	58	58	1	True	1	11	1.0	False		5.27	RNA-Seq|TRANSCRIPTOMIC|cDNA	384-well
PRJNA770650	58	58	81	2	False	2	0	0.0	False			OTHER|TRANSCRIPTOMIC|other;RNA-Seq|TRANSCRIPTOMIC|cDNA	smart-seq3
PRJNA486654	57	57	456	8	False	1	0	0.0	False			RNA-Seq|TRANSCRIPTOMIC|cDNA	96-well
PRJNA836852	57	57	57	1	True	1	0	0.0	False			RNA-Seq|TRANSCRIPTOMIC|cDNA	384-well
PRJEB19995	56	56	56	1	True	1	0	0.0	False			RNA-Seq|TRANSCRIPTOMIC SINGLE CELL|Oligo-dT	smart-seq2;96-well
PRJNA445718	56	56	112	2	False	1	0	0.0	False			RNA-Seq|TRANSCRIPTOMIC|cDNA	96-well
PRJNA495040	56	56	1548	333	False	1	0	0.0	False			RNA-Seq|TRANSCRIPTOMIC|cDNA	smart-seq2
PRJNA524805	56	56	56	1	True	1	31	0.643	False		1.81	RNA-Seq|TRANSCRIPTOMIC|cDNA	smartseq2
PRJNA592447	56	56	75	2	False	1	0	0.0	False			RNA-Seq|TRANSCRIPTOMIC|cDNA	96-well
PRJNA1065817	55	55	55	1	True	1	0	0.0	False			RNA-Seq|TRANSCRIPTOMIC|cDNA	MARS-seq
PRJNA487465	55	55	55	1	True	1	0	0.0	False			RNA-Seq|TRANSCRIPTOMIC|cDNA	384-well
PRJNA1023517	54	54	54	1	True	1	0	0.0	False			RNA-Seq|TRANSCRIPTOMIC|cDNA	smart-seq2
PRJNA1137403	54	54	81	2	False	1	0	0.0	False			RNA-Seq|TRANSCRIPTOMIC|cDNA	SMART-Seq v4
PRJNA1153060	54	54	54	1	True	2	8	1.0	False		6.75	OTHER|GENOMIC|other;OTHER|OTHER|other	384-well
PRJNA775968	54	54	54	1	True	3	0	0.0	False			ATAC-seq|GENOMIC|other;ChIP-Seq|GENOMIC|ChIP;RNA-Seq|TRANSCRIPTOMIC|cDNA	smart-seq2
PRJNA1081408	53	53	53	1	True	1	0	0.0	False			RNA-Seq|TRANSCRIPTOMIC|cDNA	smart-seq2
PRJNA745975	53	53	53	1	True	1	7	1.0	False		7.57	RNA-Seq|TRANSCRIPTOMIC|cDNA	CEL-seq2
PRJNA981167	53	53	106	2	False	1	0	0.0	False			RNA-Seq|TRANSCRIPTOMIC|cDNA	smartseq2
PRJNA1176042	52	52	52	1	True	1	0	0.0	False			RNA-Seq|TRANSCRIPTOMIC SINGLE CELL|cDNA	CEL-seq2
PRJNA1430692	52	52	52	1	True	1	0	0.0	False			RNA-Seq|TRANSCRIPTOMIC SINGLE CELL|cDNA	smart-seq3
PRJNA219182	52	52	52	1	True	1	0	0.0	False			RNA-Seq|TRANSCRIPTOMIC|cDNA	CEL-seq
PRJNA285094	52	52	52	1	True	1	0	0.0	False			RNA-Seq|TRANSCRIPTOMIC|cDNA	smartseq2
PRJNA481514	52	52	52	1	True	1	0	0.0	False			RNA-Seq|TRANSCRIPTOMIC|cDNA	96-well
PRJNA700854	52	52	52	1	True	1	0	0.0	False			RNA-Seq|TRANSCRIPTOMIC|cDNA	CEL-seq2
PRJNA702146	52	52	52	1	True	1	10	0.538	False		5.2	RNA-Seq|TRANSCRIPTOMIC|cDNA	smart-seq2
PRJNA404067	50	50	50	1	True	1	0	0.0	False			RNA-Seq|TRANSCRIPTOMIC|cDNA	Fluidigm C1
PRJNA438062	50	50	50	1	True	1	0	0.0	False			RNA-Seq|TRANSCRIPTOMIC|cDNA	CEL-seq
PRJNA747983	50	50	50	1	True	2	0	0.0	False			RIP-Seq|TRANSCRIPTOMIC|other;RNA-Seq|TRANSCRIPTOMIC|cDNA	MARS-seq
PRJNA830512	50	50	19200	384	False	1	10	0.94	False		5.0	RNA-Seq|TRANSCRIPTOMIC|cDNA	smart-seq2;smartseq2;384-well
PRJNA841567	50	50	100	2	False	1	42	0.84	False		1.19	RNA-Seq|TRANSCRIPTOMIC SINGLE CELL|cDNA	smart-seq2
PRJNA1140227	49	49	49	1	True	1	0	0.0	False			OTHER|TRANSCRIPTOMIC|other	plate-based single cell
PRJNA864776	49	49	147	3	False	1	0	0.0	False			RNA-Seq|TRANSCRIPTOMIC|cDNA	smart-seq2
PRJDB7059	48	48	48	1	True	2	1	0.229	False		48.0	RNA-Seq|TRANSCRIPTOMIC|cDNA;WXS|GENOMIC|Hybrid Selection	SMART-Seq v4
PRJEB64524	48	48	48	1	True	1	0	0.0	False			RNA-Seq|TRANSCRIPTOMIC|unspecified	SMART-Seq v4
PRJNA1134150	48	48	48	1	True	1	0	0.0	False			RNA-Seq|TRANSCRIPTOMIC|cDNA	96-well
PRJNA1219185	48	48	48	1	True	1	0	0.0	False			RNA-Seq|TRANSCRIPTOMIC|cDNA	smartseq3
PRJNA1445795	48	48	48	1	True	1	0	0.0	False			RNA-Seq|TRANSCRIPTOMIC|cDNA	96-well
PRJNA512079	48	48	48	1	True	1	14	0.292	False		3.43	RNA-Seq|TRANSCRIPTOMIC|cDNA	Fluidigm C1
PRJNA599120	48	48	48	1	True	1	0	0.0	False			RNA-Seq|TRANSCRIPTOMIC|cDNA	96-well
PRJNA624328	48	48	48	1	True	1	48	1.0	True	96	1.0	RNA-Seq|TRANSCRIPTOMIC|cDNA	smart-seq2
PRJNA752274	48	48	55	8	False	1	7	0.527	False		6.86	RNA-Seq|TRANSCRIPTOMIC|cDNA	smart-seq2
PRJNA773866	48	48	48	1	True	1	0	0.0	False			RNA-Seq|TRANSCRIPTOMIC|PolyA	smartseq2
PRJNA785573	48	48	192	4	False	1	2	1.0	False		24.0	RNA-Seq|TRANSCRIPTOMIC|cDNA	96-well
PRJNA802235	48	48	97	4	False	1	0	0.0	False			OTHER|GENOMIC|other	smart-seq2
PRJNA849008	48	48	48	1	True	1	0	0.0	False			RNA-Seq|TRANSCRIPTOMIC SINGLE CELL|cDNA	MARS-seq
PRJNA926993	48	48	188	17	False	2	1	0.043	False		48.0	RNA-Seq|TRANSCRIPTOMIC SINGLE CELL|cDNA;RNA-Seq|TRANSCRIPTOMIC|cDNA	smart-seq3
PRJNA1114005	47	47	47	1	True	1	0	0.0	False			RNA-Seq|TRANSCRIPTOMIC|cDNA	96-well
PRJNA1254723	47	47	47	1	True	1	2	0.043	False		23.5	RNA-Seq|TRANSCRIPTOMIC SINGLE CELL|cDNA	smartseq2
PRJNA314998	47	47	47	1	True	1	1	1.0	False		47.0	RNA-Seq|TRANSCRIPTOMIC|cDNA	Fluidigm C1
PRJNA603489	47	47	2557	1120	False	3	0	0.0	False			Bisulfite-Seq|GENOMIC|RANDOM;RNA-Seq|TRANSCRIPTOMIC|cDNA;WXS|GENOMIC|other	MARS-seq
PRJNA729044	47	47	1392	192	False	2	0	0.0	False			OTHER|TRANSCRIPTOMIC|other;RNA-Seq|TRANSCRIPTOMIC|cDNA	smartseq2
PRJNA809198	46	46	46	1	True	1	0	0.0	False			RNA-Seq|TRANSCRIPTOMIC|cDNA	smart-seq2
PRJEB53975	45	45	180	4	False	1	0	0.0	False			WGS|GENOMIC|RANDOM	96-well
PRJNA1477801	45	45	45	1	True	1	0	0.0	False			RNA-Seq|TRANSCRIPTOMIC|cDNA	SMART-Seq v4
PRJNA316060	45	45	45	1	True	1	45	1.0	True	96	1.0	RNA-Seq|TRANSCRIPTOMIC|cDNA	Fluidigm C1
PRJNA394721	45	45	45	1	True	1	0	0.0	False			RNA-Seq|TRANSCRIPTOMIC|cDNA	smart-seq2
PRJNA703927	45	45	45	1	True	1	0	0.0	False			RNA-Seq|TRANSCRIPTOMIC|cDNA	96-well
PRJNA1072995	44	44	44	1	True	1	0	0.0	False			RNA-Seq|TRANSCRIPTOMIC SINGLE CELL|cDNA	Fluidigm C1
PRJNA768677	44	44	44	1	True	1	0	0.0	False			RNA-Seq|TRANSCRIPTOMIC|cDNA	SMART-Seq v4
PRJNA799363	44	44	44	1	True	1	0	0.0	False			RNA-Seq|TRANSCRIPTOMIC|cDNA	384-well
PRJNA913965	44	44	44	1	True	1	0	0.0	False			RNA-Seq|TRANSCRIPTOMIC|cDNA	smart-seq2
PRJNA947190	43	43	43	1	True	2	0	0.0	False			OTHER|GENOMIC|other;RNA-Seq|TRANSCRIPTOMIC|cDNA	smart-seq2
PRJEB42759	42	42	42	1	True	1	2	0.476	False		21.0	RNA-Seq|TRANSCRIPTOMIC|PolyA	smartseq2
PRJNA394720	42	42	42	1	True	1	0	0.0	False			RNA-Seq|TRANSCRIPTOMIC|cDNA	smart-seq2;smartseq2
PRJNA557473	42	42	42	1	True	1	0	0.0	False			RNA-Seq|TRANSCRIPTOMIC|cDNA	smart-seq2
PRJNA767014	42	42	42	1	True	3	0	0.0	False			OTHER|TRANSCRIPTOMIC|other;RNA-Seq|TRANSCRIPTOMIC|cDNA;ncRNA-Seq|TRANSCRIPTOMIC|size fractionation	96-well
PRJNA928413	42	42	42	1	True	1	0	0.0	False			RNA-Seq|TRANSCRIPTOMIC|cDNA	smart-seq2
PRJNA946740	42	42	42	1	True	1	0	0.0	False			RNA-Seq|TRANSCRIPTOMIC|cDNA	smartseq2
PRJNA953620	42	42	42	1	True	1	0	0.0	False			RNA-Seq|TRANSCRIPTOMIC|cDNA	smartseq2
PRJNA702187	41	41	41	1	True	1	0	0.0	False			RNA-Seq|TRANSCRIPTOMIC|cDNA	smartseq2;96-well
PRJEB34730	40	40	40	1	True	1	0	0.0	False			RNA-Seq|TRANSCRIPTOMIC SINGLE CELL|PCR	smart-seq2
PRJNA1001833	40	40	40	1	True	1	0	0.0	False			RNA-Seq|TRANSCRIPTOMIC|cDNA	MARS-seq
PRJNA1093389	40	40	40	1	True	1	0	0.0	False			RNA-Seq|TRANSCRIPTOMIC|cDNA	smart-seq2
PRJNA1127482	40	40	560	14	False	1	0	0.0	False			RNA-Seq|TRANSCRIPTOMIC|cDNA	96-well
PRJNA1146736	40	40	40	1	True	1	0	0.0	False			ChIP-Seq|GENOMIC|ChIP	smart-seq2
PRJNA1280028	40	40	40	1	True	1	0	0.0	False			OTHER|GENOMIC|other	CEL-seq2
PRJNA270873	40	40	40	1	True	1	0	0.0	False			RNA-Seq|TRANSCRIPTOMIC|cDNA	CEL-seq
PRJNA362458	40	40	40	1	True	1	0	0.0	False			RNA-Seq|TRANSCRIPTOMIC|cDNA	smartseq2
PRJNA395315	40	40	80	2	False	1	0	0.0	False			RNA-Seq|TRANSCRIPTOMIC|cDNA	smartseq2
PRJNA422757	40	40	40	1	True	1	0	0.0	False			RNA-Seq|TRANSCRIPTOMIC|cDNA	smartseq2
PRJNA649961	40	40	40	1	True	1	16	1.0	False		2.5	RNA-Seq|TRANSCRIPTOMIC|cDNA	plate-based single cell
PRJNA814671	40	40	40	1	True	1	0	0.0	False			RNA-Seq|TRANSCRIPTOMIC|cDNA	MARS-seq
PRJNA884135	40	40	40	1	True	1	0	0.0	False			RNA-Seq|TRANSCRIPTOMIC|cDNA	smartseq2
PRJEB28692	39	39	156	4	False	1	0	0.0	False			RNA-Seq|TRANSCRIPTOMIC|Oligo-dT	smart-seq2
PRJNA1047608	39	39	39	1	True	1	1	1.0	False		39.0	RNA-Seq|TRANSCRIPTOMIC|cDNA	smart-seq2
PRJNA1282480	39	39	39	1	True	1	0	0.0	False			RNA-Seq|TRANSCRIPTOMIC|cDNA	smart-seq2
PRJNA325935	39	39	39	1	True	1	0	0.0	False			WXS|GENOMIC|Hybrid Selection	96-well
PRJNA325938	39	78	78	2	False	2	0	0.0	False			RNA-Seq|TRANSCRIPTOMIC|PCR;RNA-Seq|TRANSCRIPTOMIC|cDNA	96-well
PRJNA325939	39	78	78	2	False	2	0	0.0	False			miRNA-Seq|TRANSCRIPTOMIC|PCR;miRNA-Seq|TRANSCRIPTOMIC|other	96-well
PRJNA390541	39	39	55	3	False	1	2	0.2	False		19.5	RNA-Seq|TRANSCRIPTOMIC|cDNA	CEL-seq2;384-well
PRJNA509151	39	39	39	1	True	2	0	0.0	False			ATAC-seq|GENOMIC|other;RNA-Seq|TRANSCRIPTOMIC|cDNA	smart-seq2
PRJNA727800	39	39	39	1	True	1	0	0.0	False			RNA-Seq|TRANSCRIPTOMIC|cDNA	smartseq2
PRJNA316219	38	38	38	1	True	1	1	0.026	False		38.0	RNA-Seq|TRANSCRIPTOMIC|cDNA	SCRB-seq
PRJNA350801	38	38	38	1	True	1	1	1.0	False		38.0	RNA-Seq|TRANSCRIPTOMIC|cDNA	Fluidigm C1
PRJNA509911	38	38	38	1	True	1	0	0.0	False			RNA-Seq|TRANSCRIPTOMIC|cDNA	SMART-Seq v4
PRJNA637037	38	38	90	4	False	1	0	0.0	False			RNA-Seq|TRANSCRIPTOMIC|cDNA	STRT-seq
PRJNA662930	38	38	38	1	True	1	11	1.0	False		3.45	RNA-Seq|TRANSCRIPTOMIC|PCR	smart-seq2
PRJNA685175	38	38	38	1	True	1	0	0.0	False			RNA-Seq|TRANSCRIPTOMIC SINGLE CELL|cDNA	384-well
PRJNA759928	37	37	37	1	True	1	0	0.0	False			RNA-Seq|TRANSCRIPTOMIC|cDNA	MARS-seq
PRJNA1070631	36	36	36	1	True	1	0	0.0	False			RNA-Seq|TRANSCRIPTOMIC|cDNA	SMART-Seq v4
PRJNA505345	36	36	36	1	True	1	0	0.0	False			AMPLICON|GENOMIC|PCR	96-well
PRJNA720097	36	36	36	1	True	1	0	0.0	False			RNA-Seq|TRANSCRIPTOMIC|cDNA	96-well
PRJNA738596	36	36	36	1	True	1	18	0.5	False		2.0	RNA-Seq|TRANSCRIPTOMIC|cDNA	CEL-seq2
PRJNA789768	36	36	36	1	True	1	0	0.0	False			RNA-Seq|TRANSCRIPTOMIC|cDNA	96-well
PRJNA942287	36	36	36	1	True	1	0	0.0	False			RNA-Seq|TRANSCRIPTOMIC SINGLE CELL|cDNA	smart-seq2
PRJNA982074	36	36	36	1	True	1	2	0.333	False		18.0	RNA-Seq|TRANSCRIPTOMIC|cDNA	smart-seq2
PRJEB80557	35	35	35	1	True	1	0	0.0	False			RNA-Seq|TRANSCRIPTOMIC|RANDOM	smart-seq2
PRJNA1128632	35	35	35	1	True	1	3	0.086	False		11.67	RNA-Seq|TRANSCRIPTOMIC SINGLE CELL|cDNA	smart-seq2
PRJNA1134243	35	35	35	1	True	1	0	0.0	False			RNA-Seq|TRANSCRIPTOMIC|cDNA	smart-seq2
PRJNA263622	35	35	35	1	True	1	0	0.0	False			RNA-Seq|TRANSCRIPTOMIC|cDNA	96-well
PRJNA320953	35	35	35	1	True	1	35	1.0	True	96	1.0	RNA-Seq|TRANSCRIPTOMIC|cDNA	Fluidigm C1
PRJNA1007599	34	34	34	1	True	1	0	0.0	False			RNA-Seq|TRANSCRIPTOMIC|cDNA	CEL-seq2
PRJNA1082247	34	34	47	3	False	1	1	0.106	False		34.0	ChIP-Seq|GENOMIC|ChIP	MARS-seq
PRJNA1235312	34	34	34	1	True	1	0	0.0	False			RNA-Seq|TRANSCRIPTOMIC SINGLE CELL|cDNA	smart-seq2;smart-seq3
PRJNA256975	34	34	48	2	False	1	0	0.0	False			RNA-Seq|TRANSCRIPTOMIC|cDNA	CEL-seq
PRJNA810195	34	34	34	1	True	1	0	0.0	False			RNA-Seq|TRANSCRIPTOMIC|cDNA	96-well
PRJNA844983	34	34	34	1	True	1	0	0.0	False			RNA-Seq|TRANSCRIPTOMIC SINGLE CELL|cDNA	CEL-seq2
PRJNA912190	34	34	34	1	True	1	0	0.0	False			RNA-Seq|TRANSCRIPTOMIC|cDNA	96-well
PRJNA979132	34	34	6586	573	False	1	0	0.0	False			RNA-Seq|TRANSCRIPTOMIC SINGLE CELL|cDNA	smartseq2
PRJDB9152	33	33	33	1	True	2	0	0.0	False			RNA-Seq|TRANSCRIPTOMIC|Oligo-dT;RNA-Seq|TRANSCRIPTOMIC|PolyA	CEL-seq2
PRJNA1115116	33	33	33	1	True	1	0	0.0	False			RNA-Seq|TRANSCRIPTOMIC SINGLE CELL|cDNA	smart-seq2
PRJNA752358	33	33	36	4	False	1	0	0.0	False			RNA-Seq|TRANSCRIPTOMIC|cDNA	MARS-seq
PRJNA819965	33	33	33	1	True	1	0	0.0	False			RNA-Seq|TRANSCRIPTOMIC|cDNA	96-well
PRJNA981112	33	33	66	2	False	1	0	0.0	False			RNA-Seq|TRANSCRIPTOMIC|cDNA	smartseq2
PRJDB6793	32	32	32	1	True	1	1	1.0	False		32.0	RNA-Seq|TRANSCRIPTOMIC|cDNA	SMART-Seq v4
PRJNA1123159	32	32	32	1	True	1	0	0.0	False			RNA-Seq|TRANSCRIPTOMIC|cDNA	smart-seq2
PRJNA1222997	32	32	32	1	True	1	0	0.0	False			OTHER|GENOMIC|other	384-well
PRJNA1236483	32	32	56	2	False	1	0	0.0	False			RNA-Seq|TRANSCRIPTOMIC|cDNA	smart-seq2
PRJNA282757	32	32	32	1	True	1	0	0.0	False			RNA-Seq|TRANSCRIPTOMIC|cDNA	SCRB-seq
PRJNA298769	32	32	32	1	True	1	0	0.0	False			Bisulfite-Seq|GENOMIC|Reduced Representation	96-well
PRJNA337935	32	32	32	1	True	1	0	0.0	False			RNA-Seq|TRANSCRIPTOMIC|cDNA	CEL-seq2
PRJNA511668	32	32	32	1	True	1	0	0.0	False			RNA-Seq|TRANSCRIPTOMIC|cDNA	CEL-seq2;384-well
PRJNA539944	32	32	96	3	False	1	0	0.0	False			RNA-Seq|TRANSCRIPTOMIC|cDNA	96-well
PRJNA562473	32	32	128	4	False	2	0	0.0	False			OTHER|TRANSCRIPTOMIC|other;RNA-Seq|TRANSCRIPTOMIC|cDNA	Fluidigm C1
PRJNA664098	32	32	32	1	True	1	0	0.0	False			RNA-Seq|TRANSCRIPTOMIC|cDNA	MARS-seq
PRJNA783646	32	32	39	2	False	1	0	0.0	False			RNA-Seq|TRANSCRIPTOMIC|cDNA	MARS-seq
PRJEB34371	31	31	55	5	False	1	4	0.818	False		7.75	RNA-Seq|TRANSCRIPTOMIC|PolyA	smartseq2
PRJNA1322407	31	31	31	1	True	1	0	0.0	False			RNA-Seq|TRANSCRIPTOMIC|cDNA	smartseq2
PRJNA522885	31	31	33	2	False	1	0	0.0	False			RNA-Seq|TRANSCRIPTOMIC|cDNA	smart-seq2
PRJNA561329	31	31	31	1	True	1	0	0.0	False			RNA-Seq|TRANSCRIPTOMIC|cDNA	smart-seq2
PRJNA739456	31	31	31	1	True	1	2	1.0	False		15.5	RNA-Seq|TRANSCRIPTOMIC|cDNA	smartseq2
PRJNA754238	31	31	1916	85	False	1	3	0.997	False		10.33	RNA-Seq|TRANSCRIPTOMIC|cDNA	smartseq2
PRJNA986579	31	31	43	2	False	1	0	0.0	False			RNA-Seq|TRANSCRIPTOMIC|cDNA	smartseq2
PRJNA1006024	30	30	30	1	True	1	0	0.0	False			RNA-Seq|TRANSCRIPTOMIC|cDNA	smart-seq2
PRJNA1079826	30	30	30	1	True	1	0	0.0	False			RNA-Seq|TRANSCRIPTOMIC|cDNA	SMART-Seq v4
PRJNA1278757	30	30	30	1	True	1	0	0.0	False			RNA-Seq|TRANSCRIPTOMIC|cDNA	SMART-Seq v4
PRJNA1413226	30	30	11520	384	False	1	0	0.0	False			RNA-Seq|TRANSCRIPTOMIC SINGLE CELL|cDNA	smart-seq2
PRJNA1474965	30	30	30	1	True	1	0	0.0	False			RNA-Seq|TRANSCRIPTOMIC|cDNA	96-well
PRJNA508617	30	30	30	1	True	1	0	0.0	False			RNA-Seq|TRANSCRIPTOMIC|cDNA	MARS-seq
PRJNA565895	30	30	30	1	True	1	1	1.0	False		30.0	RNA-Seq|TRANSCRIPTOMIC|cDNA	smart-seq2
PRJNA660477	30	30	30	1	True	2	1	0.067	False		30.0	ATAC-seq|GENOMIC|other;RNA-Seq|TRANSCRIPTOMIC|cDNA	MARS-seq
PRJNA685119	30	30	160	8	False	1	0	0.0	False			RNA-Seq|TRANSCRIPTOMIC|cDNA	96-well
PRJNA759083	30	30	30	1	True	1	2	1.0	False		15.0	RNA-Seq|TRANSCRIPTOMIC|PolyA	smart-seq2
PRJNA889384	30	30	30	1	True	1	0	0.0	False			RNA-Seq|TRANSCRIPTOMIC|cDNA	96-well
PRJNA994895	30	30	164	12	False	1	0	0.0	False			RNA-Seq|TRANSCRIPTOMIC|cDNA	smart-seq2
PRJNA1108710	29	29	29	1	True	1	0	0.0	False			RNA-Seq|TRANSCRIPTOMIC|cDNA	smart-seq2
PRJNA1293951	29	29	29	1	True	1	0	0.0	False			RNA-Seq|TRANSCRIPTOMIC SINGLE CELL|cDNA	smart-seq2
PRJNA1308970	29	29	58	2	False	1	2	0.517	False		14.5	RNA-Seq|TRANSCRIPTOMIC SINGLE CELL|cDNA	96-well
PRJNA564808	29	29	29	1	True	1	0	0.0	False			RNA-Seq|TRANSCRIPTOMIC|cDNA	smart-seq2
PRJNA600433	29	29	29	1	True	1	0	0.0	False			RNA-Seq|TRANSCRIPTOMIC|cDNA	smart-seq2
PRJNA613999	29	29	22203	768	False	1	0	0.0	False			RNA-Seq|TRANSCRIPTOMIC|cDNA	smart-seq2
PRJNA649419	29	29	29	1	True	1	0	0.0	False			RNA-Seq|TRANSCRIPTOMIC|cDNA	96-well
PRJNA700563	29	29	29	1	True	1	0	0.0	False			RNA-Seq|TRANSCRIPTOMIC|cDNA	smart-seq2
PRJNA1127561	28	28	56	2	False	1	0	0.0	False			ATAC-seq|GENOMIC|other	96-well
PRJNA1156802	28	28	28	1	True	1	2	0.429	False		14.0	RNA-Seq|TRANSCRIPTOMIC|cDNA	SMART-Seq v4
PRJNA1194992	28	28	28	1	True	1	0	0.0	False			RNA-Seq|TRANSCRIPTOMIC|cDNA	smart-seq2
PRJNA449925	28	28	28	1	True	1	0	0.0	False			RNA-Seq|TRANSCRIPTOMIC|cDNA	96-well
PRJNA522263	28	28	28	1	True	1	0	0.0	False			RNA-Seq|TRANSCRIPTOMIC|cDNA	96-well
PRJNA575217	28	28	112	4	False	1	0	0.0	False			RNA-Seq|TRANSCRIPTOMIC|cDNA	SMART-Seq v4
PRJNA643417	28	28	28	1	True	1	0	0.0	False			RNA-Seq|TRANSCRIPTOMIC|cDNA	SMART-Seq v4
PRJNA801598	28	28	28	1	True	1	8	1.0	False		3.5	RNA-Seq|TRANSCRIPTOMIC|cDNA	384-well
PRJNA811805	28	28	53	8	False	1	0	0.0	False			RNA-Seq|TRANSCRIPTOMIC|cDNA	smart-seq2
PRJNA872481	28	28	28	1	True	1	0	0.0	False			RNA-Seq|TRANSCRIPTOMIC|cDNA	smart-seq2
PRJNA952585	28	28	40	4	False	1	1	0.7	False		28.0	RNA-Seq|TRANSCRIPTOMIC SINGLE CELL|cDNA	benchmark GSE229022
PRJNA1116146	27	27	27	1	True	2	13	0.481	False		2.08	AMPLICON|SYNTHETIC|PCR;WGS|GENOMIC|RANDOM	384-well
PRJNA1118738	27	27	108	4	False	1	0	0.0	False			RNA-Seq|TRANSCRIPTOMIC SINGLE CELL|cDNA	384-well
PRJNA1469845	27	27	27	1	True	1	0	0.0	False			RNA-Seq|TRANSCRIPTOMIC|cDNA_oligo_dT	96-well
PRJNA533561	27	27	27	1	True	1	0	0.0	False			RNA-Seq|TRANSCRIPTOMIC|cDNA	384-well
PRJNA578863	27	27	27	1	True	2	0	0.0	False			OTHER|TRANSCRIPTOMIC|other;RNA-Seq|TRANSCRIPTOMIC|cDNA	96-well
PRJNA684762	27	27	27	1	True	1	1	0.37	False		27.0	RNA-Seq|TRANSCRIPTOMIC|cDNA	plate-based single cell;SCRB-seq
PRJNA1190979	26	26	104	4	False	1	5	1.0	False		5.2	OTHER|TRANSCRIPTOMIC|other	MARS-seq
PRJNA1266674	26	26	26	1	True	1	4	0.385	False		6.5	RNA-Seq|TRANSCRIPTOMIC|cDNA	96-well
PRJNA380680	26	26	26	1	True	1	0	0.0	False			RNA-Seq|TRANSCRIPTOMIC|cDNA	smart-seq2
PRJNA548195	26	26	26	1	True	1	0	0.0	False			RNA-Seq|TRANSCRIPTOMIC|cDNA	smart-seq2
PRJNA577413	26	26	26	1	True	1	0	0.0	False			RNA-Seq|TRANSCRIPTOMIC|cDNA	smart-seq2
PRJNA723208	26	26	77	4	False	1	0	0.0	False			RNA-Seq|TRANSCRIPTOMIC|cDNA	smart-seq2
PRJNA727802	26	26	26	1	True	1	0	0.0	False			RNA-Seq|TRANSCRIPTOMIC|cDNA	smartseq2
PRJNA888131	26	26	26	1	True	1	0	0.0	False			RNA-Seq|TRANSCRIPTOMIC SINGLE CELL|cDNA	STRT-seq
PRJNA915077	26	26	26	1	True	2	0	0.0	False			OTHER|GENOMIC|other;RNA-Seq|TRANSCRIPTOMIC|cDNA	MARS-seq
PRJNA477288	25	25	25	1	True	1	1	0.6	False		25.0	RNA-Seq|TRANSCRIPTOMIC|cDNA	CEL-seq2
PRJNA645252	25	25	25	1	True	1	0	0.0	False			RNA-Seq|TRANSCRIPTOMIC|RT-PCR	smart-seq2
PRJNA731598	25	25	25	1	True	1	4	0.84	False		6.25	RNA-Seq|TRANSCRIPTOMIC|RT-PCR	smart-seq2
PRJNA756272	25	25	25	1	True	1	0	0.0	False			RNA-Seq|TRANSCRIPTOMIC|cDNA	96-well
PRJNA800095	25	25	50	2	False	1	0	0.0	False			RNA-Seq|TRANSCRIPTOMIC|cDNA	SMART-Seq v4
PRJNA981527	25	25	100	4	False	1	0	0.0	False			RNA-Seq|TRANSCRIPTOMIC|cDNA	smartseq2
PRJEB36478	24	24	24	1	True	1	0	0.0	False			RNA-Seq|TRANSCRIPTOMIC|Oligo-dT	SMART-Seq v4
PRJEB55441	24	24	96	4	False	1	0	0.0	False			OTHER|TRANSCRIPTOMIC SINGLE CELL|other	SMART-Seq v4
PRJNA1029309	24	24	24	1	True	1	0	0.0	False			RNA-Seq|TRANSCRIPTOMIC|PCR	smartseq2
PRJNA1029311	24	24	24	1	True	1	0	0.0	False			RNA-Seq|TRANSCRIPTOMIC|PCR	smartseq2
PRJNA1198033	24	24	24	1	True	1	0	0.0	False			RNA-Seq|TRANSCRIPTOMIC|cDNA	96-well
PRJNA1201156	24	24	96	4	False	1	0	0.0	False			RNA-Seq|TRANSCRIPTOMIC SINGLE CELL|cDNA	384-well
PRJNA1225132	24	24	24	1	True	1	1	1.0	False		24.0	RNA-Seq|TRANSCRIPTOMIC|cDNA	SMART-Seq v4
PRJNA1284921	24	24	24	1	True	2	0	0.0	False			RIP-Seq|TRANSCRIPTOMIC|other;RNA-Seq|TRANSCRIPTOMIC|cDNA	CEL-seq2
PRJNA1390257	24	24	24	1	True	1	4	0.792	False		6.0	RNA-Seq|TRANSCRIPTOMIC|cDNA	384-well
PRJNA1460311	24	24	24	1	True	1	0	0.0	False			RNA-Seq|TRANSCRIPTOMIC|cDNA	smart-seq2
PRJNA390060	24	24	24	1	True	1	0	0.0	False			RNA-Seq|TRANSCRIPTOMIC|cDNA	smart-seq2
PRJNA464429	24	24	24	1	True	1	1	0.167	False		24.0	RNA-Seq|TRANSCRIPTOMIC|cDNA	smart-seq2
PRJNA475132	24	24	24	1	True	1	0	0.0	False			RNA-Seq|TRANSCRIPTOMIC|cDNA	96-well
PRJNA475772	24	24	24	1	True	1	0	0.0	False			RNA-Seq|TRANSCRIPTOMIC|cDNA	96-well
PRJNA480214	24	24	24	1	True	1	0	0.0	False			RNA-Seq|TRANSCRIPTOMIC|cDNA	smartseq2
PRJNA521867	24	24	24	1	True	1	6	0.5	False		4.0	RNA-Seq|TRANSCRIPTOMIC|cDNA	SMART-Seq v4
PRJNA524807	24	24	24	1	True	1	0	0.0	False			RNA-Seq|TRANSCRIPTOMIC|cDNA	96-well
PRJNA529575	24	24	24	1	True	1	0	0.0	False			RNA-Seq|TRANSCRIPTOMIC|cDNA	smartseq2;96-well
PRJNA541327	24	24	24	1	True	1	0	0.0	False			OTHER|TRANSCRIPTOMIC|other	96-well
PRJNA545143	24	24	24	1	True	1	0	0.0	False			RNA-Seq|TRANSCRIPTOMIC|cDNA	CEL-seq
PRJNA596676	24	24	48	2	False	1	0	0.0	False			RNA-Seq|TRANSCRIPTOMIC|cDNA	SMART-Seq v4
PRJNA702435	24	24	48	2	False	1	0	0.0	False			RNA-Seq|TRANSCRIPTOMIC|cDNA	smart-seq2
PRJNA714051	24	24	24	1	True	1	0	0.0	False			RNA-Seq|TRANSCRIPTOMIC|cDNA	96-well
PRJNA719423	24	24	24	1	True	1	1	0.5	False		24.0	OTHER|GENOMIC|other	96-well
PRJNA745576	24	24	24	1	True	1	0	0.0	False			RNA-Seq|TRANSCRIPTOMIC|cDNA	CEL-seq2
PRJNA814672	24	24	24	1	True	1	0	0.0	False			RNA-Seq|TRANSCRIPTOMIC|cDNA	MARS-seq
PRJNA859673	24	24	24	1	True	1	0	0.0	False			RNA-Seq|TRANSCRIPTOMIC|cDNA	smartseq2
PRJNA897861	24	24	96	4	False	1	0	0.0	False			RNA-Seq|TRANSCRIPTOMIC|cDNA	MARS-seq
PRJNA925128	24	24	24	1	True	1	0	0.0	False			RNA-Seq|TRANSCRIPTOMIC|cDNA	96-well
PRJNA925133	24	24	24	1	True	1	0	0.0	False			RNA-Seq|TRANSCRIPTOMIC|cDNA	96-well
PRJEB37204	23	23	23	1	True	1	0	0.0	False			RNA-Seq|TRANSCRIPTOMIC|PolyA	SMART-Seq v4
PRJEB55671	23	23	23	1	True	1	0	0.0	False			WGS|GENOMIC|unspecified	96-well
PRJNA1051992	23	23	23	1	True	1	0	0.0	False			RNA-Seq|TRANSCRIPTOMIC|cDNA	smart-seq2
PRJNA1082624	23	23	8898	1074	False	1	0	0.0	False			RNA-Seq|TRANSCRIPTOMIC SINGLE CELL|cDNA	smartseq2
PRJNA1119370	23	23	46	2	False	1	6	0.261	False		3.83	RNA-Seq|TRANSCRIPTOMIC|cDNA	384-well;96-well
PRJNA1165271	23	23	276	12	False	1	0	0.0	False			RNA-Seq|TRANSCRIPTOMIC|cDNA	96-well
PRJNA1242860	23	23	23	1	True	1	0	0.0	False			RNA-Seq|TRANSCRIPTOMIC|cDNA	SMART-Seq v4
PRJNA603389	23	23	23	1	True	1	1	0.696	False		23.0	RNA-Seq|TRANSCRIPTOMIC|cDNA	MARS-seq
PRJNA638294	23	23	23	1	True	1	0	0.0	False			RNA-Seq|TRANSCRIPTOMIC|cDNA	SMART-Seq v4
PRJNA699294	23	23	23	1	True	1	23	1.0	False		1.0	OTHER|TRANSCRIPTOMIC|other	96-well
PRJNA824051	23	23	23	1	True	1	23	1.0	False		1.0	RNA-Seq|TRANSCRIPTOMIC|cDNA	smart-seq2
PRJNA923359	23	23	23	1	True	1	0	0.0	False			RNA-Seq|TRANSCRIPTOMIC|cDNA	smart-seq3
PRJNA931933	23	23	23	1	True	1	0	0.0	False			RNA-Seq|TRANSCRIPTOMIC|cDNA	smart-seq2
PRJNA1163299	22	22	176	8	False	1	0	0.0	False			RNA-Seq|TRANSCRIPTOMIC|cDNA	96-well
PRJNA589675	22	22	75	8	False	2	0	0.0	False			Bisulfite-Seq|GENOMIC|RANDOM;RNA-Seq|TRANSCRIPTOMIC|cDNA	smartseq2
PRJNA600260	22	22	22	1	True	1	0	0.0	False			RNA-Seq|TRANSCRIPTOMIC|cDNA	smart-seq2
PRJNA606034	22	22	22	1	True	1	0	0.0	False			RNA-Seq|TRANSCRIPTOMIC|cDNA	MARS-seq
PRJNA625154	22	48	48	4	False	1	0	0.0	False			RNA-Seq|TRANSCRIPTOMIC|other	smart-seq2
PRJNA981547	22	22	88	4	False	1	0	0.0	False			RNA-Seq|TRANSCRIPTOMIC|cDNA	smartseq2
PRJEB72364	21	21	21	1	True	2	0	0.0	False			RNA-Seq|TRANSCRIPTOMIC|Oligo-dT;WGS|GENOMIC|RANDOM	SMART-Seq v4
PRJNA1256512	21	4672	4672	742	False	2	0	0.0	False			AMPLICON|TRANSCRIPTOMIC SINGLE CELL|RACE;AMPLICON|TRANSCRIPTOMIC|PCR	384-well
PRJNA339266	21	21	76	11	False	1	0	0.0	False			RNA-Seq|TRANSCRIPTOMIC|cDNA	CEL-seq2;CEL-seq
PRJNA379617	21	21	21	1	True	1	0	0.0	False			ChIP-Seq|GENOMIC|ChIP	96-well
PRJNA503184	21	21	81	4	False	1	0	0.0	False			RNA-Seq|TRANSCRIPTOMIC|cDNA	CEL-seq2
PRJNA547817	21	21	21	1	True	1	6	0.286	False		3.5	RNA-Seq|TRANSCRIPTOMIC|Oligo-dT	Fluidigm C1
PRJNA577574	21	21	21	1	True	1	0	0.0	False			RNA-Seq|TRANSCRIPTOMIC|cDNA	MARS-seq
PRJNA665530	21	21	21	1	True	1	0	0.0	False			RNA-Seq|TRANSCRIPTOMIC|cDNA	smart-seq2
PRJNA690226	21	21	21	1	True	1	0	0.0	False			RNA-Seq|TRANSCRIPTOMIC|cDNA	SMART-Seq v4
PRJNA781284	21	21	21	1	True	1	0	0.0	False			RNA-Seq|TRANSCRIPTOMIC|cDNA	smart-seq2
PRJNA961718	21	21	21	1	True	1	0	0.0	False			RNA-Seq|TRANSCRIPTOMIC|cDNA	CEL-seq
PRJEB38976	20	20	40	2	False	1	0	0.0	False			RNA-Seq|TRANSCRIPTOMIC|Oligo-dT	smartseq2
PRJNA1040834	20	20	20	1	True	1	0	0.0	False			RNA-Seq|TRANSCRIPTOMIC|cDNA	96-well
PRJNA1047137	20	20	20	1	True	1	0	0.0	False			RNA-Seq|TRANSCRIPTOMIC|cDNA	SMART-Seq v4
PRJNA1057237	20	20	20	1	True	1	0	0.0	False			RNA-Seq|TRANSCRIPTOMIC|cDNA	96-well
PRJNA1079364	20	20	34	8	False	2	0	0.0	False			RNA-Seq|OTHER|cDNA;RNA-Seq|TRANSCRIPTOMIC|cDNA	smart-seq2
PRJNA1195594	20	20	80	4	False	1	0	0.0	False			RNA-Seq|TRANSCRIPTOMIC|cDNA	smartseq2
PRJNA1208207	20	20	20	1	True	1	0	0.0	False			RNA-Seq|TRANSCRIPTOMIC SINGLE CELL|PolyA	smart-seq2
PRJNA1213145	20	20	20	1	True	1	0	0.0	False			RNA-Seq|TRANSCRIPTOMIC|cDNA	smart-seq2
PRJNA1259376	20	20	20	1	True	1	0	0.0	False			RNA-Seq|TRANSCRIPTOMIC|cDNA	96-well
PRJNA1281655	20	20	20	1	True	1	2	0.6	False		10.0	RNA-Seq|TRANSCRIPTOMIC|cDNA	96-well
PRJNA1463063	20	20	20	1	True	1	0	0.0	False			RNA-Seq|TRANSCRIPTOMIC|cDNA	SMART-Seq v4
PRJNA1463648	20	20	4722	474	False	1	2	0.809	False		10.0	RNA-Seq|TRANSCRIPTOMIC SINGLE CELL|cDNA	smart-seq2;96-well
PRJNA348729	20	20	20	1	True	1	0	0.0	False			RNA-Seq|TRANSCRIPTOMIC|cDNA	Fluidigm C1
PRJNA379623	20	20	20	1	True	1	0	0.0	False			RNA-Seq|TRANSCRIPTOMIC|cDNA	96-well
PRJNA400367	20	20	20	1	True	1	0	0.0	False			RNA-Seq|TRANSCRIPTOMIC|cDNA	STRT-seq
PRJNA472610	20	20	20	1	True	1	1	0.5	False		20.0	RNA-Seq|TRANSCRIPTOMIC|cDNA	smart-seq2
PRJNA475243	20	20	20	1	True	1	0	0.0	False			RNA-Seq|TRANSCRIPTOMIC|cDNA	96-well
PRJNA501791	20	20	80	4	False	1	0	0.0	False			RNA-Seq|TRANSCRIPTOMIC|cDNA	Fluidigm C1
PRJNA540932	20	20	20	1	True	1	0	0.0	False			RNA-Seq|TRANSCRIPTOMIC|cDNA	smartseq2
PRJNA541162	20	20	20	1	True	1	0	0.0	False			RNA-Seq|TRANSCRIPTOMIC|cDNA	smart-seq2
PRJNA545703	20	20	20	1	True	1	0	0.0	False			RNA-Seq|TRANSCRIPTOMIC|cDNA	SMART-Seq v4
PRJNA662073	20	20	20	1	True	1	0	0.0	False			RNA-Seq|TRANSCRIPTOMIC|cDNA	96-well
PRJNA674526	20	20	20	1	True	1	5	1.0	False		4.0	RNA-Seq|TRANSCRIPTOMIC|cDNA	CEL-seq2
PRJNA713900	20	20	20	1	True	1	0	0.0	False			RNA-Seq|TRANSCRIPTOMIC|PCR	smart-seq2
PRJNA764668	20	20	20	1	True	1	1	0.15	False		20.0	ATAC-seq|GENOMIC|other	96-well
PRJNA766073	20	20	44	3	False	1	0	0.0	False			RNA-Seq|TRANSCRIPTOMIC|cDNA	SMART-Seq v4
PRJNA779979	20	20	20	1	True	1	8	0.9	False		2.5	RNA-Seq|TRANSCRIPTOMIC|cDNA	plate-based single cell
PRJNA844981	20	20	20	1	True	1	1	1.0	False		20.0	RNA-Seq|TRANSCRIPTOMIC|cDNA	96-well
PRJDB14125	19	19	19	1	True	1	0	0.0	False			RNA-Seq|TRANSCRIPTOMIC|Oligo-dT	CEL-seq2
PRJEB1426	19	19	19	1	True	1	0	0.0	False			AMPLICON|METAGENOMIC|RANDOM	96-well
PRJNA1023244	19	19	76	4	False	2	0	0.0	False			OTHER|OTHER|other;RNA-Seq|TRANSCRIPTOMIC SINGLE CELL|cDNA	smartseq2;384-well
PRJNA1032854	19	19	19	1	True	1	0	0.0	False			RNA-Seq|TRANSCRIPTOMIC|cDNA	smart-seq2
PRJNA1078767	19	19	19	1	True	1	0	0.0	False			RNA-Seq|TRANSCRIPTOMIC|cDNA	smart-seq2
PRJNA1163366	19	19	25	2	False	1	0	0.0	False			RNA-Seq|TRANSCRIPTOMIC|cDNA	SMART-Seq v4
PRJNA411877	19	19	19	1	True	1	0	0.0	False			RNA-Seq|TRANSCRIPTOMIC|cDNA	smart-seq2;96-well
PRJNA471531	19	19	19	1	True	1	0	0.0	False			AMPLICON|GENOMIC|PCR	96-well
PRJNA528079	19	19	19	1	True	1	1	0.632	False		19.0	RNA-Seq|TRANSCRIPTOMIC|cDNA	MARS-seq
PRJNA692177	19	19	19	1	True	1	11	1.0	False		1.73	RNA-Seq|TRANSCRIPTOMIC|PCR	smart-seq2
PRJNA973716	19	19	19	1	True	1	2	1.0	False		9.5	RNA-Seq|TRANSCRIPTOMIC SINGLE CELL|cDNA	smart-seq2;smartseq2
PRJNA981091	19	19	25	3	False	1	0	0.0	False			RNA-Seq|TRANSCRIPTOMIC|cDNA	smart-seq2
PRJNA981103	19	19	19	1	True	1	0	0.0	False			RNA-Seq|TRANSCRIPTOMIC|cDNA	smartseq2
PRJDB14229	18	18	18	1	True	2	0	0.0	False			RNA-Seq|TRANSCRIPTOMIC|cDNA_oligo_dT;RNA-Seq|TRANSCRIPTOMIC|cDNA_randomPriming	SMART-Seq v4
PRJDB14851	18	18	18	1	True	1	0	0.0	False			RNA-Seq|TRANSCRIPTOMIC|cDNA_randomPriming	SMART-Seq v4
PRJEB49230	18	36	42	4	False	1	0	0.0	False			RNA-Seq|TRANSCRIPTOMIC SINGLE CELL|cDNA	smart-seq2
PRJNA1015239	18	18	18	1	True	1	0	0.0	False			RNA-Seq|TRANSCRIPTOMIC|cDNA	smart-seq2
PRJNA1016263	18	18	18	1	True	1	0	0.0	False			RNA-Seq|TRANSCRIPTOMIC SINGLE CELL|cDNA	smart-seq2
PRJNA1089109	18	52	52	3	False	1	0	0.0	False			OTHER|GENOMIC|Restriction Digest	96-well
PRJNA1106511	18	18	18	1	True	1	0	0.0	False			RNA-Seq|TRANSCRIPTOMIC|cDNA	smartseq2
PRJNA1164311	18	18	72	4	False	1	0	0.0	False			RNA-Seq|TRANSCRIPTOMIC SINGLE CELL|cDNA	CEL-seq2
PRJNA1198993	18	18	18	1	True	1	0	0.0	False			RNA-Seq|TRANSCRIPTOMIC|cDNA	96-well
PRJNA1210537	18	18	30	2	False	2	0	0.0	False			RNA-Seq|TRANSCRIPTOMIC|cDNA;miRNA-Seq|TRANSCRIPTOMIC|size fractionation	MARS-seq
PRJNA1307443	18	18	18	1	True	1	0	0.0	False			RNA-Seq|TRANSCRIPTOMIC|cDNA	96-well
PRJNA1431984	18	18	18	1	True	1	0	0.0	False			RNA-Seq|TRANSCRIPTOMIC|cDNA	smart-seq2
PRJNA320424	18	18	18	1	True	1	0	0.0	False			RNA-Seq|TRANSCRIPTOMIC|cDNA	CEL-seq
PRJNA415690	18	18	18	1	True	1	6	1.0	False		3.0	RNA-Seq|TRANSCRIPTOMIC|cDNA	SMART-Seq v4;96-well
PRJNA418135	18	18	18	1	True	1	0	0.0	False			RNA-Seq|TRANSCRIPTOMIC|cDNA	MARS-seq
PRJNA485187	18	18	18	1	True	1	1	0.444	False		18.0	RNA-Seq|TRANSCRIPTOMIC|cDNA	SMART-Seq v4
PRJNA522750	18	18	18	1	True	1	0	0.0	False			RNA-Seq|TRANSCRIPTOMIC|cDNA	SMART-Seq v4
PRJNA530686	18	18	18	1	True	1	0	0.0	False			RNA-Seq|TRANSCRIPTOMIC|cDNA	smart-seq2
PRJNA564582	18	18	18	1	True	1	0	0.0	False			RNA-Seq|TRANSCRIPTOMIC|cDNA	smart-seq2
PRJNA598644	18	18	18	1	True	1	0	0.0	False			RNA-Seq|TRANSCRIPTOMIC|cDNA	SMART-Seq v4
PRJNA607723	18	18	18	1	True	1	0	0.0	False			RNA-Seq|TRANSCRIPTOMIC|cDNA	smart-seq2
PRJNA629294	18	18	915	382	False	4	0	0.0	False			OTHER|GENOMIC|other;OTHER|OTHER|other;OTHER|TRANSCRIPTOMIC|other;RNA-Seq|TRANSCRIPTOMIC|cDNA	smart-seq2
PRJNA637375	18	18	18	1	True	1	0	0.0	False			RNA-Seq|TRANSCRIPTOMIC|cDNA	CEL-seq2
PRJNA694917	18	18	18	1	True	1	0	0.0	False			RNA-Seq|TRANSCRIPTOMIC|cDNA	MARS-seq
PRJNA720090	18	18	18	1	True	1	0	0.0	False			ATAC-seq|GENOMIC|other	96-well
PRJNA732136	18	18	18	1	True	1	0	0.0	False			RNA-Seq|TRANSCRIPTOMIC|Oligo-dT	96-well
PRJNA740057	18	18	18	1	True	2	0	0.0	False			RIP-Seq|TRANSCRIPTOMIC|other;RNA-Seq|TRANSCRIPTOMIC|cDNA	SMART-Seq v4
PRJNA745211	18	18	18	1	True	1	7	0.389	False		2.57	RNA-Seq|TRANSCRIPTOMIC|cDNA	Fluidigm C1
PRJNA824310	18	18	18	1	True	1	18	1.0	False		1.0	RNA-Seq|TRANSCRIPTOMIC SINGLE CELL|cDNA	SCRB-seq
PRJNA892141	18	18	18	1	True	1	0	0.0	False			RNA-Seq|TRANSCRIPTOMIC SINGLE CELL|cDNA	384-well
PRJNA1004181	17	17	384	33	False	1	8	0.513	False		2.12	RNA-Seq|TRANSCRIPTOMIC SINGLE CELL|cDNA	plate-based single cell
PRJNA1045813	17	17	17	1	True	1	0	0.0	False			RNA-Seq|TRANSCRIPTOMIC|Oligo-dT	smart-seq2
PRJNA1075765	17	17	34	2	False	1	0	0.0	False			RNA-Seq|TRANSCRIPTOMIC SINGLE CELL|cDNA	96-well
PRJNA1127628	17	17	1508	95	False	1	0	0.0	False			RNA-Seq|TRANSCRIPTOMIC SINGLE CELL|cDNA	96-well
PRJNA1130428	17	17	68	4	False	1	0	0.0	False			RNA-Seq|TRANSCRIPTOMIC SINGLE CELL|cDNA	384-well
PRJNA1167327	17	17	17	1	True	1	1	0.353	False		17.0	RNA-Seq|TRANSCRIPTOMIC|cDNA	smart-seq2
PRJNA1214839	17	17	1632	96	False	1	0	0.0	False			RNA-Seq|TRANSCRIPTOMIC SINGLE CELL|cDNA	96-well
PRJNA1225269	17	17	17	1	True	1	0	0.0	False			RNA-Seq|TRANSCRIPTOMIC|cDNA	smart-seq2
PRJNA1367108	17	17	17	1	True	1	0	0.0	False			RNA-Seq|TRANSCRIPTOMIC|cDNA	smart-seq2
PRJNA1401784	17	17	17	1	True	1	0	0.0	False			RNA-Seq|TRANSCRIPTOMIC|cDNA	SMART-Seq v4
PRJNA523219	17	17	17	1	True	1	0	0.0	False			RNA-Seq|TRANSCRIPTOMIC|cDNA	smart-seq2
PRJNA589858	17	17	3054	432	False	1	0	0.0	False			RNA-Seq|TRANSCRIPTOMIC|cDNA	smart-seq2
PRJNA688471	17	17	17	1	True	1	0	0.0	False			RNA-Seq|TRANSCRIPTOMIC|cDNA	smart-seq2
PRJNA915084	17	17	17	1	True	1	0	0.0	False			RNA-Seq|TRANSCRIPTOMIC|cDNA	MARS-seq
PRJNA1007671	16	16	16	1	True	1	0	0.0	False			RNA-Seq|TRANSCRIPTOMIC|cDNA	CEL-seq
PRJNA1018885	16	16	16	1	True	1	0	0.0	False			RNA-Seq|TRANSCRIPTOMIC|cDNA	smart-seq2
PRJNA1027271	16	16	16	1	True	1	3	0.562	False		5.33	RNA-Seq|TRANSCRIPTOMIC|cDNA	96-well
PRJNA1145435	16	16	16	1	True	1	5	1.0	False		3.2	RNA-Seq|TRANSCRIPTOMIC|cDNA	smartseq2;384-well
PRJNA1148409	16	16	16	1	True	1	0	0.0	False			RIP-Seq|TRANSCRIPTOMIC|other	smart-seq3
PRJNA1162246	16	16	16	1	True	1	0	0.0	False			RNA-Seq|TRANSCRIPTOMIC|cDNA	CEL-seq2
PRJNA1167203	16	16	16	1	True	1	0	0.0	False			RNA-Seq|TRANSCRIPTOMIC|cDNA	96-well
PRJNA1271960	16	16	16	1	True	2	0	0.0	False			OTHER|TRANSCRIPTOMIC|other;RNA-Seq|TRANSCRIPTOMIC|cDNA	smart-seq2
PRJNA1298247	16	16	20	2	False	2	0	0.0	False			ChIP-Seq|GENOMIC|ChIP;OTHER|GENOMIC|other	smart-seq3
PRJNA1394668	16	16	16	1	True	1	0	0.0	False			RNA-Seq|TRANSCRIPTOMIC|cDNA	CEL-seq2
PRJNA1399077	16	16	16	1	True	1	0	0.0	False			RNA-Seq|TRANSCRIPTOMIC|cDNA	smart-seq2
PRJNA237439	16	16	16	1	True	1	0	0.0	False			RNA-Seq|TRANSCRIPTOMIC|cDNA	CEL-seq
PRJNA475522	16	16	16	1	True	1	4	1.0	False		4.0	OTHER|TRANSCRIPTOMIC|other	CEL-seq
PRJNA521308	16	16	32	2	False	1	0	0.0	False			RNA-Seq|TRANSCRIPTOMIC|cDNA	smartseq2
PRJNA528080	16	16	16	1	True	1	0	0.0	False			RNA-Seq|TRANSCRIPTOMIC|cDNA	MARS-seq
PRJNA556687	16	16	18	2	False	1	0	0.0	False			RNA-Seq|TRANSCRIPTOMIC|cDNA	96-well
PRJNA590511	16	16	64	4	False	1	0	0.0	False			RNA-Seq|TRANSCRIPTOMIC|cDNA	SMART-Seq v4
PRJNA633169	16	16	16	1	True	1	0	0.0	False			RNA-Seq|TRANSCRIPTOMIC|cDNA	smart-seq2
PRJNA686095	16	16	16	1	True	1	0	0.0	False			RNA-Seq|TRANSCRIPTOMIC|cDNA	MARS-seq
PRJNA687546	16	16	16	1	True	1	16	1.0	False		1.0	RNA-Seq|TRANSCRIPTOMIC|cDNA	smartseq2;384-well
PRJNA704712	16	16	16	1	True	3	0	0.0	False			OTHER|TRANSCRIPTOMIC|other;RNA-Seq|TRANSCRIPTOMIC|cDNA;miRNA-Seq|TRANSCRIPTOMIC|size fractionation	smart-seq2
PRJNA733657	16	16	16	1	True	1	1	0.438	False		16.0	RNA-Seq|TRANSCRIPTOMIC|cDNA	384-well
PRJNA800267	16	16	16	1	True	1	16	1.0	False		1.0	RNA-Seq|TRANSCRIPTOMIC|cDNA	CEL-seq2;CEL-seq
PRJNA897868	16	16	64	4	False	1	0	0.0	False			RNA-Seq|TRANSCRIPTOMIC|cDNA	MARS-seq
PRJNA945828	16	16	16	1	True	1	0	0.0	False			RNA-Seq|TRANSCRIPTOMIC SINGLE CELL|cDNA	384-well
PRJNA952194	16	16	16	1	True	1	0	0.0	False			RNA-Seq|TRANSCRIPTOMIC SINGLE CELL|cDNA	MARS-seq
PRJNA976410	16	73	73	5	False	1	0	0.0	False			RNA-Seq|TRANSCRIPTOMIC|Oligo-dT	smart-seq2
PRJNA982758	16	16	16	1	True	1	3	1.0	False		5.33	RNA-Seq|TRANSCRIPTOMIC SINGLE CELL|cDNA	smart-seq2
PRJEB45216	15	15	15	1	True	1	0	0.0	False			RNA-Seq|TRANSCRIPTOMIC|unspecified	96-well
PRJEB51155	15	15	15	1	True	1	0	0.0	False			RNA-Seq|TRANSCRIPTOMIC SINGLE CELL|PolyA	smart-seq3;384-well
PRJNA1021170	15	15	60	4	False	1	0	0.0	False			RNA-Seq|TRANSCRIPTOMIC SINGLE CELL|cDNA	CEL-seq2;384-well
PRJNA1057835	15	15	15	1	True	1	0	0.0	False			RNA-Seq|TRANSCRIPTOMIC|cDNA	SMART-Seq v4
PRJNA1082625	15	15	7690	897	False	1	0	0.0	False			RNA-Seq|TRANSCRIPTOMIC SINGLE CELL|cDNA	smartseq2
PRJNA1417732	15	15	15	1	True	1	0	0.0	False			RNA-Seq|TRANSCRIPTOMIC|PCR	96-well
PRJNA342487	15	15	15	1	True	1	0	0.0	False			RNA-Seq|TRANSCRIPTOMIC|cDNA	smart-seq2
PRJNA434669	15	15	15	1	True	1	15	1.0	False		1.0	RNA-Seq|TRANSCRIPTOMIC|cDNA	96-well
PRJNA531889	15	15	42	4	False	1	0	0.0	False			RNA-Seq|TRANSCRIPTOMIC|cDNA	384-well
PRJNA551749	15	15	15	1	True	1	0	0.0	False			RNA-Seq|TRANSCRIPTOMIC|cDNA	CEL-seq2
PRJNA635288	15	15	15	1	True	1	0	0.0	False			RNA-Seq|TRANSCRIPTOMIC|cDNA	96-well
PRJNA685158	15	15	15	1	True	1	0	0.0	False			RNA-Seq|TRANSCRIPTOMIC|cDNA	MARS-seq
PRJNA774638	15	15	15	1	True	1	0	0.0	False			RNA-Seq|TRANSCRIPTOMIC|cDNA	96-well
PRJNA814714	15	15	15	1	True	1	0	0.0	False			RNA-Seq|TRANSCRIPTOMIC|cDNA	96-well
PRJNA904362	15	15	15	1	True	1	0	0.0	False			RNA-Seq|TRANSCRIPTOMIC|cDNA	smart-seq2
PRJNA906634	15	15	15	1	True	1	0	0.0	False			RNA-Seq|TRANSCRIPTOMIC|cDNA	96-well
PRJNA910224	15	15	15	1	True	1	0	0.0	False			RNA-Seq|TRANSCRIPTOMIC|cDNA	smartseq2
PRJNA947628	15	15	15	1	True	1	0	0.0	False			RNA-Seq|TRANSCRIPTOMIC|cDNA	96-well
PRJNA971229	15	15	15	1	True	1	0	0.0	False			RNA-Seq|TRANSCRIPTOMIC|cDNA	96-well
PRJNA997973	15	15	15	1	True	1	0	0.0	False			RNA-Seq|TRANSCRIPTOMIC|cDNA	MARS-seq
PRJDB14127	14	14	14	1	True	1	0	0.0	False			RNA-Seq|TRANSCRIPTOMIC|Oligo-dT	CEL-seq2
PRJDB37526	14	14	14	1	True	1	0	0.0	False			RNA-Seq|TRANSCRIPTOMIC|PolyA	SMART-Seq v4
PRJEB38979	14	14	448	32	False	1	0	0.0	False			RNA-Seq|TRANSCRIPTOMIC SINGLE CELL|Oligo-dT	smartseq2
PRJNA1011904	14	14	14	1	True	1	0	0.0	False			RNA-Seq|TRANSCRIPTOMIC|cDNA	MARS-seq
PRJNA1034093	14	14	14	1	True	1	0	0.0	False			RNA-Seq|TRANSCRIPTOMIC|Oligo-dT	smart-seq2
PRJNA1215267	14	14	14	1	True	1	0	0.0	False			RNA-Seq|TRANSCRIPTOMIC|cDNA	96-well
PRJNA1232618	14	14	14	1	True	1	0	0.0	False			RNA-Seq|TRANSCRIPTOMIC|cDNA	96-well
PRJNA1241693	14	14	14	1	True	1	0	0.0	False			RNA-Seq|TRANSCRIPTOMIC|cDNA	SMART-Seq v4
PRJNA1293954	14	14	14	1	True	1	0	0.0	False			RNA-Seq|TRANSCRIPTOMIC SINGLE CELL|cDNA	smart-seq2
PRJNA358229	14	14	14	1	True	1	0	0.0	False			RNA-Seq|TRANSCRIPTOMIC|cDNA	Fluidigm C1
PRJNA522451	14	14	14	1	True	1	0	0.0	False			RNA-Seq|TRANSCRIPTOMIC|cDNA	CEL-seq2
PRJNA558241	14	14	14	1	True	3	0	0.0	False			ATAC-seq|GENOMIC|other;ChIP-Seq|GENOMIC|ChIP;RNA-Seq|TRANSCRIPTOMIC|cDNA	MARS-seq
PRJNA627921	14	14	15	2	False	1	0	0.0	False			RNA-Seq|TRANSCRIPTOMIC|cDNA	96-well
PRJNA706505	14	14	32	4	False	2	0	0.0	False			ATAC-seq|GENOMIC|other;RNA-Seq|TRANSCRIPTOMIC|cDNA	CEL-seq2
PRJNA759793	14	14	14	1	True	1	0	0.0	False			RNA-Seq|TRANSCRIPTOMIC|cDNA	smart-seq2
PRJNA806963	14	14	14	1	True	1	0	0.0	False			RNA-Seq|TRANSCRIPTOMIC|cDNA	96-well
PRJNA814700	14	14	14	1	True	1	0	0.0	False			RNA-Seq|TRANSCRIPTOMIC|cDNA	96-well
PRJNA926695	14	14	14	1	True	1	0	0.0	False			RNA-Seq|TRANSCRIPTOMIC|cDNA	smartseq2
PRJNA938457	14	14	14	1	True	1	0	0.0	False			RNA-Seq|TRANSCRIPTOMIC|cDNA	smart-seq2
PRJNA961715	14	14	14	1	True	1	0	0.0	False			RNA-Seq|TRANSCRIPTOMIC|cDNA	96-well
PRJDB19215	13	13	13	1	True	2	0	0.0	False			RNA-Seq|TRANSCRIPTOMIC|cDNA;ssRNA-seq|TRANSCRIPTOMIC SINGLE CELL|cDNA	plate-based single cell
PRJNA1065472	13	13	33	5	False	1	0	0.0	False			RNA-Seq|TRANSCRIPTOMIC SINGLE CELL|cDNA	96-well
PRJNA1078408	13	13	13	1	True	2	0	0.0	False			RNA-Seq|TRANSCRIPTOMIC SINGLE CELL|cDNA;RNA-Seq|TRANSCRIPTOMIC|cDNA	STRT-seq
PRJNA1128099	13	13	13	1	True	1	0	0.0	False			OTHER|TRANSCRIPTOMIC|other	96-well
PRJNA1128100	13	13	13	1	True	1	0	0.0	False			OTHER|TRANSCRIPTOMIC|other	96-well
PRJNA1128102	13	13	13	1	True	1	0	0.0	False			OTHER|TRANSCRIPTOMIC|other	96-well
PRJNA1149484	13	13	13	1	True	1	13	1.0	False		1.0	OTHER|TRANSCRIPTOMIC|other	96-well
PRJNA1312485	13	13	54	5	False	1	3	0.556	False		4.33	RNA-Seq|TRANSCRIPTOMIC SINGLE CELL|cDNA	plate-based single cell
PRJNA1478018	13	13	13	1	True	2	0	0.0	False			OTHER|OTHER|other;RNA-Seq|TRANSCRIPTOMIC|cDNA	96-well
PRJNA391356	13	13	13	1	True	1	0	0.0	False			RNA-Seq|TRANSCRIPTOMIC|cDNA	smart-seq2
PRJNA413788	13	13	13	1	True	1	0	0.0	False			RNA-Seq|TRANSCRIPTOMIC|cDNA	96-well
PRJNA433736	13	13	13	1	True	1	0	0.0	False			RNA-Seq|TRANSCRIPTOMIC|Oligo-dT	smartseq2
PRJNA434723	13	13	13	1	True	1	0	0.0	False			RNA-Seq|TRANSCRIPTOMIC|cDNA	smart-seq2
PRJNA543486	13	13	44	4	False	1	0	0.0	False			RNA-Seq|TRANSCRIPTOMIC|cDNA	SMART-Seq v4
PRJNA681214	13	13	13	1	True	1	2	0.462	False		6.5	RNA-Seq|TRANSCRIPTOMIC|cDNA	96-well
PRJDB13962	12	12	12	1	True	1	0	0.0	False			RNA-Seq|TRANSCRIPTOMIC|Oligo-dT	96-well
PRJEB26655	12	12	12	1	True	1	0	0.0	False			RNA-Seq|TRANSCRIPTOMIC|RANDOM PCR	smart-seq2
PRJEB27652	12	12	12	1	True	1	0	0.0	False			ssRNA-seq|TRANSCRIPTOMIC|Oligo-dT	SCRB-seq
PRJEB27929	12	12	12	1	True	1	0	0.0	False			RNA-Seq|TRANSCRIPTOMIC|PolyA	96-well
PRJEB47216	12	12	12	1	True	1	0	0.0	False			RNA-Seq|TRANSCRIPTOMIC|unspecified	96-well
PRJEB56452	12	12	12	1	True	1	0	0.0	False			AMPLICON|TRANSCRIPTOMIC|Hybrid Selection	96-well
PRJEB56458	12	12	12	1	True	1	0	0.0	False			AMPLICON|TRANSCRIPTOMIC|Hybrid Selection	96-well
PRJEB60780	12	12	12	1	True	1	0	0.0	False			RNA-Seq|GENOMIC|RANDOM	SMART-Seq v4
PRJNA1079810	12	12	12	1	True	1	0	0.0	False			RNA-Seq|TRANSCRIPTOMIC|cDNA	96-well
PRJNA1079833	12	12	12	1	True	1	4	1.0	False		3.0	RNA-Seq|TRANSCRIPTOMIC|cDNA	SMART-Seq v4
PRJNA1081450	12	12	12	1	True	1	0	0.0	False			RNA-Seq|TRANSCRIPTOMIC|cDNA	96-well
PRJNA1103978	12	12	12	1	True	1	0	0.0	False			RNA-Seq|TRANSCRIPTOMIC|cDNA	96-well
PRJNA1108704	12	12	12	1	True	1	0	0.0	False			RNA-Seq|TRANSCRIPTOMIC|cDNA	96-well
PRJNA1156686	12	12	12	1	True	1	0	0.0	False			RNA-Seq|TRANSCRIPTOMIC|cDNA	smart-seq2
PRJNA1171379	12	12	12	1	True	1	0	0.0	False			RNA-Seq|TRANSCRIPTOMIC|cDNA	96-well
PRJNA1174128	12	12	1155	100	False	1	0	0.0	False			RNA-Seq|TRANSCRIPTOMIC SINGLE CELL|cDNA	smart-seq2;plate-based single cell
PRJNA1177458	12	12	41	6	False	1	0	0.0	False			OTHER|TRANSCRIPTOMIC|other	384-well
PRJNA1198032	12	12	12	1	True	1	1	1.0	False		12.0	RNA-Seq|TRANSCRIPTOMIC|cDNA	96-well
PRJNA1213800	12	12	12	1	True	1	0	0.0	False			OTHER|GENOMIC|other	384-well
PRJNA1219053	12	12	12	1	True	1	0	0.0	False			RNA-Seq|TRANSCRIPTOMIC|cDNA	smart-seq2
PRJNA1229872	12	12	246	53	False	1	0	0.0	False			RNA-Seq|TRANSCRIPTOMIC SINGLE CELL|cDNA	smartseq2;plate-based single cell
PRJNA1249419	12	12	12	1	True	1	0	0.0	False			RNA-Seq|TRANSCRIPTOMIC|cDNA	smart-seq2
PRJNA1262450	12	12	12	1	True	1	0	0.0	False			RNA-Seq|TRANSCRIPTOMIC|cDNA	96-well
PRJNA1292167	12	12	12	1	True	1	0	0.0	False			RNA-Seq|TRANSCRIPTOMIC|cDNA	384-well
PRJNA1307450	12	12	12	1	True	1	0	0.0	False			RNA-Seq|TRANSCRIPTOMIC|cDNA	SMART-Seq v4
PRJNA1309652	12	12	12	1	True	1	0	0.0	False			RNA-Seq|TRANSCRIPTOMIC|cDNA	96-well
PRJNA1332723	12	12	12	1	True	1	0	0.0	False			RNA-Seq|TRANSCRIPTOMIC|cDNA	96-well
PRJNA1373139	12	12	12	1	True	1	0	0.0	False			RNA-Seq|TRANSCRIPTOMIC|cDNA	96-well
PRJNA1394626	12	12	12	1	True	1	0	0.0	False			RNA-Seq|TRANSCRIPTOMIC|cDNA	smart-seq2
PRJNA1403081	12	12	12	1	True	1	0	0.0	False			RNA-Seq|GENOMIC|cDNA	smart-seq2
PRJNA1462264	12	12	12	1	True	1	0	0.0	False			RNA-Seq|TRANSCRIPTOMIC|cDNA	MARS-seq
PRJNA1481383	12	12	12	1	True	1	0	0.0	False			RNA-Seq|TRANSCRIPTOMIC SINGLE CELL|Oligo-dT	smart-seq2
PRJNA276588	12	12	12	1	True	1	0	0.0	False			RNA-Seq|TRANSCRIPTOMIC|cDNA	smart-seq2
PRJNA314144	12	12	12	1	True	1	0	0.0	False			RNA-Seq|TRANSCRIPTOMIC|cDNA	384-well
PRJNA343019	12	12	12	1	True	1	0	0.0	False			RNA-Seq|TRANSCRIPTOMIC|cDNA	CEL-seq2
PRJNA389273	12	12	36	3	False	1	0	0.0	False			RNA-Seq|TRANSCRIPTOMIC|cDNA	smart-seq2
PRJNA393430	12	12	12	1	True	1	0	0.0	False			RNA-Seq|TRANSCRIPTOMIC|cDNA	smart-seq2
PRJNA412033	12	12	12	1	True	1	0	0.0	False			RNA-Seq|TRANSCRIPTOMIC|cDNA	MARS-seq
PRJNA421090	12	12	48	4	False	1	0	0.0	False			RNA-Seq|TRANSCRIPTOMIC|cDNA	96-well
PRJNA471003	12	12	12	1	True	1	0	0.0	False			RNA-Seq|TRANSCRIPTOMIC|cDNA	smart-seq2
PRJNA505540	12	12	96	8	False	1	0	0.0	False			RNA-Seq|TRANSCRIPTOMIC|cDNA	96-well
PRJNA505837	12	12	24	2	False	1	0	0.0	False			RNA-Seq|TRANSCRIPTOMIC|cDNA	SMART-Seq v4
PRJNA506282	12	12	48	4	False	1	0	0.0	False			RNA-Seq|TRANSCRIPTOMIC|cDNA	CEL-seq2;96-well
PRJNA512286	12	12	12	1	True	1	0	0.0	False			RNA-Seq|TRANSCRIPTOMIC|cDNA	MARS-seq
PRJNA528896	12	12	12	1	True	1	0	0.0	False			OTHER|GENOMIC|other	smart-seq2;Fluidigm C1
PRJNA528897	12	12	12	1	True	1	0	0.0	False			RNA-Seq|TRANSCRIPTOMIC|cDNA	smart-seq2;Fluidigm C1
PRJNA531459	12	12	12	1	True	1	0	0.0	False			RNA-Seq|TRANSCRIPTOMIC|cDNA	SMART-Seq v4
PRJNA551753	12	12	12	1	True	1	0	0.0	False			RNA-Seq|TRANSCRIPTOMIC|cDNA	MARS-seq
PRJNA560687	12	12	12	1	True	1	0	0.0	False			RNA-Seq|TRANSCRIPTOMIC|cDNA	96-well
PRJNA590239	12	12	12	1	True	1	0	0.0	False			RNA-Seq|TRANSCRIPTOMIC|cDNA	smart-seq2
PRJNA640383	12	12	12	1	True	1	0	0.0	False			RNA-Seq|TRANSCRIPTOMIC|cDNA	smartseq2
PRJNA645588	12	12	12	1	True	1	0	0.0	False			RNA-Seq|TRANSCRIPTOMIC|cDNA	CEL-seq
PRJNA648424	12	12	12	1	True	1	0	0.0	False			RNA-Seq|TRANSCRIPTOMIC|cDNA	96-well
PRJNA648975	12	12	12	1	True	1	0	0.0	False			RNA-Seq|TRANSCRIPTOMIC|cDNA	CEL-seq2
PRJNA649247	12	12	12	1	True	1	0	0.0	False			RNA-Seq|TRANSCRIPTOMIC|cDNA	smart-seq2
PRJNA669023	12	12	12	1	True	1	0	0.0	False			RNA-Seq|TRANSCRIPTOMIC|cDNA	smart-seq2
PRJNA683061	12	12	12	1	True	1	0	0.0	False			RNA-Seq|TRANSCRIPTOMIC|cDNA	MARS-seq
PRJNA686862	12	12	12	1	True	1	12	1.0	False		1.0	RNA-Seq|TRANSCRIPTOMIC SINGLE CELL|cDNA	smart-seq2
PRJNA694705	12	12	4607	384	False	1	6	1.0	False		2.0	RNA-Seq|TRANSCRIPTOMIC|cDNA	smart-seq2
PRJNA701895	12	12	12	1	True	1	0	0.0	False			RNA-Seq|TRANSCRIPTOMIC|cDNA	MARS-seq
PRJNA702139	12	12	12	1	True	1	0	0.0	False			RNA-Seq|TRANSCRIPTOMIC|cDNA	smart-seq2
PRJNA704688	12	12	12	1	True	1	0	0.0	False			RNA-Seq|TRANSCRIPTOMIC|cDNA	MARS-seq
PRJNA706451	12	12	12	1	True	1	0	0.0	False			RNA-Seq|TRANSCRIPTOMIC|cDNA	SMART-Seq v4
PRJNA718620	12	12	12	1	True	1	0	0.0	False			RNA-Seq|TRANSCRIPTOMIC|cDNA	96-well
PRJNA721621	12	12	12	1	True	1	1	0.25	False		12.0	RNA-Seq|TRANSCRIPTOMIC|cDNA	96-well
PRJNA722288	12	12	12	1	True	1	0	0.0	False			RNA-Seq|TRANSCRIPTOMIC|cDNA	smart-seq2
PRJNA738763	12	12	12	1	True	1	0	0.0	False			RNA-Seq|TRANSCRIPTOMIC|cDNA	96-well
PRJNA793834	12	12	12	1	True	1	0	0.0	False			RNA-Seq|TRANSCRIPTOMIC|cDNA	smart-seq2
PRJNA802238	12	12	18	2	False	1	0	0.0	False			ChIP-Seq|GENOMIC|ChIP	smart-seq2
PRJNA803731	12	12	12	1	True	1	0	0.0	False			RNA-Seq|TRANSCRIPTOMIC|cDNA	SMART-Seq v4
PRJNA849932	12	12	12	1	True	1	0	0.0	False			RNA-Seq|TRANSCRIPTOMIC|cDNA	smart-seq2
PRJNA906504	12	12	12	1	True	1	0	0.0	False			RNA-Seq|TRANSCRIPTOMIC|cDNA	96-well
PRJNA986871	12	12	12	1	True	1	0	0.0	False			OTHER|TRANSCRIPTOMIC|other	96-well
PRJNA998470	12	12	12	1	True	1	0	0.0	False			OTHER|TRANSCRIPTOMIC|other	MARS-seq
PRJNA1076834	11	11	33	12	False	1	2	0.03	False		5.5	RNA-Seq|TRANSCRIPTOMIC|cDNA	CEL-seq2
PRJNA1128101	11	11	11	1	True	1	0	0.0	False			OTHER|TRANSCRIPTOMIC|other	96-well
PRJNA1141542	11	11	3261	379	False	1	0	0.0	False			RNA-Seq|TRANSCRIPTOMIC SINGLE CELL|cDNA	smart-seq2
PRJNA1144900	11	11	11	1	True	1	0	0.0	False			OTHER|TRANSCRIPTOMIC SINGLE CELL|Oligo-dT	plate-based single cell
PRJNA1190381	11	11	11	1	True	3	0	0.0	False			OTHER|TRANSCRIPTOMIC|other;RNA-Seq|TRANSCRIPTOMIC SINGLE CELL|cDNA;RNA-Seq|TRANSCRIPTOMIC|cDNA	benchmark GSE282765
PRJNA1201110	11	11	11	1	True	1	0	0.0	False			RNA-Seq|TRANSCRIPTOMIC SINGLE CELL|cDNA	smartseq2
PRJNA1241824	11	11	601	164	False	1	0	0.0	False			RNA-Seq|TRANSCRIPTOMIC SINGLE CELL|cDNA	96-well
PRJNA1248943	11	11	11	1	True	1	0	0.0	False			OTHER|GENOMIC|other	Fluidigm C1
PRJNA1281042	11	11	11	1	True	1	0	0.0	False			OTHER|OTHER|other	96-well
PRJNA1365693	11	11	11	1	True	1	0	0.0	False			RNA-Seq|TRANSCRIPTOMIC SINGLE CELL|cDNA	96-well;plate-based single cell
PRJNA305438	11	11	11	1	True	1	0	0.0	False			RNA-Seq|TRANSCRIPTOMIC|cDNA	smart-seq2
PRJNA355404	11	11	11	1	True	1	0	0.0	False			RNA-Seq|TRANSCRIPTOMIC|cDNA	plate-based single cell
PRJNA421891	11	26	26	3	False	1	0	0.0	False			AMPLICON|METAGENOMIC|PCR	96-well
PRJNA472624	11	11	11	1	True	1	0	0.0	False			RNA-Seq|TRANSCRIPTOMIC|cDNA	CEL-seq2;CEL-seq;384-well
PRJNA556572	11	11	11	1	True	1	0	0.0	False			RNA-Seq|TRANSCRIPTOMIC|RANDOM	SCRB-seq
PRJNA592008	11	11	38	5	False	1	0	0.0	False			RNA-Seq|TRANSCRIPTOMIC|cDNA	smart-seq2
PRJNA858484	11	11	11	1	True	1	0	0.0	False			RNA-Seq|TRANSCRIPTOMIC|cDNA	benchmark GSE208154
PRJNA981517	11	11	44	4	False	1	0	0.0	False			RNA-Seq|TRANSCRIPTOMIC|cDNA	smartseq2
PRJEB36367	10	10	10	1	True	1	2	0.2	False		5.0	RNA-Seq|TRANSCRIPTOMIC SINGLE CELL|RT-PCR	smart-seq2;smart-seq3;SMART-seq3 paper E-MTAB-8735
PRJEB52311	10	10	40	4	False	1	0	0.0	False			RNA-Seq|TRANSCRIPTOMIC SINGLE CELL|Oligo-dT	CEL-seq2
PRJNA1021559	10	10	30	4	False	2	0	0.0	False			RNA-Seq|OTHER|cDNA;RNA-Seq|TRANSCRIPTOMIC SINGLE CELL|cDNA	96-well
PRJNA1027298	10	10	10	1	True	1	0	0.0	False			RNA-Seq|TRANSCRIPTOMIC|cDNA	smart-seq2
PRJNA1076838	10	10	16	4	False	1	0	0.0	False			RNA-Seq|TRANSCRIPTOMIC|cDNA	CEL-seq2
PRJNA1076892	10	10	25	4	False	1	0	0.0	False			RNA-Seq|TRANSCRIPTOMIC SINGLE CELL|cDNA	384-well
PRJNA1091175	10	10	10	1	True	1	0	0.0	False			OTHER|TRANSCRIPTOMIC|other	96-well
PRJNA1114000	10	10	20	2	False	1	0	0.0	False			RNA-Seq|TRANSCRIPTOMIC SINGLE CELL|cDNA	96-well
PRJNA1114125	10	10	10	1	True	1	0	0.0	False			RNA-Seq|TRANSCRIPTOMIC|cDNA	smart-seq2
PRJNA1189556	10	10	20	2	False	1	0	0.0	False			RNA-Seq|TRANSCRIPTOMIC|cDNA	MARS-seq
PRJNA1269012	10	10	402	49	False	1	0	0.0	False			RNA-Seq|TRANSCRIPTOMIC SINGLE CELL|cDNA	Fluidigm C1
PRJNA1365753	10	10	40	7	False	2	0	0.0	False			RNA-Seq|OTHER|cDNA;RNA-Seq|TRANSCRIPTOMIC SINGLE CELL|cDNA	plate-based single cell
PRJNA1367940	10	10	10	1	True	1	0	0.0	False			RNA-Seq|TRANSCRIPTOMIC|cDNA_oligo_dT	smart-seq2
PRJNA1370029	10	10	10	1	True	1	4	0.8	False		2.5	RNA-Seq|TRANSCRIPTOMIC|cDNA	96-well
PRJNA289199	10	10	10	1	True	1	0	0.0	False			RNA-Seq|TRANSCRIPTOMIC|cDNA	CEL-seq
PRJNA380875	10	10	10	1	True	1	0	0.0	False			RNA-Seq|TRANSCRIPTOMIC|cDNA	MARS-seq;384-well
PRJNA416701	10	10	10	1	True	1	0	0.0	False			RNA-Seq|TRANSCRIPTOMIC|cDNA	384-well
PRJNA421984	10	10	24	3	False	1	0	0.0	False			RNA-Seq|TRANSCRIPTOMIC|cDNA	MARS-seq
PRJNA435744	10	10	20	3	False	2	0	0.0	False			ChIP-Seq|GENOMIC|ChIP;RNA-Seq|TRANSCRIPTOMIC|cDNA	MARS-seq
PRJNA493096	10	10	10	1	True	1	0	0.0	False			RNA-Seq|METATRANSCRIPTOMIC|RANDOM PCR	384-well
PRJNA513045	10	10	10	1	True	1	0	0.0	False			RNA-Seq|TRANSCRIPTOMIC|cDNA	96-well
PRJNA525281	10	10	10	1	True	1	0	0.0	False			RNA-Seq|TRANSCRIPTOMIC|cDNA	CEL-seq2;384-well
PRJNA545700	10	10	10	1	True	1	0	0.0	False			RNA-Seq|TRANSCRIPTOMIC|cDNA	SMART-Seq v4
PRJNA545702	10	10	10	1	True	1	0	0.0	False			RNA-Seq|TRANSCRIPTOMIC|cDNA	SMART-Seq v4
PRJNA565061	10	10	10	1	True	1	0	0.0	False			RNA-Seq|TRANSCRIPTOMIC|cDNA	smart-seq2
PRJNA604453	10	10	10	1	True	1	1	0.2	False		10.0	RNA-Seq|TRANSCRIPTOMIC|cDNA	SMART-Seq v4
PRJNA625041	10	10	10	1	True	1	0	0.0	False			RNA-Seq|TRANSCRIPTOMIC|cDNA	96-well;plate-based single cell
PRJNA679293	10	10	10	1	True	1	0	0.0	False			RNA-Seq|TRANSCRIPTOMIC|cDNA	MARS-seq
PRJNA700878	10	10	10	1	True	1	0	0.0	False			RNA-Seq|TRANSCRIPTOMIC|cDNA	CEL-seq2
PRJNA798035	10	10	10	1	True	1	0	0.0	False			RNA-Seq|TRANSCRIPTOMIC|cDNA	smart-seq2
PRJNA801660	10	10	10	1	True	1	10	1.0	False		1.0	RNA-Seq|TRANSCRIPTOMIC|cDNA	CEL-seq2;CEL-seq
PRJNA926694	10	10	10	1	True	1	0	0.0	False			RNA-Seq|TRANSCRIPTOMIC|cDNA	smartseq2
PRJNA981205	10	10	24	4	False	1	0	0.0	False			RNA-Seq|TRANSCRIPTOMIC|cDNA	smartseq2
PRJNA981542	10	10	40	4	False	1	0	0.0	False			RNA-Seq|TRANSCRIPTOMIC|cDNA	smartseq2
PRJDB14852	9	9	9	1	True	1	0	0.0	False			RNA-Seq|TRANSCRIPTOMIC|cDNA_randomPriming	SMART-Seq v4
PRJEB65366	9	411	411	108	False	2	0	0.0	False			AMPLICON|METAGENOMIC|PCR;WGS|METAGENOMIC|size fractionation	96-well
PRJEB71677	9	9	9	1	True	1	0	0.0	False			RNA-Seq|TRANSCRIPTOMIC|unspecified	smart-seq2
PRJNA1034576	9	9	9	1	True	1	0	0.0	False			RNA-Seq|TRANSCRIPTOMIC|cDNA	96-well
PRJNA1045694	9	9	9	1	True	1	0	0.0	False			RNA-Seq|TRANSCRIPTOMIC|cDNA	smart-seq2
PRJNA1062560	9	9	9	1	True	1	0	0.0	False			RNA-Seq|TRANSCRIPTOMIC|Oligo-dT	smartseq2
PRJNA1065374	9	9	17	2	False	2	0	0.0	False			ATAC-seq|GENOMIC SINGLE CELL|other;RNA-Seq|TRANSCRIPTOMIC SINGLE CELL|cDNA	smartseq3
PRJNA1082251	9	9	50	8	False	1	0	0.0	False			OTHER|GENOMIC|other	MARS-seq
PRJNA1090080	9	9	9	1	True	1	0	0.0	False			RNA-Seq|TRANSCRIPTOMIC|cDNA	smart-seq2
PRJNA1106889	9	9	9	1	True	3	0	0.0	False			OTHER|OTHER|other;RNA-Seq|TRANSCRIPTOMIC SINGLE CELL|cDNA;RNA-Seq|TRANSCRIPTOMIC|cDNA	smart-seq2
PRJNA1108176	9	9	9	1	True	1	0	0.0	False			OTHER|TRANSCRIPTOMIC|other	MARS-seq
PRJNA1116748	9	9	36	4	False	1	1	0.556	False		9.0	RNA-Seq|TRANSCRIPTOMIC SINGLE CELL|cDNA	plate-based single cell
PRJNA1138668	9	9	9	1	True	1	0	0.0	False			RNA-Seq|TRANSCRIPTOMIC|cDNA	96-well
PRJNA1139674	9	9	3404	553	False	1	0	0.0	False			RNA-Seq|TRANSCRIPTOMIC SINGLE CELL|cDNA	smartseq3
PRJNA1189549	9	9	36	4	False	1	0	0.0	False			Bisulfite-Seq|GENOMIC|RANDOM	MARS-seq
PRJNA1257283	9	9	18	2	False	1	9	1.0	False		1.0	RNA-Seq|TRANSCRIPTOMIC|cDNA	96-well
PRJNA1292744	9	9	36	4	False	1	0	0.0	False			RNA-Seq|TRANSCRIPTOMIC SINGLE CELL|cDNA	384-well
PRJNA1327862	9	9	9	1	True	1	0	0.0	False			RNA-Seq|TRANSCRIPTOMIC|cDNA	SMART-Seq v4
PRJNA1380455	9	9	1235	787	False	1	0	0.0	False			RNA-Seq|TRANSCRIPTOMIC|cDNA	smart-seq2
PRJNA1423631	9	9	9	1	True	1	0	0.0	False			RNA-Seq|TRANSCRIPTOMIC|cDNA	SMART-Seq v4
PRJNA1432111	9	9	18	2	False	1	0	0.0	False			OTHER|GENOMIC|other	96-well
PRJNA325534	9	9	9	1	True	1	1	1.0	False		9.0	RNA-Seq|TRANSCRIPTOMIC|cDNA	SMART-Seq v4
PRJNA362579	9	9	9	1	True	1	0	0.0	False			RNA-Seq|TRANSCRIPTOMIC|cDNA	96-well
PRJNA453803	9	9	9	1	True	1	0	0.0	False			RNA-Seq|TRANSCRIPTOMIC|cDNA	96-well
PRJNA529373	9	9	9	1	True	1	0	0.0	False			RNA-Seq|TRANSCRIPTOMIC|cDNA	smart-seq2
PRJNA548637	9	9	9	1	True	1	0	0.0	False			RNA-Seq|TRANSCRIPTOMIC|cDNA	CEL-seq2
PRJNA587640	9	9	9	1	True	1	0	0.0	False			RNA-Seq|TRANSCRIPTOMIC|cDNA	96-well
PRJNA608864	9	9	9	1	True	1	0	0.0	False			RNA-Seq|TRANSCRIPTOMIC|cDNA	96-well
PRJNA663896	9	9	9	1	True	1	0	0.0	False			RNA-Seq|TRANSCRIPTOMIC|cDNA	CEL-seq2
PRJNA664771	9	9	9	1	True	1	0	0.0	False			RNA-Seq|TRANSCRIPTOMIC|cDNA	SMART-Seq v4
PRJNA698389	9	9	9	1	True	1	6	0.667	False		1.5	RNA-Seq|TRANSCRIPTOMIC|cDNA	smart-seq2
PRJNA751030	9	9	9	1	True	1	0	0.0	False			RNA-Seq|TRANSCRIPTOMIC|cDNA	SMART-Seq v4
PRJNA827687	9	9	9	1	True	1	0	0.0	False			RNA-Seq|TRANSCRIPTOMIC|cDNA	SMART-Seq v4
PRJNA827801	9	9	635	83	False	1	0	0.0	False			RNA-Seq|TRANSCRIPTOMIC|cDNA	Fluidigm C1
PRJNA841975	9	9	3456	384	False	1	6	1.0	False		1.5	RNA-Seq|TRANSCRIPTOMIC|cDNA	smart-seq2;smartseq2;384-well
PRJNA924327	9	9	9	1	True	1	0	0.0	False			RNA-Seq|TRANSCRIPTOMIC SINGLE CELL|cDNA	smart-seq2
PRJNA925513	9	9	9	1	True	1	0	0.0	False			RNA-Seq|TRANSCRIPTOMIC|cDNA	SMART-Seq v4
PRJNA933135	9	9	81	16	False	1	0	0.0	False			RNA-Seq|TRANSCRIPTOMIC SINGLE CELL|cDNA	384-well
PRJNA980891	9	9	9	1	True	1	6	0.667	False		1.5	RNA-Seq|TRANSCRIPTOMIC|Oligo-dT	smartseq2
PRJNA981155	9	9	36	4	False	1	0	0.0	False			RNA-Seq|TRANSCRIPTOMIC|cDNA	smartseq2
PRJNA981164	9	9	36	4	False	1	0	0.0	False			RNA-Seq|TRANSCRIPTOMIC|cDNA	smartseq2
PRJNA981201	9	9	36	4	False	1	0	0.0	False			RNA-Seq|TRANSCRIPTOMIC|cDNA	smartseq2
PRJNA981534	9	9	36	4	False	1	0	0.0	False			RNA-Seq|TRANSCRIPTOMIC|cDNA	smartseq2
PRJNA991542	9	9	9	1	True	1	0	0.0	False			RNA-Seq|TRANSCRIPTOMIC|cDNA	96-well
PRJEB104495	8	8	16	2	False	1	0	0.0	False			RNA-Seq|TRANSCRIPTOMIC|PolyA	96-well
PRJEB27451	8	8	160	20	False	1	0	0.0	False			RNA-Seq|TRANSCRIPTOMIC SINGLE CELL|RT-PCR	plate-based single cell
PRJNA1043677	8	8	32	4	False	1	0	0.0	False			RNA-Seq|TRANSCRIPTOMIC|cDNA	SMART-Seq v4
PRJNA1053298	8	8	32	4	False	1	0	0.0	False			RNA-Seq|TRANSCRIPTOMIC SINGLE CELL|cDNA	384-well
PRJNA1055145	8	8	8	1	True	1	1	1.0	False		8.0	RNA-Seq|TRANSCRIPTOMIC|cDNA	smart-seq2
PRJNA1077388	8	8	8	1	True	1	0	0.0	False			RNA-Seq|TRANSCRIPTOMIC SINGLE CELL|cDNA	smart-seq3;384-well
PRJNA1127433	8	8	8	1	True	1	0	0.0	False			RNA-Seq|TRANSCRIPTOMIC|cDNA	smart-seq3
PRJNA1127667	8	8	8	1	True	1	0	0.0	False			RNA-Seq|TRANSCRIPTOMIC|cDNA	96-well
PRJNA1129021	8	8	8	1	True	1	0	0.0	False			RNA-Seq|TRANSCRIPTOMIC SINGLE CELL|cDNA	smart-seq3
PRJNA1136974	8	8	8	1	True	1	0	0.0	False			RNA-Seq|TRANSCRIPTOMIC|cDNA	CEL-seq2
PRJNA1152922	8	8	8	1	True	1	0	0.0	False			OTHER|TRANSCRIPTOMIC|other	96-well
PRJNA1156688	8	8	8	1	True	1	0	0.0	False			RIP-Seq|OTHER|other	smart-seq2
PRJNA1159786	8	8	23	4	False	1	0	0.0	False			RNA-Seq|TRANSCRIPTOMIC SINGLE CELL|cDNA	plate-based single cell
PRJNA1195922	8	8	8	1	True	1	0	0.0	False			RNA-Seq|TRANSCRIPTOMIC SINGLE CELL|cDNA	benchmark PRJNA1195922
PRJNA1215750	8	8	8	1	True	1	0	0.0	False			RNA-Seq|TRANSCRIPTOMIC|cDNA	smart-seq2
PRJNA1262463	8	8	3491	998	False	1	0	0.0	False			RNA-Seq|TRANSCRIPTOMIC SINGLE CELL|cDNA	smart-seq2
PRJNA1262491	8	8	8	1	True	1	0	0.0	False			RNA-Seq|TRANSCRIPTOMIC|cDNA	smart-seq2;384-well
PRJNA1311103	8	8	8	1	True	1	0	0.0	False			RNA-Seq|TRANSCRIPTOMIC|cDNA	SMART-Seq v4
PRJNA1312423	8	8	8	1	True	1	0	0.0	False			RNA-Seq|TRANSCRIPTOMIC|cDNA	smart-seq2
PRJNA1401934	8	8	8	1	True	1	0	0.0	False			RNA-Seq|TRANSCRIPTOMIC|cDNA	smart-seq2
PRJNA1405765	8	8	8	1	True	1	0	0.0	False			RNA-Seq|TRANSCRIPTOMIC|cDNA	smart-seq2
PRJNA1420717	8	8	8	1	True	1	0	0.0	False			RNA-Seq|TRANSCRIPTOMIC|cDNA	SMART-Seq v4
PRJNA1490616	8	8	8	1	True	1	0	0.0	False			RNA-Seq|TRANSCRIPTOMIC|cDNA	smart-seq2
PRJNA171924	8	8	8	1	True	1	3	0.625	False		2.67	RNA-Seq|TRANSCRIPTOMIC|cDNA	CEL-seq
PRJNA230777	8	8	8	1	True	1	0	0.0	False			RNA-Seq|TRANSCRIPTOMIC|cDNA	96-well
PRJNA335646	8	8	8	1	True	1	0	0.0	False			WGS|GENOMIC|RANDOM	96-well
PRJNA339617	8	8	8	1	True	1	0	0.0	False			RNA-Seq|TRANSCRIPTOMIC|cDNA	CEL-seq2
PRJNA378226	8	8	12	4	False	2	0	0.0	False			ATAC-seq|GENOMIC|other;RNA-Seq|TRANSCRIPTOMIC|cDNA	MARS-seq
PRJNA395342	8	8	8	1	True	1	0	0.0	False			RNA-Seq|TRANSCRIPTOMIC|cDNA	SMART-Seq v4
PRJNA404077	8	8	8	1	True	1	0	0.0	False			RNA-Seq|TRANSCRIPTOMIC|cDNA	smart-seq2
PRJNA423233	8	8	8	1	True	1	0	0.0	False			RNA-Seq|TRANSCRIPTOMIC|cDNA	MARS-seq
PRJNA435442	8	8	8	1	True	1	2	1.0	False		4.0	AMPLICON|GENOMIC|PCR	96-well
PRJNA523834	8	8	966	910	False	1	1	0.942	False		8.0	RNA-Seq|TRANSCRIPTOMIC|cDNA	benchmark GSE126954
PRJNA532557	8	8	8	1	True	1	0	0.0	False			RNA-Seq|TRANSCRIPTOMIC|cDNA	smart-seq2
PRJNA558884	8	8	8	1	True	1	0	0.0	False			RNA-Seq|TRANSCRIPTOMIC|cDNA	MARS-seq;384-well
PRJNA561402	8	8	12	2	False	1	0	0.0	False			RNA-Seq|TRANSCRIPTOMIC|cDNA	smart-seq2
PRJNA561654	8	8	8	1	True	1	0	0.0	False			RNA-Seq|TRANSCRIPTOMIC|cDNA	CEL-seq2
PRJNA607968	8	8	8	1	True	1	0	0.0	False			RNA-Seq|TRANSCRIPTOMIC|cDNA	smart-seq2
PRJNA609317	8	8	8	1	True	1	0	0.0	False			RNA-Seq|TRANSCRIPTOMIC|cDNA	smart-seq2
PRJNA633580	8	8	8	1	True	1	0	0.0	False			RNA-Seq|TRANSCRIPTOMIC|cDNA	smart-seq2
PRJNA637305	8	8	8	1	True	1	1	0.5	False		8.0	RNA-Seq|TRANSCRIPTOMIC|RANDOM	SMART-Seq v4
PRJNA638352	8	8	16	2	False	1	1	1.0	False		8.0	RNA-Seq|TRANSCRIPTOMIC|cDNA	smart-seq2
PRJNA640144	8	8	8	1	True	1	0	0.0	False			RNA-Seq|TRANSCRIPTOMIC|cDNA	smart-seq2
PRJNA662786	8	8	8	1	True	1	0	0.0	False			RNA-Seq|TRANSCRIPTOMIC|cDNA	smart-seq2
PRJNA681844	8	8	8	1	True	1	1	0.5	False		8.0	RNA-Seq|TRANSCRIPTOMIC|cDNA	smart-seq2
PRJNA684992	8	94	94	40	False	1	0	0.0	False			RNA-Seq|TRANSCRIPTOMIC|PCR	smart-seq2
PRJNA686176	8	8	8	1	True	1	0	0.0	False			RNA-Seq|TRANSCRIPTOMIC|cDNA	SMART-Seq v4
PRJNA691507	8	8	8	1	True	1	0	0.0	False			RNA-Seq|TRANSCRIPTOMIC|cDNA	MARS-seq
PRJNA726935	8	8	8	1	True	1	2	0.5	False		4.0	RNA-Seq|TRANSCRIPTOMIC|cDNA	SMART-Seq v4
PRJNA765919	8	8	8	1	True	1	0	0.0	False			RNA-Seq|TRANSCRIPTOMIC|PCR	smart-seq2
PRJNA770249	8	8	8	1	True	1	0	0.0	False			RNA-Seq|TRANSCRIPTOMIC|cDNA	384-well
PRJNA773771	8	8	23	8	False	4	0	0.0	False			ATAC-seq|GENOMIC|other;OTHER|GENOMIC|other;OTHER|TRANSCRIPTOMIC|other;RNA-Seq|TRANSCRIPTOMIC SINGLE CELL|cDNA	STRT-seq
PRJNA780109	8	8	8	1	True	1	0	0.0	False			RNA-Seq|TRANSCRIPTOMIC|cDNA	smart-seq2
PRJNA800667	8	8	8	1	True	1	6	1.0	False		1.33	RNA-Seq|TRANSCRIPTOMIC SINGLE CELL|cDNA	384-well
PRJNA801932	8	8	8	1	True	1	0	0.0	False			RNA-Seq|TRANSCRIPTOMIC|cDNA	MARS-seq
PRJNA809225	8	8	16	2	False	1	0	0.0	False			RNA-Seq|TRANSCRIPTOMIC|cDNA	SMART-Seq v4
PRJNA826085	8	8	14	4	False	1	0	0.0	False			OTHER|TRANSCRIPTOMIC|other	96-well
PRJNA835866	8	8	8	1	True	1	0	0.0	False			RNA-Seq|TRANSCRIPTOMIC|cDNA	smartseq2
PRJNA841347	8	8	32	4	False	1	0	0.0	False			RNA-Seq|TRANSCRIPTOMIC|cDNA	smart-seq2
PRJNA981154	8	8	16	2	False	1	0	0.0	False			RNA-Seq|TRANSCRIPTOMIC|cDNA	smartseq2
PRJNA981520	8	8	16	2	False	1	0	0.0	False			RNA-Seq|TRANSCRIPTOMIC|cDNA	smartseq2
PRJDB8647	7	7	7	1	True	1	0	0.0	False			RNA-Seq|TRANSCRIPTOMIC|other	SMART-Seq v4
PRJNA1048069	7	7	7	1	True	1	0	0.0	False			RNA-Seq|TRANSCRIPTOMIC|cDNA	smart-seq2
PRJNA1051991	7	7	7	1	True	1	2	1.0	False		3.5	ATAC-seq|GENOMIC|other	smart-seq2
PRJNA1074709	7	7	12	2	False	1	3	1.0	False		2.33	RNA-Seq|TRANSCRIPTOMIC SINGLE CELL|cDNA	96-well
PRJNA1092631	7	7	7	1	True	1	0	0.0	False			RNA-Seq|TRANSCRIPTOMIC|cDNA	smart-seq2
PRJNA1109298	7	7	7	1	True	1	0	0.0	False			RIP-Seq|TRANSCRIPTOMIC|other	smart-seq2
PRJNA1203231	7	7	7	1	True	1	0	0.0	False			RNA-Seq|TRANSCRIPTOMIC SINGLE CELL|cDNA	smart-seq2
PRJNA1231797	7	7	7	1	True	1	4	0.571	False		1.75	RNA-Seq|TRANSCRIPTOMIC|PolyA	smart-seq2
PRJNA1243370	7	7	7	1	True	1	0	0.0	False			RNA-Seq|TRANSCRIPTOMIC|cDNA	smart-seq2
PRJNA1419303	7	7	2688	384	False	1	0	0.0	False			RNA-Seq|TRANSCRIPTOMIC|cDNA	smart-seq2
PRJNA1475324	7	7	3439	752	False	2	0	0.0	False			OTHER|GENOMIC|other;RNA-Seq|TRANSCRIPTOMIC SINGLE CELL|cDNA	384-well
PRJNA376111	7	7	7	1	True	1	0	0.0	False			RNA-Seq|TRANSCRIPTOMIC|cDNA	SMART-Seq v4
PRJNA394123	7	7	36	10	False	1	0	0.0	False			RNA-Seq|TRANSCRIPTOMIC|cDNA	MARS-seq
PRJNA476139	7	7	7	1	True	1	0	0.0	False			ChIP-Seq|GENOMIC|ChIP	96-well
PRJNA557219	7	7	7	1	True	1	0	0.0	False			RNA-Seq|TRANSCRIPTOMIC|cDNA	smart-seq2
PRJNA598569	7	7	7	1	True	1	1	1.0	False		7.0	RNA-Seq|TRANSCRIPTOMIC|cDNA	96-well
PRJNA635287	7	7	7	1	True	1	0	0.0	False			RNA-Seq|TRANSCRIPTOMIC|cDNA	96-well
PRJNA687741	7	7	13	3	False	1	0	0.0	False			RNA-Seq|TRANSCRIPTOMIC|cDNA	smart-seq2
PRJNA761079	7	7	7	1	True	1	0	0.0	False			RNA-Seq|TRANSCRIPTOMIC|cDNA	MARS-seq
PRJNA782193	7	7	7	1	True	1	0	0.0	False			RNA-Seq|TRANSCRIPTOMIC SINGLE CELL|Oligo-dT	smart-seq2
PRJDB12696	6	6	6	1	True	1	0	0.0	False			miRNA-Seq|TRANSCRIPTOMIC|size fractionation	96-well
PRJDB14275	6	6	6	1	True	1	0	0.0	False			RNA-Seq|TRANSCRIPTOMIC|RANDOM	SMART-Seq v4
PRJDB14869	6	6	6	1	True	1	0	0.0	False			RNA-Seq|TRANSCRIPTOMIC|cDNA_randomPriming	SMART-Seq v4
PRJDB17436	6	6	6	1	True	1	0	0.0	False			RNA-Seq|TRANSCRIPTOMIC|Oligo-dT	SMART-Seq v4
PRJDB17476	6	6	6	1	True	1	0	0.0	False			RNA-Seq|TRANSCRIPTOMIC|PolyA	SMART-Seq v4
PRJDB8405	6	6	6	1	True	1	0	0.0	False			RNA-Seq|TRANSCRIPTOMIC|Oligo-dT	smart-seq2
PRJEB100957	6	6	6	1	True	1	0	0.0	False			RNA-Seq|TRANSCRIPTOMIC|PCR	smart-seq2
PRJEB43109	6	6	6	1	True	1	0	0.0	False			ssRNA-seq|TRANSCRIPTOMIC|Inverse rRNA	96-well
PRJEB50980	6	6	6	1	True	1	0	0.0	False			RNA-Seq|TRANSCRIPTOMIC SINGLE CELL|PolyA	plate-based single cell;SMART-seq3xpress E-MTAB-11452
PRJEB71676	6	24	24	4	False	1	0	0.0	False			RNA-Seq|TRANSCRIPTOMIC|unspecified	smart-seq2
PRJEB86424	6	6	6	1	True	1	0	0.0	False			RNA-Seq|TRANSCRIPTOMIC|unspecified	96-well
PRJNA1004567	6	6	6	1	True	1	0	0.0	False			RNA-Seq|TRANSCRIPTOMIC|cDNA	SMART-Seq v4
PRJNA1005270	6	6	6	1	True	1	0	0.0	False			RNA-Seq|TRANSCRIPTOMIC|cDNA	SMART-Seq v4
PRJNA1027859	6	6	6	1	True	1	0	0.0	False			RNA-Seq|TRANSCRIPTOMIC SINGLE CELL|cDNA	benchmark PRJNA1027859 (demo)
PRJNA1029761	6	6	6	1	True	1	0	0.0	False			RNA-Seq|TRANSCRIPTOMIC|Oligo-dT	smart-seq2
PRJNA1044765	6	6	24	8	False	1	0	0.0	False			RNA-Seq|TRANSCRIPTOMIC SINGLE CELL|cDNA	96-well
PRJNA1069628	6	6	6	1	True	1	0	0.0	False			RNA-Seq|TRANSCRIPTOMIC|cDNA	smart-seq2
PRJNA1070558	6	6	6	1	True	1	0	0.0	False			RNA-Seq|TRANSCRIPTOMIC|cDNA	SMART-Seq v4
PRJNA1076257	6	6	6	1	True	2	0	0.0	False			ATAC-seq|GENOMIC|other;RNA-Seq|TRANSCRIPTOMIC SINGLE CELL|cDNA	MARS-seq
PRJNA1082305	6	6	6	1	True	1	0	0.0	False			RNA-Seq|TRANSCRIPTOMIC|cDNA	96-well
PRJNA1107199	6	6	6	1	True	1	0	0.0	False			RNA-Seq|TRANSCRIPTOMIC|cDNA	96-well
PRJNA1109300	6	6	6	1	True	1	0	0.0	False			RNA-Seq|TRANSCRIPTOMIC|cDNA	smart-seq2
PRJNA1111366	6	6	6	1	True	1	0	0.0	False			RNA-Seq|TRANSCRIPTOMIC|cDNA	96-well
PRJNA1118191	6	6	6	1	True	1	0	0.0	False			RNA-Seq|TRANSCRIPTOMIC|cDNA	smart-seq2
PRJNA1128042	6	6	6	1	True	1	0	0.0	False			RNA-Seq|TRANSCRIPTOMIC|cDNA	96-well
PRJNA1131464	6	6	6	1	True	1	0	0.0	False			RNA-Seq|TRANSCRIPTOMIC|cDNA	smart-seq2
PRJNA1153921	6	6	6	1	True	1	0	0.0	False			RNA-Seq|TRANSCRIPTOMIC SINGLE CELL|cDNA	plate-based single cell
PRJNA1167325	6	6	6	1	True	1	0	0.0	False			RIP-Seq|TRANSCRIPTOMIC|other	smart-seq2
PRJNA1172715	6	6	6	1	True	1	0	0.0	False			OTHER|GENOMIC|other	MARS-seq
PRJNA1173488	6	6	24	4	False	1	0	0.0	False			RNA-Seq|TRANSCRIPTOMIC SINGLE CELL|cDNA	plate-based single cell
PRJNA1180492	6	6	6	1	True	1	0	0.0	False			RNA-Seq|TRANSCRIPTOMIC|Oligo-dT	smart-seq2
PRJNA1223476	6	6	6	1	True	1	6	1.0	False		1.0	RNA-Seq|TRANSCRIPTOMIC|cDNA	smart-seq2
PRJNA1228980	6	6	6	1	True	1	0	0.0	False			RNA-Seq|TRANSCRIPTOMIC|cDNA	384-well
PRJNA1282768	6	11	11	3	False	1	0	0.0	False			WGS|GENOMIC|RANDOM	96-well
PRJNA1291148	6	6	6	1	True	1	0	0.0	False			RNA-Seq|TRANSCRIPTOMIC|cDNA	smartseq2
PRJNA1292809	6	6	6	1	True	1	0	0.0	False			RNA-Seq|TRANSCRIPTOMIC|cDNA	smart-seq2
PRJNA1293955	6	6	10	2	False	2	0	0.0	False			RNA-Seq|OTHER|cDNA;RNA-Seq|TRANSCRIPTOMIC SINGLE CELL|cDNA	smart-seq2
PRJNA1300397	6	6	6	1	True	1	0	0.0	False			RNA-Seq|TRANSCRIPTOMIC|cDNA	CEL-seq
PRJNA1301129	6	6	6	1	True	1	0	0.0	False			RNA-Seq|TRANSCRIPTOMIC|cDNA	96-well
PRJNA1321806	6	6	6	1	True	1	0	0.0	False			RNA-Seq|TRANSCRIPTOMIC|cDNA	96-well
PRJNA1321817	6	6	6	1	True	1	0	0.0	False			RNA-Seq|TRANSCRIPTOMIC|cDNA	96-well
PRJNA1367089	6	6	6	1	True	1	0	0.0	False			RNA-Seq|TRANSCRIPTOMIC|cDNA	smart-seq2
PRJNA1373286	6	6	6	1	True	1	3	0.5	False		2.0	RNA-Seq|TRANSCRIPTOMIC|cDNA	96-well
PRJNA1374066	6	6	6	1	True	1	0	0.0	False			RNA-Seq|TRANSCRIPTOMIC|cDNA	smart-seq2
PRJNA1381508	6	6	6	1	True	1	0	0.0	False			RNA-Seq|TRANSCRIPTOMIC|cDNA	smart-seq2
PRJNA1389468	6	6	6	1	True	1	0	0.0	False			ATAC-seq|GENOMIC|other	96-well
PRJNA1390187	6	6	6	1	True	1	0	0.0	False			RNA-Seq|TRANSCRIPTOMIC|cDNA	96-well
PRJNA1442782	6	6	6	1	True	2	0	0.0	False			RNA-Seq|OTHER|cDNA;RNA-Seq|TRANSCRIPTOMIC SINGLE CELL|cDNA	96-well
PRJNA1464627	6	6	29	6	False	1	0	0.0	False			RNA-Seq|TRANSCRIPTOMIC|cDNA	MARS-seq
PRJNA1481081	6	6	6	1	True	1	0	0.0	False			RNA-Seq|TRANSCRIPTOMIC SINGLE CELL|cDNA	smart-seq2
PRJNA354724	6	6	6	1	True	1	0	0.0	False			AMPLICON|GENOMIC|PCR	Fluidigm C1
PRJNA378160	6	6	6	1	True	1	0	0.0	False			RNA-Seq|TRANSCRIPTOMIC|cDNA	MARS-seq
PRJNA393429	6	6	16	4	False	1	0	0.0	False			RNA-Seq|TRANSCRIPTOMIC|cDNA	smart-seq2
PRJNA434658	6	6	19	14	False	1	0	0.0	False			RNA-Seq|TRANSCRIPTOMIC|cDNA	benchmark GSE110823
PRJNA438534	6	6	6	1	True	1	0	0.0	False			RNA-Seq|TRANSCRIPTOMIC|cDNA	SMART-Seq v4
PRJNA438996	6	6	6	1	True	1	3	0.5	False		2.0	RNA-Seq|TRANSCRIPTOMIC|cDNA	96-well
PRJNA471632	6	6	6	1	True	1	0	0.0	False			RNA-Seq|TRANSCRIPTOMIC|cDNA	SMART-Seq v4
PRJNA478391	6	6	6	1	True	1	0	0.0	False			RNA-Seq|TRANSCRIPTOMIC|cDNA	96-well
PRJNA480914	6	6	2290	384	False	1	3	0.832	False		2.0	RNA-Seq|TRANSCRIPTOMIC|cDNA	384-well
PRJNA495816	6	6	6	1	True	1	0	0.0	False			RNA-Seq|TRANSCRIPTOMIC|cDNA	SMART-Seq v4
PRJNA515815	6	6	6	1	True	1	0	0.0	False			RNA-Seq|TRANSCRIPTOMIC|cDNA	smart-seq2
PRJNA527112	6	6	6	1	True	1	0	0.0	False			RNA-Seq|TRANSCRIPTOMIC|cDNA	CEL-seq2
PRJNA564820	6	6	6	1	True	1	0	0.0	False			RNA-Seq|TRANSCRIPTOMIC|cDNA	SMART-Seq v4
PRJNA594036	6	6	6	1	True	1	0	0.0	False			RNA-Seq|TRANSCRIPTOMIC|cDNA	SMART-Seq v4
PRJNA607091	6	6	6	1	True	1	0	0.0	False			RNA-Seq|TRANSCRIPTOMIC|cDNA	96-well
PRJNA608006	6	6	6	1	True	1	0	0.0	False			RNA-Seq|TRANSCRIPTOMIC|cDNA	384-well
PRJNA612485	6	6	6	1	True	1	0	0.0	False			RNA-Seq|TRANSCRIPTOMIC|cDNA	smart-seq2
PRJNA622704	6	6	6	1	True	1	0	0.0	False			RNA-Seq|TRANSCRIPTOMIC|cDNA	CEL-seq2
PRJNA627857	6	6	6	1	True	1	0	0.0	False			RNA-Seq|TRANSCRIPTOMIC|cDNA	CEL-seq2
PRJNA634748	6	6	6	1	True	1	0	0.0	False			OTHER|TRANSCRIPTOMIC|other	MARS-seq
PRJNA635139	6	6	6	1	True	1	0	0.0	False			RNA-Seq|TRANSCRIPTOMIC|cDNA	CEL-seq
PRJNA638627	6	6	24	4	False	1	0	0.0	False			RNA-Seq|TRANSCRIPTOMIC|cDNA	SMART-Seq v4
PRJNA641647	6	387	387	74	False	1	0	0.0	False			RNA-Seq|TRANSCRIPTOMIC|RT-PCR	Fluidigm C1
PRJNA643628	6	6	6	1	True	1	0	0.0	False			RNA-Seq|TRANSCRIPTOMIC|cDNA	CEL-seq2
PRJNA645253	6	6	6	1	True	1	0	0.0	False			RNA-Seq|TRANSCRIPTOMIC|RT-PCR	SMART-Seq v4
PRJNA663610	6	6	6	1	True	1	0	0.0	False			RNA-Seq|TRANSCRIPTOMIC|cDNA	smart-seq2
PRJNA663876	6	6	6	1	True	1	0	0.0	False			ATAC-seq|GENOMIC SINGLE CELL|other	smart-seq2
PRJNA666387	6	6	6	1	True	1	0	0.0	False			RNA-Seq|TRANSCRIPTOMIC|cDNA	SMART-Seq v4
PRJNA674902	6	6	6	1	True	2	0	0.0	False			ATAC-seq|GENOMIC|other;OTHER|GENOMIC|other	96-well
PRJNA682200	6	6	3382	770	False	1	0	0.0	False			RNA-Seq|TRANSCRIPTOMIC|cDNA	smartseq2;plate-based single cell
PRJNA691508	6	6	6	1	True	1	0	0.0	False			RNA-Seq|TRANSCRIPTOMIC|cDNA	MARS-seq
PRJNA700845	6	6	6	1	True	1	0	0.0	False			RNA-Seq|TRANSCRIPTOMIC|cDNA	smart-seq2
PRJNA706716	6	6	6	1	True	1	0	0.0	False			RNA-Seq|TRANSCRIPTOMIC|cDNA	smartseq2
PRJNA735766	6	6	44	8	False	1	0	0.0	False			RNA-Seq|TRANSCRIPTOMIC|cDNA	CEL-seq2
PRJNA746338	6	6	6	1	True	1	0	0.0	False			RNA-Seq|TRANSCRIPTOMIC|cDNA	smartseq2
PRJNA752281	6	6	6	1	True	1	0	0.0	False			RNA-Seq|TRANSCRIPTOMIC|cDNA	SMART-Seq v4
PRJNA761379	6	6	6	1	True	1	1	1.0	False		6.0	RNA-Seq|TRANSCRIPTOMIC|cDNA	smart-seq2
PRJNA777453	6	6	6	1	True	1	3	1.0	False		2.0	RNA-Seq|TRANSCRIPTOMIC|cDNA	smart-seq2
PRJNA792152	6	6	7	2	False	1	1	1.0	False		6.0	RNA-Seq|TRANSCRIPTOMIC|cDNA	smart-seq2
PRJNA812390	6	6	24	4	False	1	0	0.0	False			RNA-Seq|TRANSCRIPTOMIC|cDNA	384-well
PRJNA814257	6	6	6	1	True	2	1	0.333	False		6.0	RNA-Seq|TRANSCRIPTOMIC SINGLE CELL|cDNA;RNA-Seq|TRANSCRIPTOMIC|cDNA	Fluidigm C1
PRJNA827775	6	6	6	1	True	1	0	0.0	False			RNA-Seq|TRANSCRIPTOMIC|cDNA	CEL-seq2
PRJNA833445	6	6	6	1	True	1	0	0.0	False			RNA-Seq|TRANSCRIPTOMIC|cDNA	96-well
PRJNA833732	6	6	6	1	True	1	0	0.0	False			RNA-Seq|TRANSCRIPTOMIC|cDNA	SMART-Seq v4
PRJNA838481	6	6	6	1	True	1	0	0.0	False			RNA-Seq|TRANSCRIPTOMIC SINGLE CELL|cDNA	MARS-seq
PRJNA842232	6	6	6	1	True	1	0	0.0	False			RNA-Seq|TRANSCRIPTOMIC|cDNA	smart-seq2
PRJNA860542	6	6	6	1	True	1	0	0.0	False			RNA-Seq|TRANSCRIPTOMIC|cDNA	smart-seq2
PRJNA875883	6	6	6	1	True	1	0	0.0	False			RNA-Seq|TRANSCRIPTOMIC|cDNA	SMART-Seq v4
PRJNA885491	6	6	6	1	True	1	0	0.0	False			RNA-Seq|TRANSCRIPTOMIC|cDNA	96-well
PRJNA900146	6	6	6	1	True	1	0	0.0	False			RNA-Seq|TRANSCRIPTOMIC|cDNA	smart-seq2
PRJNA903138	6	6	6	1	True	2	0	0.0	False			OTHER|OTHER|other;RNA-Seq|TRANSCRIPTOMIC SINGLE CELL|cDNA	plate-based single cell
PRJNA910932	6	6	6	1	True	1	0	0.0	False			RNA-Seq|TRANSCRIPTOMIC|cDNA	96-well
PRJNA923181	6	6	6	1	True	1	0	0.0	False			RNA-Seq|TRANSCRIPTOMIC|cDNA	96-well
PRJNA954287	6	6	6	1	True	1	0	0.0	False			RNA-Seq|TRANSCRIPTOMIC|cDNA	96-well
PRJNA973963	6	6	6	1	True	1	0	0.0	False			RNA-Seq|TRANSCRIPTOMIC|cDNA	96-well
PRJNA981473	6	6	6	1	True	1	0	0.0	False			RNA-Seq|TRANSCRIPTOMIC|cDNA	smart-seq2
PRJNA991458	6	6	6	1	True	1	0	0.0	False			RNA-Seq|TRANSCRIPTOMIC|cDNA	smart-seq2
PRJNA995437	6	6	24	4	False	1	2	0.667	False		3.0	OTHER|TRANSCRIPTOMIC|other	384-well
PRJEB115360	5	5	5	1	True	1	0	0.0	False			AMPLICON|METAGENOMIC|PCR	96-well
PRJEB41788	5	5	5	1	True	1	0	0.0	False			OTHER|TRANSCRIPTOMIC SINGLE CELL|Oligo-dT	MARS-seq;384-well
PRJNA1011912	5	5	5	1	True	1	0	0.0	False			RNA-Seq|TRANSCRIPTOMIC|cDNA	MARS-seq
PRJNA1040832	5	5	5	1	True	1	0	0.0	False			ATAC-seq|GENOMIC|other	96-well
PRJNA1101443	5	5	5	1	True	1	0	0.0	False			RNA-Seq|TRANSCRIPTOMIC SINGLE CELL|cDNA	384-well
PRJNA1247285	5	5	10	2	False	1	0	0.0	False			RNA-Seq|TRANSCRIPTOMIC|cDNA	MARS-seq
PRJNA1365850	5	5	29	9	False	1	0	0.0	False			RNA-Seq|TRANSCRIPTOMIC SINGLE CELL|cDNA	benchmark GSE310378
PRJNA1420900	5	5	32	8	False	1	0	0.0	False			RNA-Seq|TRANSCRIPTOMIC SINGLE CELL|cDNA	96-well
PRJNA1422040	5	5	8	2	False	1	0	0.0	False			RNA-Seq|TRANSCRIPTOMIC SINGLE CELL|cDNA	smart-seq3
PRJNA1431215	5	5	5	1	True	1	0	0.0	False			RNA-Seq|TRANSCRIPTOMIC SINGLE CELL|cDNA	384-well
PRJNA397747	5	9	28	15	False	1	0	0.0	False			Bisulfite-Seq|GENOMIC|RANDOM	96-well
PRJNA413478	5	5	5	1	True	1	0	0.0	False			RNA-Seq|TRANSCRIPTOMIC|cDNA	CEL-seq2
PRJNA482132	5	5	5	1	True	1	4	1.0	False		1.25	RNA-Seq|TRANSCRIPTOMIC|cDNA	CEL-seq2;plate-based single cell
PRJNA533562	5	5	5	1	True	1	0	0.0	False			RNA-Seq|TRANSCRIPTOMIC|cDNA	384-well
PRJNA588051	5	5	772	768	False	1	0	0.0	False			RNA-Seq|TRANSCRIPTOMIC|cDNA	smartseq2
PRJNA624872	5	5	5	1	True	1	5	1.0	False		1.0	RNA-Seq|TRANSCRIPTOMIC|cDNA	96-well
PRJNA685113	5	5	5	1	True	1	0	0.0	False			WGA|GENOMIC|PCR	96-well
PRJNA687473	5	5	20	4	False	1	0	0.0	False			RNA-Seq|TRANSCRIPTOMIC|cDNA	384-well
PRJNA728106	5	5	5	1	True	1	0	0.0	False			RNA-Seq|TRANSCRIPTOMIC|cDNA	96-well
PRJNA731109	5	5	44	20	False	1	0	0.0	False			RNA-Seq|TRANSCRIPTOMIC|cDNA	plate-based single cell
PRJNA741223	5	5	168	48	False	1	0	0.0	False			RNA-Seq|TRANSCRIPTOMIC|cDNA	96-well
PRJNA758971	5	5	32	8	False	1	0	0.0	False			RNA-Seq|TRANSCRIPTOMIC|cDNA	SMART-Seq v4
PRJNA873285	5	131	131	33	False	1	0	0.0	False			AMPLICON|METAGENOMIC|PCR	96-well
PRJNA885874	5	5	20	4	False	1	0	0.0	False			RNA-Seq|TRANSCRIPTOMIC SINGLE CELL|cDNA	CEL-seq2;384-well
PRJNA887101	5	5	4125	3520	False	1	0	0.0	False			ATAC-seq|GENOMIC|other	plate-based single cell
PRJNA946727	5	5	39	9	False	1	5	1.0	False		1.0	RNA-Seq|TRANSCRIPTOMIC SINGLE CELL|cDNA	STRT-seq
PRJNA955796	5	5	14	4	False	1	0	0.0	False			RNA-Seq|TRANSCRIPTOMIC SINGLE CELL|cDNA	plate-based single cell
PRJEB41794	4	4	4	1	True	1	0	0.0	False			OTHER|TRANSCRIPTOMIC SINGLE CELL|Oligo-dT	MARS-seq;384-well
PRJEB71494	4	4	4	1	True	1	0	0.0	False			OTHER|TRANSCRIPTOMIC SINGLE CELL|PolyA	MARS-seq;384-well
PRJEB86878	4	4	4	1	True	2	0	0.0	False			FL-cDNA|TRANSCRIPTOMIC SINGLE CELL|Oligo-dT;RNA-Seq|TRANSCRIPTOMIC SINGLE CELL|Oligo-dT	plate-based single cell
PRJNA1040833	4	4	4	1	True	1	0	0.0	False			OTHER|GENOMIC|other	96-well
PRJNA1052732	4	4	4	1	True	1	0	0.0	False			RNA-Seq|TRANSCRIPTOMIC|cDNA	smart-seq2
PRJNA1055901	4	4	4	1	True	1	0	0.0	False			RNA-Seq|TRANSCRIPTOMIC SINGLE CELL|cDNA	96-well
PRJNA1067602	4	4	4	1	True	1	0	0.0	False			RNA-Seq|TRANSCRIPTOMIC|cDNA	smart-seq2
PRJNA1077367	4	4	4	1	True	1	0	0.0	False			RNA-Seq|TRANSCRIPTOMIC SINGLE CELL|cDNA	384-well
PRJNA1078821	4	4	8	2	False	1	0	0.0	False			RNA-Seq|TRANSCRIPTOMIC SINGLE CELL|cDNA	benchmark GSE256266
PRJNA1084024	4	4	8	2	False	1	0	0.0	False			RNA-Seq|TRANSCRIPTOMIC SINGLE CELL|cDNA	smart-seq2
PRJNA1112790	4	48	48	16	False	1	0	0.0	False			WGS|METAGENOMIC|RANDOM	96-well
PRJNA1115055	4	4	4	1	True	1	0	0.0	False			RNA-Seq|TRANSCRIPTOMIC SINGLE CELL|cDNA	smart-seq2
PRJNA1198084	4	4	4	1	True	1	0	0.0	False			RNA-Seq|TRANSCRIPTOMIC SINGLE CELL|cDNA	384-well
PRJNA1201578	4	4	4	1	True	1	0	0.0	False			RNA-Seq|TRANSCRIPTOMIC|cDNA	96-well
PRJNA1217854	4	4	10	4	False	1	0	0.0	False			RNA-Seq|TRANSCRIPTOMIC SINGLE CELL|cDNA	384-well
PRJNA1232619	4	4	4	1	True	1	0	0.0	False			ATAC-seq|GENOMIC|other	96-well
PRJNA1237285	4	4	348	108	False	1	0	0.0	False			RNA-Seq|TRANSCRIPTOMIC SINGLE CELL|cDNA	smart-seq2;384-well
PRJNA1242882	4	4	297	75	False	1	0	0.0	False			RNA-Seq|TRANSCRIPTOMIC SINGLE CELL|cDNA	STRT-seq
PRJNA1248951	4	4	4	1	True	1	0	0.0	False			RNA-Seq|TRANSCRIPTOMIC|cDNA	Fluidigm C1
PRJNA1263471	4	4	4	1	True	1	0	0.0	False			RNA-Seq|TRANSCRIPTOMIC|cDNA	smartseq2
PRJNA1292901	4	4	4	1	True	1	0	0.0	False			RNA-Seq|TRANSCRIPTOMIC|cDNA	smart-seq2
PRJNA1314603	4	4	12	3	False	1	0	0.0	False			OTHER|TRANSCRIPTOMIC|other	smartseq3
PRJNA1378201	4	4	4	1	True	1	0	0.0	False			RNA-Seq|TRANSCRIPTOMIC|cDNA	CEL-seq
PRJNA1415162	4	4	4	1	True	1	0	0.0	False			RNA-Seq|TRANSCRIPTOMIC SINGLE CELL|cDNA	benchmark GSE317744
PRJNA1461952	4	4	1152	288	False	1	0	0.0	False			RNA-Seq|TRANSCRIPTOMIC SINGLE CELL|cDNA	384-well;96-well
PRJNA379286	4	4	4	1	True	1	1	1.0	False		4.0	RNA-Seq|TRANSCRIPTOMIC|cDNA	smart-seq2
PRJNA381615	4	4	4	1	True	1	0	0.0	False			RNA-Seq|TRANSCRIPTOMIC|cDNA	CEL-seq
PRJNA391425	4	4	8	2	False	1	0	0.0	False			ChIP-Seq|GENOMIC|ChIP	96-well
PRJNA476768	4	4	4	1	True	1	0	0.0	False			RNA-Seq|TRANSCRIPTOMIC|cDNA	384-well;plate-based single cell
PRJNA480788	4	4	4	1	True	1	0	0.0	False			RNA-Seq|TRANSCRIPTOMIC|cDNA	MARS-seq
PRJNA504644	4	4	130	53	False	1	0	0.0	False			RNA-Seq|TRANSCRIPTOMIC|cDNA	Fluidigm C1
PRJNA506822	4	4	4	1	True	1	0	0.0	False			ChIP-Seq|GENOMIC|ChIP	96-well
PRJNA529656	4	4	16	4	False	1	0	0.0	False			RNA-Seq|TRANSCRIPTOMIC|cDNA	Fluidigm C1
PRJNA535483	4	4	4	1	True	1	0	0.0	False			RNA-Seq|TRANSCRIPTOMIC|cDNA	plate-based single cell
PRJNA545349	4	4	4	1	True	1	0	0.0	False			ATAC-seq|GENOMIC|other	smart-seq2;384-well
PRJNA555408	4	4	4	1	True	1	0	0.0	False			RNA-Seq|TRANSCRIPTOMIC|cDNA	SMART-Seq v4
PRJNA562933	4	4	4	1	True	1	0	0.0	False			RNA-Seq|TRANSCRIPTOMIC|cDNA	96-well
PRJNA565762	4	4	16	4	False	1	0	0.0	False			RNA-Seq|TRANSCRIPTOMIC|cDNA	384-well
PRJNA594885	4	4	96	24	False	1	0	0.0	False			RNA-Seq|TRANSCRIPTOMIC|cDNA	96-well
PRJNA611773	4	4	4	1	True	1	0	0.0	False			RNA-Seq|TRANSCRIPTOMIC|cDNA	MARS-seq
PRJNA638146	4	4	4	1	True	1	0	0.0	False			RNA-Seq|TRANSCRIPTOMIC|cDNA	Fluidigm C1
PRJNA647805	4	4	864	384	False	1	1	0.028	False		4.0	RNA-Seq|TRANSCRIPTOMIC|cDNA	smartseq2;384-well
PRJNA648063	4	4	4	1	True	1	0	0.0	False			RNA-Seq|TRANSCRIPTOMIC|cDNA	384-well
PRJNA674605	4	4	4	1	True	1	1	0.5	False		4.0	RNA-Seq|TRANSCRIPTOMIC|cDNA	MARS-seq
PRJNA716738	4	4	4	1	True	1	1	1.0	False		4.0	RNA-Seq|TRANSCRIPTOMIC|cDNA	smart-seq2
PRJNA788946	4	4	4	1	True	1	0	0.0	False			RNA-Seq|TRANSCRIPTOMIC|cDNA	384-well
PRJNA835352	4	4	1536	384	False	1	0	0.0	False			RNA-Seq|TRANSCRIPTOMIC SINGLE CELL|cDNA	smart-seq2;smartseq2;384-well
PRJNA875559	4	4	4	1	True	1	0	0.0	False			RNA-Seq|TRANSCRIPTOMIC|cDNA	96-well
PRJNA934452	4	4	4	1	True	1	0	0.0	False			RNA-Seq|TRANSCRIPTOMIC SINGLE CELL|cDNA	384-well
PRJNA958195	4	4	8	2	False	1	0	0.0	False			RNA-Seq|TRANSCRIPTOMIC SINGLE CELL|cDNA	smart-seq2;smartseq2
PRJNA972310	4	4	4	1	True	1	0	0.0	False			RNA-Seq|TRANSCRIPTOMIC|cDNA	smart-seq2;smartseq2
PRJNA983807	4	4	4	1	True	1	0	0.0	False			RNA-Seq|TRANSCRIPTOMIC SINGLE CELL|cDNA	benchmark GSE234962
PRJNA997283	4	4	4	1	True	1	0	0.0	False			RNA-Seq|TRANSCRIPTOMIC SINGLE CELL|cDNA	CEL-seq2
PRJDB5546	3	9	9	3	False	1	0	0.0	False			RNA-Seq|TRANSCRIPTOMIC|cDNA	CEL-seq2
PRJEB44662	3	3	3	1	True	1	0	0.0	False			RNA-Seq|TRANSCRIPTOMIC SINGLE CELL|Oligo-dT	smart-seq3;SCRB-seq
PRJEB74468	3	3	3	1	True	1	0	0.0	False			OTHER|TRANSCRIPTOMIC SINGLE CELL|Oligo-dT	smart-seq3
PRJNA1135979	3	3	3	1	True	1	0	0.0	False			RNA-Seq|TRANSCRIPTOMIC SINGLE CELL|cDNA	CEL-seq
PRJNA1146457	3	3	3	1	True	1	0	0.0	False			RNA-Seq|TRANSCRIPTOMIC SINGLE CELL|cDNA	smart-seq3;96-well
PRJNA1220049	3	3	3	1	True	1	0	0.0	False			RNA-Seq|TRANSCRIPTOMIC SINGLE CELL|cDNA	smartseq2;MARS-seq;96-well
PRJNA1304480	3	3	3	1	True	1	0	0.0	False			RNA-Seq|TRANSCRIPTOMIC SINGLE CELL|cDNA	384-well
PRJNA1314622	3	3	3	1	True	1	1	1.0	False		3.0	RNA-Seq|TRANSCRIPTOMIC|cDNA	96-well
PRJNA1355162	3	3	3	1	True	1	0	0.0	False			WGS|GENOMIC|size fractionation	96-well
PRJNA1431223	3	3	3	1	True	1	0	0.0	False			RNA-Seq|TRANSCRIPTOMIC SINGLE CELL|cDNA	384-well
PRJNA345493	3	3	3	1	True	1	0	0.0	False			RNA-Seq|TRANSCRIPTOMIC|cDNA	smart-seq2
PRJNA350859	3	3	3	1	True	1	0	0.0	False			RNA-Seq|TRANSCRIPTOMIC|cDNA	Fluidigm C1
PRJNA408129	3	3	3	1	True	1	0	0.0	False			RNA-Seq|TRANSCRIPTOMIC|cDNA	CEL-seq
PRJNA412523	3	3	1582	1580	False	1	1	1.0	False		3.0	RNA-Seq|TRANSCRIPTOMIC|cDNA	Fluidigm C1
PRJNA474188	3	3	3	1	True	1	3	1.0	False		1.0	RNA-Seq|TRANSCRIPTOMIC|cDNA	smart-seq2
PRJNA494056	3	3	3	1	True	1	0	0.0	False			RNA-Seq|TRANSCRIPTOMIC|cDNA	smart-seq2
PRJNA514749	3	12	12	5	False	2	0	0.0	False			FL-cDNA|TRANSCRIPTOMIC|RT-PCR;RNA-Seq|TRANSCRIPTOMIC|RT-PCR	smart-seq2
PRJNA523631	3	3	3	1	True	1	0	0.0	False			RNA-Seq|TRANSCRIPTOMIC|cDNA	CEL-seq2;CEL-seq
PRJNA531394	3	3	8	3	False	1	0	0.0	False			RNA-Seq|TRANSCRIPTOMIC|cDNA	smart-seq2
PRJNA564993	3	3	12	6	False	1	0	0.0	False			OTHER|TRANSCRIPTOMIC|other	96-well
PRJNA673247	3	3	11192	5157	False	1	0	0.0	False			RNA-Seq|TRANSCRIPTOMIC|cDNA	smartseq2
PRJNA722846	3	3	12	4	False	1	0	0.0	False			RNA-Seq|TRANSCRIPTOMIC|cDNA	384-well
PRJNA773778	3	3	3	1	True	1	0	0.0	False			OTHER|TRANSCRIPTOMIC|other	STRT-seq
PRJNA779600	3	3	3	1	True	1	0	0.0	False			RNA-Seq|TRANSCRIPTOMIC|PCR	96-well
PRJNA847618	3	3	271	267	False	1	0	0.0	False			RNA-Seq|TRANSCRIPTOMIC SINGLE CELL|cDNA	smart-seq2
PRJNA977246	3	3	576	384	False	1	0	0.0	False			RNA-Seq|TRANSCRIPTOMIC SINGLE CELL|cDNA	smart-seq2;384-well
PRJEB104937	2	2	2	1	True	1	0	0.0	False			WGS|TRANSCRIPTOMIC SINGLE CELL|unspecified	smartseq3;384-well
PRJEB29212	2	2	9	8	False	1	0	0.0	False			AMPLICON|GENOMIC|PCR	96-well
PRJEB43344	2	2	2	1	True	1	0	0.0	False			RNA-Seq|TRANSCRIPTOMIC SINGLE CELL|Oligo-dT	smart-seq3;384-well
PRJEB76858	2	2	4	2	False	1	0	0.0	False			CLONEEND|TRANSCRIPTOMIC SINGLE CELL|unspecified	CEL-seq2;plate-based single cell
PRJNA1007740	2	2	2	1	True	1	0	0.0	False			RNA-Seq|TRANSCRIPTOMIC|cDNA	96-well
PRJNA1008249	2	2	376	188	False	1	0	0.0	False			RNA-Seq|TRANSCRIPTOMIC SINGLE CELL|cDNA	smartseq2
PRJNA1010165	2	2	2	1	True	1	0	0.0	False			RNA-Seq|TRANSCRIPTOMIC SINGLE CELL|cDNA	96-well
PRJNA1014471	2	2	8	4	False	1	0	0.0	False			RNA-Seq|TRANSCRIPTOMIC|cDNA	384-well
PRJNA1061230	2	24	24	12	False	1	0	0.0	False			WGS|GENOMIC|RANDOM	96-well
PRJNA1072091	2	2	2	1	True	1	0	0.0	False			RNA-Seq|TRANSCRIPTOMIC SINGLE CELL|cDNA	smart-seq3
PRJNA1078308	2	2	8	4	False	1	0	0.0	False			RNA-Seq|TRANSCRIPTOMIC SINGLE CELL|cDNA	384-well
PRJNA1079357	2	2	2	1	True	2	0	0.0	False			OTHER|OTHER|other;OTHER|TRANSCRIPTOMIC|other	96-well
PRJNA1082249	2	2	4	2	False	1	0	0.0	False			ATAC-seq|GENOMIC|other	MARS-seq
PRJNA1105052	2	2	2	1	True	1	0	0.0	False			RNA-Seq|TRANSCRIPTOMIC SINGLE CELL|cDNA	benchmark GSE266161
PRJNA1106507	2	2	2	1	True	1	0	0.0	False			ChIP-Seq|GENOMIC|ChIP	smartseq2
PRJNA1147310	2	2	2	1	True	1	0	0.0	False			RNA-Seq|TRANSCRIPTOMIC|cDNA	smart-seq3;96-well
PRJNA1148445	2	2	8	4	False	2	0	0.0	False			OTHER|OTHER|other;OTHER|TRANSCRIPTOMIC|other	96-well
PRJNA1152960	2	2	8	4	False	1	0	0.0	False			RNA-Seq|TRANSCRIPTOMIC|cDNA	384-well
PRJNA1168029	2	2	2	1	True	1	0	0.0	False			RNA-Seq|GENOMIC SINGLE CELL|cDNA	smart-seq2
PRJNA1218645	2	2	2	1	True	1	0	0.0	False			RNA-Seq|TRANSCRIPTOMIC|cDNA	SCRB-seq
PRJNA1224927	2	2	4	2	False	1	0	0.0	False			RNA-Seq|TRANSCRIPTOMIC SINGLE CELL|cDNA	96-well
PRJNA1229875	2	2	54	49	False	1	0	0.0	False			RNA-Seq|TRANSCRIPTOMIC SINGLE CELL|cDNA	smartseq2;plate-based single cell
PRJNA1232191	2	2	1920	1152	False	1	0	0.0	False			RNA-Seq|TRANSCRIPTOMIC SINGLE CELL|cDNA	smart-seq2
PRJNA1248934	2	2	2	1	True	1	0	0.0	False			ATAC-seq|GENOMIC|other	Fluidigm C1
PRJNA1260973	2	2	8	4	False	1	0	0.0	False			RNA-Seq|TRANSCRIPTOMIC SINGLE CELL|cDNA	96-well
PRJNA1278741	2	2	6	4	False	1	0	0.0	False			RNA-Seq|TRANSCRIPTOMIC SINGLE CELL|cDNA	MARS-seq
PRJNA1310572	2	2	2	1	True	1	0	0.0	False			ATAC-seq|GENOMIC SINGLE CELL|other	96-well
PRJNA1367096	2	2	2	1	True	1	0	0.0	False			RNA-Seq|TRANSCRIPTOMIC SINGLE CELL|cDNA	96-well
PRJNA1367103	2	2	32	16	False	1	0	0.0	False			RNA-Seq|TRANSCRIPTOMIC SINGLE CELL|cDNA	smart-seq2
PRJNA1438284	2	2	768	384	False	1	0	0.0	False			RNA-Seq|TRANSCRIPTOMIC SINGLE CELL|cDNA	384-well
PRJNA260708	2	2	88	76	False	1	2	1.0	False		1.0	RNA-Seq|TRANSCRIPTOMIC|cDNA	Fluidigm C1
PRJNA302179	2	2	2	1	True	1	0	0.0	False			RNA-Seq|TRANSCRIPTOMIC|cDNA	CEL-seq
PRJNA416038	2	2	8	4	False	1	0	0.0	False			RNA-Seq|TRANSCRIPTOMIC|cDNA	384-well
PRJNA471813	2	2	2	1	True	1	0	0.0	False			ATAC-seq|GENOMIC|other	96-well
PRJNA472606	2	2	5	4	False	1	0	0.0	False			RNA-Seq|TRANSCRIPTOMIC|cDNA	CEL-seq
PRJNA476535	2	2	14	8	False	1	0	0.0	False			RNA-Seq|TRANSCRIPTOMIC|cDNA	96-well
PRJNA479330	2	57	57	51	False	1	0	0.0	False			RNA-Seq|TRANSCRIPTOMIC|cDNA	Fluidigm C1
PRJNA506823	2	2	2	1	True	1	0	0.0	False			RNA-Seq|TRANSCRIPTOMIC|cDNA	96-well
PRJNA528037	2	2	2	1	True	1	0	0.0	False			Tn-Seq|GENOMIC|PCR	96-well
PRJNA561907	2	2	2	1	True	1	0	0.0	False			RNA-Seq|TRANSCRIPTOMIC|cDNA	SCRB-seq
PRJNA564265	2	2	18	9	False	1	0	0.0	False			RNA-Seq|TRANSCRIPTOMIC|cDNA	SCRB-seq
PRJNA573294	2	61	61	60	False	1	0	0.0	False			AMPLICON|GENOMIC|PCR	96-well
PRJNA612689	2	2	576	288	False	1	0	0.0	False			RNA-Seq|TRANSCRIPTOMIC|cDNA	smartseq2
PRJNA613687	2	4	4	2	False	1	0	0.0	False			RNA-Seq|TRANSCRIPTOMIC SINGLE CELL|PCR	96-well
PRJNA632939	2	992	992	768	False	1	0	0.0	False			RNA-Seq|TRANSCRIPTOMIC SINGLE CELL|Oligo-dT	plate-based single cell
PRJNA643156	2	2	760	400	False	1	0	0.0	False			RNA-Seq|TRANSCRIPTOMIC|cDNA	Fluidigm C1
PRJNA658829	2	6	6	5	False	1	1	0.833	False		2.0	OTHER|TRANSCRIPTOMIC SINGLE CELL|Oligo-dT	benchmark PRJNA658829
PRJNA660772	2	10	10	5	False	1	0	0.0	False			RNA-Seq|TRANSCRIPTOMIC|Oligo-dT	smart-seq2
PRJNA670499	2	2	4	2	False	1	0	0.0	False			RNA-Seq|TRANSCRIPTOMIC|cDNA	96-well
PRJNA682433	2	2	2	1	True	1	2	1.0	False		1.0	RNA-Seq|TRANSCRIPTOMIC|cDNA	96-well
PRJNA688461	2	2	2	1	True	1	0	0.0	False			RNA-Seq|TRANSCRIPTOMIC|cDNA	smart-seq2
PRJNA689597	2	2	16	8	False	1	0	0.0	False			RNA-Seq|TRANSCRIPTOMIC|cDNA	96-well
PRJNA698242	2	2	2	1	True	1	0	0.0	False			RNA-Seq|TRANSCRIPTOMIC|cDNA	384-well;plate-based single cell
PRJNA742903	2	2	2	1	True	1	0	0.0	False			RNA-Seq|TRANSCRIPTOMIC|cDNA	MARS-seq
PRJNA773777	2	2	8	4	False	1	0	0.0	False			RNA-Seq|TRANSCRIPTOMIC SINGLE CELL|cDNA	STRT-seq
PRJNA802567	2	2	2	1	True	1	0	0.0	False			RNA-Seq|TRANSCRIPTOMIC|cDNA	smartseq2;MARS-seq;96-well
PRJNA808091	2	2	8	4	False	1	0	0.0	False			RNA-Seq|TRANSCRIPTOMIC|cDNA	96-well
PRJNA843940	2	2	2	1	True	1	0	0.0	False			OTHER|TRANSCRIPTOMIC|other	384-well
PRJNA854891	2	2	2	1	True	1	0	0.0	False			OTHER|TRANSCRIPTOMIC|other	384-well
PRJNA858851	2	2	8	4	False	1	0	0.0	False			RNA-Seq|TRANSCRIPTOMIC SINGLE CELL|cDNA	96-well
PRJNA891645	2	2	2	1	True	1	0	0.0	False			OTHER|TRANSCRIPTOMIC|other	CEL-seq2
PRJNA898329	2	2	8	4	False	1	0	0.0	False			RNA-Seq|TRANSCRIPTOMIC SINGLE CELL|cDNA	384-well
PRJNA922580	2	2	556	384	False	1	0	0.0	False			RNA-Seq|TRANSCRIPTOMIC SINGLE CELL|cDNA	smart-seq2
PRJNA941330	2	2	4	2	False	1	0	0.0	False			OTHER|GENOMIC|other	STRT-seq
PRJNA953995	2	2	2	1	True	1	0	0.0	False			OTHER|TRANSCRIPTOMIC|other	96-well
PRJNA970711	2	2	8	4	False	1	0	0.0	False			RNA-Seq|TRANSCRIPTOMIC SINGLE CELL|cDNA	CEL-seq2
PRJNA993164	2	2	2	1	True	1	0	0.0	False			RNA-Seq|TRANSCRIPTOMIC|cDNA	smartseq2
PRJDB20276	1	2	2	2	False	1	0	0.0	False			RNA-Seq|TRANSCRIPTOMIC|cDNA_oligo_dT	smart-seq3;plate-based single cell
PRJDB20277	1	4	4	4	False	1	0	0.0	False			RNA-Seq|GENOMIC SINGLE CELL|cDNA_oligo_dT	smart-seq3;plate-based single cell
PRJDB20278	1	4	4	4	False	1	0	0.0	False			RNA-Seq|TRANSCRIPTOMIC|cDNA_oligo_dT	smart-seq3;plate-based single cell
PRJDB5489	1	1	1	1	True	1	0	0.0	False			WGS|GENOMIC|unspecified	96-well
PRJDB9216	1	1	1	1	True	1	0	0.0	False			RNA-Seq|TRANSCRIPTOMIC|RANDOM	96-well
PRJEB20006	1	1	1	1	True	1	1	1.0	False		1.0	RNA-Seq|TRANSCRIPTOMIC SINGLE CELL|Oligo-dT	Fluidigm C1;STRT-seq
PRJEB46197	1	1	3	3	False	1	0	0.0	False			FL-cDNA|TRANSCRIPTOMIC|PolyA	smart-seq3
PRJNA1003833	1	1	1	1	True	1	0	0.0	False			RNA-Seq|TRANSCRIPTOMIC SINGLE CELL|cDNA	384-well
PRJNA1049437	1	1	384	384	False	1	0	0.0	False			RNA-Seq|TRANSCRIPTOMIC|cDNA	384-well
PRJNA1061057	1	1	1	1	True	1	0	0.0	False			RNA-Seq|TRANSCRIPTOMIC SINGLE CELL|cDNA	smart-seq3;smartseq3
PRJNA1082248	1	1	1	1	True	1	0	0.0	False			RNA-Seq|TRANSCRIPTOMIC SINGLE CELL|cDNA	MARS-seq
PRJNA1145880	1	1	2	2	False	1	1	1.0	False		1.0	RNA-Seq|TRANSCRIPTOMIC SINGLE CELL|cDNA	benchmark GSE274290
PRJNA1151648	1	1	2	2	False	1	0	0.0	False			RNA-Seq|TRANSCRIPTOMIC SINGLE CELL|cDNA	96-well
PRJNA1157309	1	1	1	1	True	1	0	0.0	False			RNA-Seq|TRANSCRIPTOMIC|cDNA	smart-seq2
PRJNA1162922	1	1	1	1	True	1	0	0.0	False			RNA-Seq|TRANSCRIPTOMIC SINGLE CELL|cDNA	smart-seq3
PRJNA1199928	1	1	1	1	True	1	0	0.0	False			WGA|METAGENOMIC|MDA	96-well
PRJNA1226360	1	3	3	3	False	2	0	0.0	False			Hi-C|GENOMIC|Restriction Digest;WGS|GENOMIC|RANDOM	smart-seq2
PRJNA1228558	1	1	1	1	True	1	0	0.0	False			OTHER|GENOMIC|other	384-well
PRJNA1251540	1	1	1	1	True	1	0	0.0	False			RNA-Seq|TRANSCRIPTOMIC SINGLE CELL|cDNA	smart-seq3
PRJNA1252130	1	12	12	12	False	1	0	0.0	False			RNA-Seq|TRANSCRIPTOMIC|cDNA	96-well
PRJNA1294292	1	1	1	1	True	1	0	0.0	False			RNA-Seq|TRANSCRIPTOMIC SINGLE CELL|cDNA	smart-seq2
PRJNA1304262	1	1	1	1	True	1	1	1.0	False		1.0	RNA-Seq|TRANSCRIPTOMIC SINGLE CELL|cDNA	benchmark GSE305031
PRJNA1334314	1	1	1	1	True	1	0	0.0	False			RNA-Seq|TRANSCRIPTOMIC SINGLE CELL|cDNA	smart-seq3
PRJNA1402735	1	8	8	8	False	1	0	0.0	False			RNA-Seq|TRANSCRIPTOMIC|cDNA	SMART-Seq v4
PRJNA1403380	1	1	4266	4266	False	1	0	0.0	False			RNA-Seq|TRANSCRIPTOMIC SINGLE CELL|cDNA	smart-seq3
PRJNA1429303	1	1	4	4	False	1	0	0.0	False			RNA-Seq|TRANSCRIPTOMIC SINGLE CELL|cDNA	384-well
PRJNA1479856	1	1	1	1	True	1	0	0.0	False			RNA-Seq|TRANSCRIPTOMIC SINGLE CELL|cDNA	96-well
PRJNA283181	1	1	1	1	True	1	0	0.0	False			RNA-Seq|TRANSCRIPTOMIC|cDNA	CEL-seq
PRJNA322518	1	1	1	1	True	1	0	0.0	False			RNA-Seq|TRANSCRIPTOMIC|cDNA	MARS-seq
PRJNA422575	1	18	18	18	False	1	0	0.0	False			WXS|GENOMIC|Hybrid Selection	96-well
PRJNA482659	1	1	1	1	True	1	0	0.0	False			RNA-Seq|TRANSCRIPTOMIC|cDNA	CEL-seq2;plate-based single cell
PRJNA482660	1	1	1	1	True	1	0	0.0	False			RNA-Seq|TRANSCRIPTOMIC|cDNA	CEL-seq2;plate-based single cell
PRJNA486514	1	1	1	1	True	1	0	0.0	False			RNA-Seq|TRANSCRIPTOMIC|cDNA	CEL-seq2;CEL-seq;plate-based single cell
PRJNA486516	1	1	1	1	True	1	0	0.0	False			RNA-Seq|TRANSCRIPTOMIC|cDNA	CEL-seq2;plate-based single cell
PRJNA523629	1	1	1	1	True	1	0	0.0	False			RNA-Seq|TRANSCRIPTOMIC|cDNA	CEL-seq2
PRJNA524539	1	10	10	10	False	1	0	0.0	False			Targeted-Capture|GENOMIC|PCR	96-well
PRJNA546235	1	1	384	384	False	1	0	0.0	False			RNA-Seq|TRANSCRIPTOMIC|cDNA	smartseq2;384-well
PRJNA592552	1	1	2	2	False	1	0	0.0	False			RNA-Seq|TRANSCRIPTOMIC|cDNA	384-well
PRJNA608758	1	80	80	80	False	1	0	0.0	False			AMPLICON|GENOMIC|RANDOM PCR	96-well
PRJNA622464	1	1	384	384	False	1	0	0.0	False			RNA-Seq|TRANSCRIPTOMIC|cDNA	smart-seq2
PRJNA663611	1	1	1	1	True	1	0	0.0	False			OTHER|TRANSCRIPTOMIC|other	smart-seq2
PRJNA702190	1	1	6	6	False	1	0	0.0	False			RNA-Seq|TRANSCRIPTOMIC|cDNA	MARS-seq
PRJNA721091	1	645	645	645	False	1	0	0.0	False			AMPLICON|GENOMIC|PCR	96-well
PRJNA725879	1	291	291	291	False	3	0	0.0	False			Hi-C|OTHER|unspecified;RNA-Seq|TRANSCRIPTOMIC SINGLE CELL|cDNA;WGS|GENOMIC|unspecified	smartseq2
PRJNA733149	1	1	1	1	True	1	0	0.0	False			RNA-Seq|TRANSCRIPTOMIC|cDNA	SCRB-seq
PRJNA754396	1	1	1	1	True	1	0	0.0	False			RNA-Seq|TRANSCRIPTOMIC|cDNA	384-well
PRJNA758407	1	1	5	5	False	1	1	1.0	False		1.0	RNA-Seq|TRANSCRIPTOMIC|cDNA	96-well
PRJNA760458	1	1	12	12	False	1	0	0.0	False			RNA-Seq|TRANSCRIPTOMIC|cDNA	CEL-seq
PRJNA773779	1	1	8	8	False	1	0	0.0	False			ATAC-seq|GENOMIC|other	STRT-seq
PRJNA774147	1	18	18	18	False	1	0	0.0	False			Bisulfite-Seq|GENOMIC SINGLE CELL|RANDOM	plate-based single cell
PRJNA812500	1	1	1	1	True	1	0	0.0	False			RNA-Seq|TRANSCRIPTOMIC|cDNA	96-well
PRJNA863307	1	1	1	1	True	1	0	0.0	False			RNA-Seq|TRANSCRIPTOMIC|cDNA	SCRB-seq
PRJNA864030	1	1	1	1	True	1	0	0.0	False			RNA-Seq|TRANSCRIPTOMIC SINGLE CELL|cDNA	plate-based single cell
PRJNA870142	1	1	3	3	False	1	0	0.0	False			RNA-Seq|TRANSCRIPTOMIC|cDNA	MARS-seq
PRJNA877787	1	56	56	56	False	1	0	0.0	False			RNA-Seq|TRANSCRIPTOMIC SINGLE CELL|Oligo-dT	smart-seq2
PRJNA891643	1	1	2	2	False	1	0	0.0	False			RNA-Seq|TRANSCRIPTOMIC SINGLE CELL|cDNA	CEL-seq2
PRJNA984641	1	1	2	2	False	1	0	0.0	False			RNA-Seq|TRANSCRIPTOMIC SINGLE CELL|cDNA	96-well
PRJNA997719	1	6	6	6	False	1	0	0.0	False			RNA-Seq|TRANSCRIPTOMIC|PCR	smart-seq2
